Timestamp,ACE_KW(kW)
18-Jul-23 2:15 PM ICT,63.6
18-Jul-23 2:20 PM ICT,63.6
18-Jul-23 2:25 PM ICT,61.6
18-Jul-23 2:30 PM ICT,55.9
18-Jul-23 2:35 PM ICT,57.8
18-Jul-23 2:40 PM ICT,62.2
18-Jul-23 2:45 PM ICT,66.7
18-Jul-23 2:50 PM ICT,70.5
18-Jul-23 2:55 PM ICT,59.5
18-Jul-23 3:00 PM ICT,66.8
18-Jul-23 3:05 PM ICT,74.7
18-Jul-23 3:10 PM ICT,78.0
18-Jul-23 3:15 PM ICT,74.7
18-Jul-23 3:20 PM ICT,77.0
18-Jul-23 3:25 PM ICT,117.5
18-Jul-23 3:30 PM ICT,118.7
18-Jul-23 3:35 PM ICT,121.0
18-Jul-23 3:40 PM ICT,123.0
18-Jul-23 3:45 PM ICT,124.3
18-Jul-23 3:50 PM ICT,121.8
18-Jul-23 3:55 PM ICT,92.6
18-Jul-23 4:00 PM ICT,56.2
18-Jul-23 4:05 PM ICT,108.1
18-Jul-23 4:10 PM ICT,92.0
18-Jul-23 4:15 PM ICT,63.0
18-Jul-23 4:20 PM ICT,66.3
18-Jul-23 4:25 PM ICT,15.6
18-Jul-23 4:30 PM ICT,13.3
18-Jul-23 4:35 PM ICT,27.1
18-Jul-23 4:40 PM ICT,28.0
18-Jul-23 4:45 PM ICT,24.8
18-Jul-23 4:50 PM ICT,22.9
18-Jul-23 4:55 PM ICT,20.9
18-Jul-23 5:00 PM ICT,24.0
18-Jul-23 5:05 PM ICT,25.0
18-Jul-23 5:10 PM ICT,27.2
18-Jul-23 5:15 PM ICT,31.1
18-Jul-23 5:20 PM ICT,27.2
18-Jul-23 5:25 PM ICT,23.8
18-Jul-23 5:30 PM ICT,22.7
18-Jul-23 5:35 PM ICT,21.8
18-Jul-23 5:40 PM ICT,21.2
18-Jul-23 5:45 PM ICT,19.5
18-Jul-23 5:50 PM ICT,16.2
18-Jul-23 5:55 PM ICT,13.7
18-Jul-23 6:00 PM ICT,11.8
18-Jul-23 6:05 PM ICT,10.3
18-Jul-23 6:10 PM ICT,8.6
18-Jul-23 6:15 PM ICT,6.5
18-Jul-23 6:20 PM ICT,4.4
18-Jul-23 6:25 PM ICT,2.8
18-Jul-23 6:30 PM ICT,1.5
18-Jul-23 6:35 PM ICT,0.4
18-Jul-23 6:40 PM ICT,0.2
18-Jul-23 6:45 PM ICT,0.6
18-Jul-23 6:50 PM ICT,0.6
18-Jul-23 6:55 PM ICT,0.4
18-Jul-23 7:00 PM ICT,0.4
18-Jul-23 7:05 PM ICT,0.5
18-Jul-23 7:10 PM ICT,0.7
18-Jul-23 7:15 PM ICT,0.7
18-Jul-23 7:20 PM ICT,0.8
18-Jul-23 7:25 PM ICT,0.7
18-Jul-23 7:30 PM ICT,0.7
18-Jul-23 7:35 PM ICT,0.5
18-Jul-23 7:40 PM ICT,0.3
18-Jul-23 7:45 PM ICT,0.3
18-Jul-23 7:50 PM ICT,0.3
18-Jul-23 7:55 PM ICT,0.5
18-Jul-23 8:00 PM ICT,0.5
18-Jul-23 8:05 PM ICT,0.6
18-Jul-23 8:10 PM ICT,0.9
18-Jul-23 8:15 PM ICT,0.7
18-Jul-23 8:20 PM ICT,0.7
18-Jul-23 8:25 PM ICT,0.7
18-Jul-23 8:30 PM ICT,0.5
18-Jul-23 8:35 PM ICT,0.4
18-Jul-23 8:40 PM ICT,0.3
18-Jul-23 8:45 PM ICT,0.3
18-Jul-23 8:50 PM ICT,0.5
18-Jul-23 8:55 PM ICT,0.7
18-Jul-23 9:00 PM ICT,0.5
18-Jul-23 9:05 PM ICT,0.4
18-Jul-23 9:10 PM ICT,0.7
18-Jul-23 9:15 PM ICT,0.7
18-Jul-23 9:20 PM ICT,0.8
18-Jul-23 9:25 PM ICT,0.7
18-Jul-23 9:30 PM ICT,0.5
18-Jul-23 9:35 PM ICT,0.4
18-Jul-23 9:40 PM ICT,0.5
18-Jul-23 9:45 PM ICT,0.3
18-Jul-23 9:50 PM ICT,0.5
18-Jul-23 9:55 PM ICT,0.5
18-Jul-23 10:00 PM ICT,0.4
18-Jul-23 10:05 PM ICT,0.3
18-Jul-23 10:10 PM ICT,0.5
18-Jul-23 10:15 PM ICT,0.7
18-Jul-23 10:20 PM ICT,0.8
18-Jul-23 10:25 PM ICT,0.9
18-Jul-23 10:30 PM ICT,0.5
18-Jul-23 10:35 PM ICT,0.3
18-Jul-23 10:40 PM ICT,0.3
18-Jul-23 10:45 PM ICT,0.4
18-Jul-23 10:50 PM ICT,0.5
18-Jul-23 10:55 PM ICT,0.5
18-Jul-23 11:00 PM ICT,0.4
18-Jul-23 11:05 PM ICT,0.5
18-Jul-23 11:10 PM ICT,0.5
18-Jul-23 11:15 PM ICT,0.7
18-Jul-23 11:20 PM ICT,0.8
18-Jul-23 11:25 PM ICT,0.8
18-Jul-23 11:30 PM ICT,0.5
18-Jul-23 11:35 PM ICT,0.3
18-Jul-23 11:40 PM ICT,0.3
18-Jul-23 11:45 PM ICT,0.7
18-Jul-23 11:50 PM ICT,0.6
18-Jul-23 11:55 PM ICT,0.4
19-Jul-23 12:00 AM ICT,0.3
19-Jul-23 12:05 AM ICT,0.3
19-Jul-23 12:10 AM ICT,0.5
19-Jul-23 12:15 AM ICT,0.7
19-Jul-23 12:20 AM ICT,0.8
19-Jul-23 12:25 AM ICT,0.9
19-Jul-23 12:30 AM ICT,0.7
19-Jul-23 12:35 AM ICT,0.5
19-Jul-23 12:40 AM ICT,0.4
19-Jul-23 12:45 AM ICT,0.5
19-Jul-23 12:50 AM ICT,0.5
19-Jul-23 12:55 AM ICT,0.4
19-Jul-23 1:00 AM ICT,0.3
19-Jul-23 1:05 AM ICT,0.5
19-Jul-23 1:10 AM ICT,0.5
19-Jul-23 1:15 AM ICT,0.7
19-Jul-23 1:20 AM ICT,0.7
19-Jul-23 1:25 AM ICT,0.7
19-Jul-23 1:30 AM ICT,0.7
19-Jul-23 1:35 AM ICT,0.6
19-Jul-23 1:40 AM ICT,0.5
19-Jul-23 1:45 AM ICT,0.7
19-Jul-23 1:50 AM ICT,0.4
19-Jul-23 1:55 AM ICT,0.3
19-Jul-23 2:00 AM ICT,0.4
19-Jul-23 2:05 AM ICT,0.4
19-Jul-23 2:10 AM ICT,0.5
19-Jul-23 2:15 AM ICT,0.5
19-Jul-23 2:20 AM ICT,0.6
19-Jul-23 2:25 AM ICT,0.7
19-Jul-23 2:30 AM ICT,0.7
19-Jul-23 2:35 AM ICT,0.8
19-Jul-23 2:40 AM ICT,0.6
19-Jul-23 2:45 AM ICT,0.6
19-Jul-23 2:50 AM ICT,0.4
19-Jul-23 2:55 AM ICT,0.3
19-Jul-23 3:00 AM ICT,0.3
19-Jul-23 3:05 AM ICT,0.5
19-Jul-23 3:10 AM ICT,0.6
19-Jul-23 3:15 AM ICT,0.5
19-Jul-23 3:20 AM ICT,0.4
19-Jul-23 3:25 AM ICT,0.6
19-Jul-23 3:30 AM ICT,0.6
19-Jul-23 3:35 AM ICT,0.8
19-Jul-23 3:40 AM ICT,0.7
19-Jul-23 3:45 AM ICT,0.6
19-Jul-23 3:50 AM ICT,0.6
19-Jul-23 3:55 AM ICT,0.4
19-Jul-23 4:00 AM ICT,0.4
19-Jul-23 4:05 AM ICT,0.5
19-Jul-23 4:10 AM ICT,0.5
19-Jul-23 4:15 AM ICT,0.5
19-Jul-23 4:20 AM ICT,0.4
19-Jul-23 4:25 AM ICT,0.8
19-Jul-23 4:30 AM ICT,0.7
19-Jul-23 4:35 AM ICT,0.7
19-Jul-23 4:40 AM ICT,0.7
19-Jul-23 4:45 AM ICT,0.4
19-Jul-23 4:50 AM ICT,0.4
19-Jul-23 4:55 AM ICT,0.5
19-Jul-23 5:00 AM ICT,0.7
19-Jul-23 5:05 AM ICT,0.7
19-Jul-23 5:10 AM ICT,0.6
19-Jul-23 5:15 AM ICT,0.3
19-Jul-23 5:20 AM ICT,0.3
19-Jul-23 5:25 AM ICT,0.4
19-Jul-23 5:30 AM ICT,0.7
19-Jul-23 5:35 AM ICT,0.7
19-Jul-23 5:40 AM ICT,0.7
19-Jul-23 5:45 AM ICT,0.7
19-Jul-23 5:50 AM ICT,0.3
19-Jul-23 5:55 AM ICT,0.2
19-Jul-23 6:00 AM ICT,0.5
19-Jul-23 6:05 AM ICT,1.4
19-Jul-23 6:10 AM ICT,2.6
19-Jul-23 6:15 AM ICT,4.0
19-Jul-23 6:20 AM ICT,4.7
19-Jul-23 6:25 AM ICT,6.3
19-Jul-23 6:30 AM ICT,7.9
19-Jul-23 6:35 AM ICT,9.6
19-Jul-23 6:40 AM ICT,11.6
19-Jul-23 6:45 AM ICT,12.2
19-Jul-23 6:50 AM ICT,12.2
19-Jul-23 6:55 AM ICT,14.1
19-Jul-23 7:00 AM ICT,16.7
19-Jul-23 7:05 AM ICT,20.1
19-Jul-23 7:10 AM ICT,23.3
19-Jul-23 7:15 AM ICT,25.0
19-Jul-23 7:20 AM ICT,24.0
19-Jul-23 7:25 AM ICT,23.5
19-Jul-23 7:30 AM ICT,22.8
19-Jul-23 7:35 AM ICT,25.9
19-Jul-23 7:40 AM ICT,29.2
19-Jul-23 7:45 AM ICT,27.5
19-Jul-23 7:50 AM ICT,28.4
19-Jul-23 7:55 AM ICT,30.4
19-Jul-23 8:00 AM ICT,36.4
19-Jul-23 8:05 AM ICT,53.1
19-Jul-23 8:10 AM ICT,58.7
19-Jul-23 8:15 AM ICT,59.1
19-Jul-23 8:20 AM ICT,74.3
19-Jul-23 8:25 AM ICT,78.6
19-Jul-23 8:30 AM ICT,75.8
19-Jul-23 8:35 AM ICT,69.3
19-Jul-23 8:40 AM ICT,74.6
19-Jul-23 8:45 AM ICT,80.4
19-Jul-23 8:50 AM ICT,87.9
19-Jul-23 8:55 AM ICT,89.3
19-Jul-23 9:00 AM ICT,88.6
19-Jul-23 9:05 AM ICT,99.6
19-Jul-23 9:10 AM ICT,102.9
19-Jul-23 9:15 AM ICT,103.1
19-Jul-23 9:20 AM ICT,116.2
19-Jul-23 9:25 AM ICT,125.5
19-Jul-23 9:30 AM ICT,123.8
19-Jul-23 9:35 AM ICT,128.8
19-Jul-23 9:40 AM ICT,124.8
19-Jul-23 9:45 AM ICT,125.7
19-Jul-23 9:50 AM ICT,121.2
19-Jul-23 9:55 AM ICT,110.9
19-Jul-23 10:00 AM ICT,105.0
19-Jul-23 10:05 AM ICT,102.6
19-Jul-23 10:10 AM ICT,97.6
19-Jul-23 10:15 AM ICT,107.0
19-Jul-23 10:20 AM ICT,112.7
19-Jul-23 10:25 AM ICT,136.8
19-Jul-23 10:30 AM ICT,167.8
19-Jul-23 10:35 AM ICT,174.3
19-Jul-23 10:40 AM ICT,170.5
19-Jul-23 10:45 AM ICT,173.7
19-Jul-23 10:50 AM ICT,166.0
19-Jul-23 10:55 AM ICT,154.8
19-Jul-23 11:00 AM ICT,146.5
19-Jul-23 11:05 AM ICT,149.6
19-Jul-23 11:10 AM ICT,147.4
19-Jul-23 11:15 AM ICT,157.9
19-Jul-23 11:20 AM ICT,160.6
19-Jul-23 11:25 AM ICT,156.1
19-Jul-23 11:30 AM ICT,158.8
19-Jul-23 11:35 AM ICT,177.2
19-Jul-23 11:40 AM ICT,185.7
19-Jul-23 11:45 AM ICT,190.1
19-Jul-23 11:50 AM ICT,194.3
19-Jul-23 11:55 AM ICT,198.3
19-Jul-23 12:00 PM ICT,181.8
19-Jul-23 12:05 PM ICT,174.1
19-Jul-23 12:10 PM ICT,155.1
19-Jul-23 12:15 PM ICT,163.9
19-Jul-23 12:20 PM ICT,155.7
19-Jul-23 12:25 PM ICT,162.3
19-Jul-23 12:30 PM ICT,178.1
19-Jul-23 12:35 PM ICT,175.5
19-Jul-23 12:40 PM ICT,178.0
19-Jul-23 12:45 PM ICT,159.6
19-Jul-23 12:50 PM ICT,178.0
19-Jul-23 12:55 PM ICT,161.4
19-Jul-23 1:00 PM ICT,164.9
19-Jul-23 1:05 PM ICT,165.9
19-Jul-23 1:10 PM ICT,142.2
19-Jul-23 1:15 PM ICT,144.5
19-Jul-23 1:20 PM ICT,143.6
19-Jul-23 1:25 PM ICT,131.7
19-Jul-23 1:30 PM ICT,112.5
19-Jul-23 1:35 PM ICT,112.6
19-Jul-23 1:40 PM ICT,116.2
19-Jul-23 1:45 PM ICT,73.3
19-Jul-23 1:50 PM ICT,66.3
19-Jul-23 1:55 PM ICT,72.4
19-Jul-23 2:00 PM ICT,68.2
19-Jul-23 2:05 PM ICT,76.6
19-Jul-23 2:10 PM ICT,98.8
19-Jul-23 2:15 PM ICT,98.4
19-Jul-23 2:20 PM ICT,82.0
19-Jul-23 2:25 PM ICT,68.4
19-Jul-23 2:30 PM ICT,46.6
19-Jul-23 2:35 PM ICT,36.3
19-Jul-23 2:40 PM ICT,61.8
19-Jul-23 2:45 PM ICT,70.8
19-Jul-23 2:50 PM ICT,67.0
19-Jul-23 2:55 PM ICT,82.0
19-Jul-23 3:00 PM ICT,114.3
19-Jul-23 3:05 PM ICT,123.9
19-Jul-23 3:10 PM ICT,135.7
19-Jul-23 3:15 PM ICT,127.5
19-Jul-23 3:20 PM ICT,122.0
19-Jul-23 3:25 PM ICT,73.7
19-Jul-23 3:30 PM ICT,80.5
19-Jul-23 3:35 PM ICT,115.7
19-Jul-23 3:40 PM ICT,97.3
19-Jul-23 3:45 PM ICT,100.6
19-Jul-23 3:50 PM ICT,117.9
19-Jul-23 3:55 PM ICT,99.6
19-Jul-23 4:00 PM ICT,76.7
19-Jul-23 4:05 PM ICT,66.0
19-Jul-23 4:10 PM ICT,64.5
19-Jul-23 4:15 PM ICT,81.6
19-Jul-23 4:20 PM ICT,88.3
19-Jul-23 4:25 PM ICT,82.1
19-Jul-23 4:30 PM ICT,75.9
19-Jul-23 4:35 PM ICT,70.5
19-Jul-23 4:40 PM ICT,72.5
19-Jul-23 4:45 PM ICT,60.6
19-Jul-23 4:50 PM ICT,61.6
19-Jul-23 4:55 PM ICT,58.3
19-Jul-23 5:00 PM ICT,57.2
19-Jul-23 5:05 PM ICT,50.9
19-Jul-23 5:10 PM ICT,48.9
19-Jul-23 5:15 PM ICT,43.8
19-Jul-23 5:20 PM ICT,34.7
19-Jul-23 5:25 PM ICT,21.3
19-Jul-23 5:30 PM ICT,9.7
19-Jul-23 5:35 PM ICT,10.5
19-Jul-23 5:40 PM ICT,9.2
19-Jul-23 5:45 PM ICT,7.9
19-Jul-23 5:50 PM ICT,6.9
19-Jul-23 5:55 PM ICT,6.2
19-Jul-23 6:00 PM ICT,5.4
19-Jul-23 6:05 PM ICT,4.6
19-Jul-23 6:10 PM ICT,4.0
19-Jul-23 6:15 PM ICT,3.3
19-Jul-23 6:20 PM ICT,2.6
19-Jul-23 6:25 PM ICT,1.7
19-Jul-23 6:30 PM ICT,1.0
19-Jul-23 6:35 PM ICT,0.5
19-Jul-23 6:40 PM ICT,0.3
19-Jul-23 6:45 PM ICT,0.8
19-Jul-23 6:50 PM ICT,0.6
19-Jul-23 6:55 PM ICT,0.6
19-Jul-23 7:00 PM ICT,0.6
19-Jul-23 7:05 PM ICT,0.7
19-Jul-23 7:10 PM ICT,0.6
19-Jul-23 7:15 PM ICT,0.6
19-Jul-23 7:20 PM ICT,0.7
19-Jul-23 7:25 PM ICT,0.8
19-Jul-23 7:30 PM ICT,1.1
19-Jul-23 7:35 PM ICT,0.9
19-Jul-23 7:40 PM ICT,0.6
19-Jul-23 7:45 PM ICT,0.5
19-Jul-23 7:50 PM ICT,0.6
19-Jul-23 7:55 PM ICT,0.7
19-Jul-23 8:00 PM ICT,0.7
19-Jul-23 8:05 PM ICT,0.7
19-Jul-23 8:10 PM ICT,0.7
19-Jul-23 8:15 PM ICT,0.6
19-Jul-23 8:20 PM ICT,0.7
19-Jul-23 8:25 PM ICT,0.8
19-Jul-23 8:30 PM ICT,0.9
19-Jul-23 8:35 PM ICT,0.8
19-Jul-23 8:40 PM ICT,0.7
19-Jul-23 8:45 PM ICT,0.6
19-Jul-23 8:50 PM ICT,0.6
19-Jul-23 8:55 PM ICT,1.0
19-Jul-23 9:00 PM ICT,0.7
19-Jul-23 9:05 PM ICT,0.6
19-Jul-23 9:10 PM ICT,0.5
19-Jul-23 9:15 PM ICT,0.5
19-Jul-23 9:20 PM ICT,0.6
19-Jul-23 9:25 PM ICT,0.8
19-Jul-23 9:30 PM ICT,0.9
19-Jul-23 9:35 PM ICT,1.0
19-Jul-23 9:40 PM ICT,0.9
19-Jul-23 9:45 PM ICT,0.7
19-Jul-23 9:50 PM ICT,0.6
19-Jul-23 9:55 PM ICT,0.7
19-Jul-23 10:00 PM ICT,0.6
19-Jul-23 10:05 PM ICT,0.6
19-Jul-23 10:10 PM ICT,0.6
19-Jul-23 10:15 PM ICT,0.6
19-Jul-23 10:20 PM ICT,0.9
19-Jul-23 10:25 PM ICT,0.6
19-Jul-23 10:30 PM ICT,0.8
19-Jul-23 10:35 PM ICT,0.8
19-Jul-23 10:40 PM ICT,0.8
19-Jul-23 10:45 PM ICT,0.8
19-Jul-23 10:50 PM ICT,0.7
19-Jul-23 10:55 PM ICT,0.7
19-Jul-23 11:00 PM ICT,0.8
19-Jul-23 11:05 PM ICT,0.7
19-Jul-23 11:10 PM ICT,0.6
19-Jul-23 11:15 PM ICT,0.6
19-Jul-23 11:20 PM ICT,0.6
19-Jul-23 11:25 PM ICT,0.6
19-Jul-23 11:30 PM ICT,0.5
19-Jul-23 11:35 PM ICT,0.7
19-Jul-23 11:40 PM ICT,0.9
19-Jul-23 11:45 PM ICT,1.0
19-Jul-23 11:50 PM ICT,1.0
19-Jul-23 11:55 PM ICT,0.8
20-Jul-23 12:00 AM ICT,0.5
20-Jul-23 12:05 AM ICT,0.6
20-Jul-23 12:10 AM ICT,0.6
20-Jul-23 12:15 AM ICT,0.7
20-Jul-23 12:20 AM ICT,0.7
20-Jul-23 12:25 AM ICT,0.6
20-Jul-23 12:30 AM ICT,0.7
20-Jul-23 12:35 AM ICT,0.6
20-Jul-23 12:40 AM ICT,0.6
20-Jul-23 12:45 AM ICT,0.9
20-Jul-23 12:50 AM ICT,0.9
20-Jul-23 12:55 AM ICT,0.8
20-Jul-23 1:00 AM ICT,0.7
20-Jul-23 1:05 AM ICT,0.6
20-Jul-23 1:10 AM ICT,0.6
20-Jul-23 1:15 AM ICT,1.0
20-Jul-23 1:20 AM ICT,0.7
20-Jul-23 1:25 AM ICT,0.6
20-Jul-23 1:30 AM ICT,0.6
20-Jul-23 1:35 AM ICT,0.5
20-Jul-23 1:40 AM ICT,0.6
20-Jul-23 1:45 AM ICT,0.7
20-Jul-23 1:50 AM ICT,0.9
20-Jul-23 1:55 AM ICT,1.1
20-Jul-23 2:00 AM ICT,0.7
20-Jul-23 2:05 AM ICT,0.7
20-Jul-23 2:10 AM ICT,0.6
20-Jul-23 2:15 AM ICT,0.6
20-Jul-23 2:20 AM ICT,0.6
20-Jul-23 2:25 AM ICT,0.5
20-Jul-23 2:30 AM ICT,0.5
20-Jul-23 2:35 AM ICT,0.7
20-Jul-23 2:40 AM ICT,0.9
20-Jul-23 2:45 AM ICT,0.7
20-Jul-23 2:50 AM ICT,0.6
20-Jul-23 2:55 AM ICT,0.8
20-Jul-23 3:00 AM ICT,0.8
20-Jul-23 3:05 AM ICT,0.8
20-Jul-23 3:10 AM ICT,0.8
20-Jul-23 3:15 AM ICT,0.8
20-Jul-23 3:20 AM ICT,0.7
20-Jul-23 3:25 AM ICT,0.6
20-Jul-23 3:30 AM ICT,0.5
20-Jul-23 3:35 AM ICT,0.6
20-Jul-23 3:40 AM ICT,0.6
20-Jul-23 3:45 AM ICT,0.6
20-Jul-23 3:50 AM ICT,0.5
20-Jul-23 3:55 AM ICT,0.7
20-Jul-23 4:00 AM ICT,0.8
20-Jul-23 4:05 AM ICT,1.2
20-Jul-23 4:10 AM ICT,0.9
20-Jul-23 4:15 AM ICT,0.7
20-Jul-23 4:20 AM ICT,0.6
20-Jul-23 4:25 AM ICT,0.5
20-Jul-23 4:30 AM ICT,0.5
20-Jul-23 4:35 AM ICT,0.7
20-Jul-23 4:40 AM ICT,0.6
20-Jul-23 4:45 AM ICT,0.6
20-Jul-23 4:50 AM ICT,0.6
20-Jul-23 4:55 AM ICT,0.7
20-Jul-23 5:00 AM ICT,0.9
20-Jul-23 5:05 AM ICT,0.9
20-Jul-23 5:10 AM ICT,0.9
20-Jul-23 5:15 AM ICT,0.7
20-Jul-23 5:20 AM ICT,0.5
20-Jul-23 5:25 AM ICT,0.6
20-Jul-23 5:30 AM ICT,0.7
20-Jul-23 5:35 AM ICT,0.8
20-Jul-23 5:40 AM ICT,0.6
20-Jul-23 5:45 AM ICT,0.5
20-Jul-23 5:50 AM ICT,0.3
20-Jul-23 5:55 AM ICT,0.5
20-Jul-23 6:00 AM ICT,1.6
20-Jul-23 6:05 AM ICT,3.3
20-Jul-23 6:10 AM ICT,5.7
20-Jul-23 6:15 AM ICT,8.5
20-Jul-23 6:20 AM ICT,11.7
20-Jul-23 6:25 AM ICT,14.2
20-Jul-23 6:30 AM ICT,15.8
20-Jul-23 6:35 AM ICT,17.0
20-Jul-23 6:40 AM ICT,20.1
20-Jul-23 6:45 AM ICT,22.7
20-Jul-23 6:50 AM ICT,24.9
20-Jul-23 6:55 AM ICT,26.0
20-Jul-23 7:00 AM ICT,26.3
20-Jul-23 7:05 AM ICT,28.0
20-Jul-23 7:10 AM ICT,30.7
20-Jul-23 7:15 AM ICT,39.4
20-Jul-23 7:20 AM ICT,66.8
20-Jul-23 7:25 AM ICT,77.3
20-Jul-23 7:30 AM ICT,68.2
20-Jul-23 7:35 AM ICT,64.5
20-Jul-23 7:40 AM ICT,72.1
20-Jul-23 7:45 AM ICT,82.5
20-Jul-23 7:50 AM ICT,112.7
20-Jul-23 7:55 AM ICT,110.2
20-Jul-23 8:00 AM ICT,103.7
20-Jul-23 8:05 AM ICT,103.6
20-Jul-23 8:10 AM ICT,76.9
20-Jul-23 8:15 AM ICT,59.2
20-Jul-23 8:20 AM ICT,26.4
20-Jul-23 8:25 AM ICT,11.2
20-Jul-23 8:30 AM ICT,24.8
20-Jul-23 8:35 AM ICT,24.2
20-Jul-23 8:40 AM ICT,16.3
20-Jul-23 8:45 AM ICT,18.1
20-Jul-23 8:50 AM ICT,42.5
20-Jul-23 8:55 AM ICT,67.1
20-Jul-23 9:00 AM ICT,69.2
20-Jul-23 9:05 AM ICT,85.8
20-Jul-23 9:10 AM ICT,66.9
20-Jul-23 9:15 AM ICT,42.7
20-Jul-23 9:20 AM ICT,40.6
20-Jul-23 9:25 AM ICT,43.5
20-Jul-23 9:30 AM ICT,44.4
20-Jul-23 9:35 AM ICT,43.6
20-Jul-23 9:40 AM ICT,39.4
20-Jul-23 9:45 AM ICT,43.9
20-Jul-23 9:50 AM ICT,43.1
20-Jul-23 9:55 AM ICT,32.9
20-Jul-23 10:00 AM ICT,32.3
20-Jul-23 10:05 AM ICT,33.4
20-Jul-23 10:10 AM ICT,27.7
20-Jul-23 10:15 AM ICT,28.3
20-Jul-23 10:20 AM ICT,17.8
20-Jul-23 10:25 AM ICT,19.9
20-Jul-23 10:30 AM ICT,16.8
20-Jul-23 10:35 AM ICT,22.8
20-Jul-23 10:40 AM ICT,23.5
20-Jul-23 10:45 AM ICT,25.3
20-Jul-23 10:50 AM ICT,29.4
20-Jul-23 10:55 AM ICT,31.9
20-Jul-23 11:00 AM ICT,36.1
20-Jul-23 11:05 AM ICT,39.0
20-Jul-23 11:10 AM ICT,45.4
20-Jul-23 11:15 AM ICT,44.9
20-Jul-23 11:20 AM ICT,51.2
20-Jul-23 11:25 AM ICT,54.3
20-Jul-23 11:30 AM ICT,56.0
20-Jul-23 11:35 AM ICT,60.4
20-Jul-23 11:40 AM ICT,67.7
20-Jul-23 11:45 AM ICT,76.4
20-Jul-23 11:50 AM ICT,84.2
20-Jul-23 11:55 AM ICT,94.1
20-Jul-23 12:00 PM ICT,92.3
20-Jul-23 12:05 PM ICT,90.0
20-Jul-23 12:10 PM ICT,89.0
20-Jul-23 12:15 PM ICT,101.5
20-Jul-23 12:20 PM ICT,103.2
20-Jul-23 12:25 PM ICT,135.4
20-Jul-23 12:30 PM ICT,179.2
20-Jul-23 12:35 PM ICT,165.3
20-Jul-23 12:40 PM ICT,228.0
20-Jul-23 12:45 PM ICT,203.2
20-Jul-23 12:50 PM ICT,239.8
20-Jul-23 12:55 PM ICT,149.5
20-Jul-23 1:00 PM ICT,212.4
20-Jul-23 1:05 PM ICT,147.0
20-Jul-23 1:10 PM ICT,125.4
20-Jul-23 1:15 PM ICT,106.1
20-Jul-23 1:20 PM ICT,106.4
20-Jul-23 1:25 PM ICT,103.0
20-Jul-23 1:30 PM ICT,77.4
20-Jul-23 1:35 PM ICT,81.0
20-Jul-23 1:40 PM ICT,201.7
20-Jul-23 1:45 PM ICT,209.0
20-Jul-23 1:50 PM ICT,145.2
20-Jul-23 1:55 PM ICT,138.9
20-Jul-23 2:00 PM ICT,100.4
20-Jul-23 2:05 PM ICT,123.2
20-Jul-23 2:10 PM ICT,127.9
20-Jul-23 2:15 PM ICT,78.4
20-Jul-23 2:20 PM ICT,91.2
20-Jul-23 2:25 PM ICT,108.7
20-Jul-23 2:30 PM ICT,129.0
20-Jul-23 2:35 PM ICT,127.9
20-Jul-23 2:40 PM ICT,177.9
20-Jul-23 2:45 PM ICT,202.5
20-Jul-23 2:50 PM ICT,112.1
20-Jul-23 2:55 PM ICT,99.7
20-Jul-23 3:00 PM ICT,151.5
20-Jul-23 3:05 PM ICT,83.5
20-Jul-23 3:10 PM ICT,165.0
20-Jul-23 3:15 PM ICT,166.8
20-Jul-23 3:20 PM ICT,96.5
20-Jul-23 3:25 PM ICT,59.4
20-Jul-23 3:30 PM ICT,123.8
20-Jul-23 3:35 PM ICT,165.1
20-Jul-23 3:40 PM ICT,153.6
20-Jul-23 3:45 PM ICT,148.6
20-Jul-23 3:50 PM ICT,142.7
20-Jul-23 3:55 PM ICT,131.7
20-Jul-23 4:00 PM ICT,76.9
20-Jul-23 4:05 PM ICT,36.2
20-Jul-23 4:10 PM ICT,29.7
20-Jul-23 4:15 PM ICT,27.1
20-Jul-23 4:20 PM ICT,19.8
20-Jul-23 4:25 PM ICT,26.2
20-Jul-23 4:30 PM ICT,27.4
20-Jul-23 4:35 PM ICT,14.0
20-Jul-23 4:40 PM ICT,14.7
20-Jul-23 4:45 PM ICT,15.5
20-Jul-23 4:50 PM ICT,6.0
20-Jul-23 4:55 PM ICT,9.9
20-Jul-23 5:00 PM ICT,14.7
20-Jul-23 5:05 PM ICT,26.2
20-Jul-23 5:10 PM ICT,25.8
20-Jul-23 5:15 PM ICT,27.4
20-Jul-23 5:20 PM ICT,23.5
20-Jul-23 5:25 PM ICT,23.9
20-Jul-23 5:30 PM ICT,25.3
20-Jul-23 5:35 PM ICT,23.7
20-Jul-23 5:40 PM ICT,19.4
20-Jul-23 5:45 PM ICT,16.3
20-Jul-23 5:50 PM ICT,12.9
20-Jul-23 5:55 PM ICT,11.2
20-Jul-23 6:00 PM ICT,10.1
20-Jul-23 6:05 PM ICT,9.0
20-Jul-23 6:10 PM ICT,7.6
20-Jul-23 6:15 PM ICT,6.5
20-Jul-23 6:20 PM ICT,5.4
20-Jul-23 6:25 PM ICT,3.9
20-Jul-23 6:30 PM ICT,2.4
20-Jul-23 6:35 PM ICT,0.9
20-Jul-23 6:40 PM ICT,0.3
20-Jul-23 6:45 PM ICT,0.4
20-Jul-23 6:50 PM ICT,0.4
20-Jul-23 6:55 PM ICT,0.6
20-Jul-23 7:00 PM ICT,0.7
20-Jul-23 7:05 PM ICT,0.6
20-Jul-23 7:10 PM ICT,0.5
20-Jul-23 7:15 PM ICT,0.6
20-Jul-23 7:20 PM ICT,0.7
20-Jul-23 7:25 PM ICT,0.6
20-Jul-23 7:30 PM ICT,0.5
20-Jul-23 7:35 PM ICT,0.6
20-Jul-23 7:40 PM ICT,0.6
20-Jul-23 7:45 PM ICT,0.5
20-Jul-23 7:50 PM ICT,0.5
20-Jul-23 7:55 PM ICT,0.7
20-Jul-23 8:00 PM ICT,0.7
20-Jul-23 8:05 PM ICT,0.5
20-Jul-23 8:10 PM ICT,0.3
20-Jul-23 8:15 PM ICT,0.5
20-Jul-23 8:20 PM ICT,0.7
20-Jul-23 8:25 PM ICT,0.9
20-Jul-23 8:30 PM ICT,0.8
20-Jul-23 8:35 PM ICT,0.5
20-Jul-23 8:40 PM ICT,0.5
20-Jul-23 8:45 PM ICT,0.5
20-Jul-23 8:50 PM ICT,0.6
20-Jul-23 8:55 PM ICT,0.5
20-Jul-23 9:00 PM ICT,0.5
20-Jul-23 9:05 PM ICT,0.4
20-Jul-23 9:10 PM ICT,0.6
20-Jul-23 9:15 PM ICT,0.6
20-Jul-23 9:20 PM ICT,0.9
20-Jul-23 9:25 PM ICT,0.7
20-Jul-23 9:30 PM ICT,0.6
20-Jul-23 9:35 PM ICT,0.5
20-Jul-23 9:40 PM ICT,0.3
20-Jul-23 9:45 PM ICT,0.4
20-Jul-23 9:50 PM ICT,0.5
20-Jul-23 9:55 PM ICT,0.6
20-Jul-23 10:00 PM ICT,0.6
20-Jul-23 10:05 PM ICT,0.8
20-Jul-23 10:10 PM ICT,0.5
20-Jul-23 10:15 PM ICT,0.5
20-Jul-23 10:20 PM ICT,0.6
20-Jul-23 10:25 PM ICT,0.6
20-Jul-23 10:30 PM ICT,0.5
20-Jul-23 10:35 PM ICT,0.5
20-Jul-23 10:40 PM ICT,0.4
20-Jul-23 10:45 PM ICT,0.8
20-Jul-23 10:50 PM ICT,0.7
20-Jul-23 10:55 PM ICT,0.8
20-Jul-23 11:00 PM ICT,0.4
20-Jul-23 11:05 PM ICT,0.4
20-Jul-23 11:10 PM ICT,0.4
20-Jul-23 11:15 PM ICT,0.6
20-Jul-23 11:20 PM ICT,0.6
20-Jul-23 11:25 PM ICT,0.7
20-Jul-23 11:30 PM ICT,0.7
20-Jul-23 11:35 PM ICT,0.9
20-Jul-23 11:40 PM ICT,1.0
20-Jul-23 11:45 PM ICT,0.7
20-Jul-23 11:50 PM ICT,0.6
20-Jul-23 11:55 PM ICT,0.5
21-Jul-23 12:00 AM ICT,0.5
21-Jul-23 12:05 AM ICT,0.6
21-Jul-23 12:10 AM ICT,0.5
21-Jul-23 12:15 AM ICT,0.4
21-Jul-23 12:20 AM ICT,0.5
21-Jul-23 12:25 AM ICT,0.7
21-Jul-23 12:30 AM ICT,0.8
21-Jul-23 12:35 AM ICT,0.8
21-Jul-23 12:40 AM ICT,0.6
21-Jul-23 12:45 AM ICT,0.6
21-Jul-23 12:50 AM ICT,0.4
21-Jul-23 12:55 AM ICT,0.3
21-Jul-23 1:00 AM ICT,0.5
21-Jul-23 1:05 AM ICT,0.5
21-Jul-23 1:10 AM ICT,0.7
21-Jul-23 1:15 AM ICT,0.7
21-Jul-23 1:20 AM ICT,0.6
21-Jul-23 1:25 AM ICT,0.6
21-Jul-23 1:30 AM ICT,0.5
21-Jul-23 1:35 AM ICT,0.6
21-Jul-23 1:40 AM ICT,0.6
21-Jul-23 1:45 AM ICT,0.5
21-Jul-23 1:50 AM ICT,0.4
21-Jul-23 1:55 AM ICT,0.4
21-Jul-23 2:00 AM ICT,0.9
21-Jul-23 2:05 AM ICT,0.9
21-Jul-23 2:10 AM ICT,0.6
21-Jul-23 2:15 AM ICT,0.4
21-Jul-23 2:20 AM ICT,0.3
21-Jul-23 2:25 AM ICT,0.4
21-Jul-23 2:30 AM ICT,0.5
21-Jul-23 2:35 AM ICT,0.5
21-Jul-23 2:40 AM ICT,0.8
21-Jul-23 2:45 AM ICT,0.6
21-Jul-23 2:50 AM ICT,0.8
21-Jul-23 2:55 AM ICT,0.8
21-Jul-23 3:00 AM ICT,0.6
21-Jul-23 3:05 AM ICT,0.5
21-Jul-23 3:10 AM ICT,0.3
21-Jul-23 3:15 AM ICT,0.3
21-Jul-23 3:20 AM ICT,0.6
21-Jul-23 3:25 AM ICT,0.7
21-Jul-23 3:30 AM ICT,0.6
21-Jul-23 3:35 AM ICT,0.6
21-Jul-23 3:40 AM ICT,0.5
21-Jul-23 3:45 AM ICT,0.7
21-Jul-23 3:50 AM ICT,0.7
21-Jul-23 3:55 AM ICT,0.6
21-Jul-23 4:00 AM ICT,0.7
21-Jul-23 4:05 AM ICT,0.4
21-Jul-23 4:10 AM ICT,0.5
21-Jul-23 4:15 AM ICT,0.4
21-Jul-23 4:20 AM ICT,0.4
21-Jul-23 4:25 AM ICT,0.6
21-Jul-23 4:30 AM ICT,0.6
21-Jul-23 4:35 AM ICT,0.7
21-Jul-23 4:40 AM ICT,0.4
21-Jul-23 4:45 AM ICT,0.4
21-Jul-23 4:50 AM ICT,0.6
21-Jul-23 4:55 AM ICT,0.4
21-Jul-23 5:00 AM ICT,0.6
21-Jul-23 5:05 AM ICT,0.4
21-Jul-23 5:10 AM ICT,0.5
21-Jul-23 5:15 AM ICT,0.8
21-Jul-23 5:20 AM ICT,0.6
21-Jul-23 5:25 AM ICT,0.6
21-Jul-23 5:30 AM ICT,0.3
21-Jul-23 5:35 AM ICT,0.5
21-Jul-23 5:40 AM ICT,0.3
21-Jul-23 5:45 AM ICT,0.4
21-Jul-23 5:50 AM ICT,0.2
21-Jul-23 5:55 AM ICT,1.0
21-Jul-23 6:00 AM ICT,2.5
21-Jul-23 6:05 AM ICT,4.3
21-Jul-23 6:10 AM ICT,6.5
21-Jul-23 6:15 AM ICT,8.7
21-Jul-23 6:20 AM ICT,12.8
21-Jul-23 6:25 AM ICT,16.1
21-Jul-23 6:30 AM ICT,14.7
21-Jul-23 6:35 AM ICT,13.2
21-Jul-23 6:40 AM ICT,24.0
21-Jul-23 6:45 AM ICT,30.8
21-Jul-23 6:50 AM ICT,42.0
21-Jul-23 6:55 AM ICT,43.8
21-Jul-23 7:00 AM ICT,35.3
21-Jul-23 7:05 AM ICT,23.7
21-Jul-23 7:10 AM ICT,14.4
21-Jul-23 7:15 AM ICT,21.8
21-Jul-23 7:20 AM ICT,29.7
21-Jul-23 7:25 AM ICT,25.7
21-Jul-23 7:30 AM ICT,30.5
21-Jul-23 7:35 AM ICT,30.4
21-Jul-23 7:40 AM ICT,27.5
21-Jul-23 7:45 AM ICT,30.6
21-Jul-23 7:50 AM ICT,33.1
21-Jul-23 7:55 AM ICT,12.4
21-Jul-23 8:00 AM ICT,12.9
21-Jul-23 8:05 AM ICT,12.0
21-Jul-23 8:10 AM ICT,9.1
21-Jul-23 8:15 AM ICT,8.0
21-Jul-23 8:20 AM ICT,7.1
21-Jul-23 8:25 AM ICT,8.2
21-Jul-23 8:30 AM ICT,14.9
21-Jul-23 8:35 AM ICT,16.6
21-Jul-23 8:40 AM ICT,37.2
21-Jul-23 8:45 AM ICT,54.3
21-Jul-23 8:50 AM ICT,58.3
21-Jul-23 8:55 AM ICT,71.2
21-Jul-23 9:00 AM ICT,88.3
21-Jul-23 9:05 AM ICT,100.0
21-Jul-23 9:10 AM ICT,87.1
21-Jul-23 9:15 AM ICT,78.9
21-Jul-23 9:20 AM ICT,69.6
21-Jul-23 9:25 AM ICT,63.7
21-Jul-23 9:30 AM ICT,54.0
21-Jul-23 9:35 AM ICT,68.3
21-Jul-23 9:40 AM ICT,99.6
21-Jul-23 9:45 AM ICT,141.9
21-Jul-23 9:50 AM ICT,208.4
21-Jul-23 9:55 AM ICT,165.8
21-Jul-23 10:00 AM ICT,109.7
21-Jul-23 10:05 AM ICT,123.6
21-Jul-23 10:10 AM ICT,112.5
21-Jul-23 10:15 AM ICT,74.5
21-Jul-23 10:20 AM ICT,78.0
21-Jul-23 10:25 AM ICT,63.5
21-Jul-23 10:30 AM ICT,49.9
21-Jul-23 10:35 AM ICT,84.5
21-Jul-23 10:40 AM ICT,151.3
21-Jul-23 10:45 AM ICT,189.4
21-Jul-23 10:50 AM ICT,225.0
21-Jul-23 10:55 AM ICT,232.5
21-Jul-23 11:00 AM ICT,218.3
21-Jul-23 11:05 AM ICT,206.8
21-Jul-23 11:10 AM ICT,128.3
21-Jul-23 11:15 AM ICT,113.4
21-Jul-23 11:20 AM ICT,233.9
21-Jul-23 11:25 AM ICT,197.1
21-Jul-23 11:30 AM ICT,151.1
21-Jul-23 11:35 AM ICT,77.4
21-Jul-23 11:40 AM ICT,135.3
21-Jul-23 11:45 AM ICT,66.2
21-Jul-23 11:50 AM ICT,34.9
21-Jul-23 11:55 AM ICT,81.3
21-Jul-23 12:00 PM ICT,49.9
21-Jul-23 12:05 PM ICT,22.0
21-Jul-23 12:10 PM ICT,26.0
21-Jul-23 12:15 PM ICT,59.3
21-Jul-23 12:20 PM ICT,89.5
21-Jul-23 12:25 PM ICT,231.1
21-Jul-23 12:30 PM ICT,213.1
21-Jul-23 12:35 PM ICT,140.2
21-Jul-23 12:40 PM ICT,112.3
21-Jul-23 12:45 PM ICT,88.2
21-Jul-23 12:50 PM ICT,26.6
21-Jul-23 12:55 PM ICT,44.0
21-Jul-23 1:00 PM ICT,86.9
21-Jul-23 1:05 PM ICT,82.7
21-Jul-23 1:10 PM ICT,46.2
21-Jul-23 1:15 PM ICT,69.3
21-Jul-23 1:20 PM ICT,90.6
21-Jul-23 1:25 PM ICT,152.9
21-Jul-23 1:30 PM ICT,105.9
21-Jul-23 1:35 PM ICT,134.2
21-Jul-23 1:40 PM ICT,132.1
21-Jul-23 1:45 PM ICT,133.7
21-Jul-23 1:50 PM ICT,165.5
21-Jul-23 1:55 PM ICT,133.7
21-Jul-23 2:00 PM ICT,65.8
21-Jul-23 2:05 PM ICT,202.5
21-Jul-23 2:10 PM ICT,84.1
21-Jul-23 2:15 PM ICT,89.9
21-Jul-23 2:20 PM ICT,75.1
21-Jul-23 2:25 PM ICT,51.4
21-Jul-23 2:30 PM ICT,46.7
21-Jul-23 2:35 PM ICT,148.5
21-Jul-23 2:40 PM ICT,154.2
21-Jul-23 2:45 PM ICT,163.5
21-Jul-23 2:50 PM ICT,173.5
21-Jul-23 2:55 PM ICT,108.4
21-Jul-23 3:00 PM ICT,114.2
21-Jul-23 3:05 PM ICT,136.5
21-Jul-23 3:10 PM ICT,93.5
21-Jul-23 3:15 PM ICT,65.9
21-Jul-23 3:20 PM ICT,110.3
21-Jul-23 3:25 PM ICT,169.0
21-Jul-23 3:30 PM ICT,169.5
21-Jul-23 3:35 PM ICT,119.1
21-Jul-23 3:40 PM ICT,76.6
21-Jul-23 3:45 PM ICT,60.0
21-Jul-23 3:50 PM ICT,28.8
21-Jul-23 3:55 PM ICT,27.0
21-Jul-23 4:00 PM ICT,42.2
21-Jul-23 4:05 PM ICT,33.4
21-Jul-23 4:10 PM ICT,24.9
21-Jul-23 4:15 PM ICT,31.5
21-Jul-23 4:20 PM ICT,43.5
21-Jul-23 4:25 PM ICT,49.5
21-Jul-23 4:30 PM ICT,47.1
21-Jul-23 4:35 PM ICT,17.9
21-Jul-23 4:40 PM ICT,7.1
21-Jul-23 4:45 PM ICT,6.1
21-Jul-23 4:50 PM ICT,8.8
21-Jul-23 4:55 PM ICT,11.2
21-Jul-23 5:00 PM ICT,6.2
21-Jul-23 5:05 PM ICT,4.6
21-Jul-23 5:10 PM ICT,8.4
21-Jul-23 5:15 PM ICT,10.8
21-Jul-23 5:20 PM ICT,22.5
21-Jul-23 5:25 PM ICT,25.3
21-Jul-23 5:30 PM ICT,17.6
21-Jul-23 5:35 PM ICT,17.8
21-Jul-23 5:40 PM ICT,14.7
21-Jul-23 5:45 PM ICT,13.7
21-Jul-23 5:50 PM ICT,11.7
21-Jul-23 5:55 PM ICT,18.3
21-Jul-23 6:00 PM ICT,22.3
21-Jul-23 6:05 PM ICT,22.0
21-Jul-23 6:10 PM ICT,19.4
21-Jul-23 6:15 PM ICT,20.8
21-Jul-23 6:20 PM ICT,21.4
21-Jul-23 6:25 PM ICT,23.4
21-Jul-23 6:30 PM ICT,3.4
21-Jul-23 6:35 PM ICT,0.7
21-Jul-23 6:40 PM ICT,0.6
21-Jul-23 6:45 PM ICT,0.6
21-Jul-23 6:50 PM ICT,0.6
21-Jul-23 6:55 PM ICT,0.6
21-Jul-23 7:00 PM ICT,0.9
21-Jul-23 7:05 PM ICT,0.7
21-Jul-23 7:10 PM ICT,0.8
21-Jul-23 7:15 PM ICT,0.4
21-Jul-23 7:20 PM ICT,0.6
21-Jul-23 7:25 PM ICT,0.5
21-Jul-23 7:30 PM ICT,0.7
21-Jul-23 7:35 PM ICT,0.7
21-Jul-23 7:40 PM ICT,0.5
21-Jul-23 7:45 PM ICT,0.6
21-Jul-23 7:50 PM ICT,0.9
21-Jul-23 7:55 PM ICT,0.6
21-Jul-23 8:00 PM ICT,0.8
21-Jul-23 8:05 PM ICT,0.6
21-Jul-23 8:10 PM ICT,0.4
21-Jul-23 8:15 PM ICT,0.5
21-Jul-23 8:20 PM ICT,0.5
21-Jul-23 8:25 PM ICT,0.5
21-Jul-23 8:30 PM ICT,0.9
21-Jul-23 8:35 PM ICT,0.5
21-Jul-23 8:40 PM ICT,0.4
21-Jul-23 8:45 PM ICT,0.7
21-Jul-23 8:50 PM ICT,0.6
21-Jul-23 8:55 PM ICT,0.7
21-Jul-23 9:00 PM ICT,0.7
21-Jul-23 9:05 PM ICT,0.5
21-Jul-23 9:10 PM ICT,0.6
21-Jul-23 9:15 PM ICT,0.7
21-Jul-23 9:20 PM ICT,0.5
21-Jul-23 9:25 PM ICT,0.6
21-Jul-23 9:30 PM ICT,0.7
21-Jul-23 9:35 PM ICT,0.4
21-Jul-23 9:40 PM ICT,0.5
21-Jul-23 9:45 PM ICT,0.5
21-Jul-23 9:50 PM ICT,0.8
21-Jul-23 9:55 PM ICT,1.0
21-Jul-23 10:00 PM ICT,0.7
21-Jul-23 10:05 PM ICT,0.4
21-Jul-23 10:10 PM ICT,0.5
21-Jul-23 10:15 PM ICT,0.6
21-Jul-23 10:20 PM ICT,0.6
21-Jul-23 10:25 PM ICT,0.6
21-Jul-23 10:30 PM ICT,0.6
21-Jul-23 10:35 PM ICT,0.6
21-Jul-23 10:40 PM ICT,0.5
21-Jul-23 10:45 PM ICT,0.5
21-Jul-23 10:50 PM ICT,0.6
21-Jul-23 10:55 PM ICT,0.8
21-Jul-23 11:00 PM ICT,0.7
21-Jul-23 11:05 PM ICT,0.7
21-Jul-23 11:10 PM ICT,0.5
21-Jul-23 11:15 PM ICT,0.5
21-Jul-23 11:20 PM ICT,0.6
21-Jul-23 11:25 PM ICT,0.6
21-Jul-23 11:30 PM ICT,0.5
21-Jul-23 11:35 PM ICT,0.5
21-Jul-23 11:40 PM ICT,0.6
21-Jul-23 11:45 PM ICT,0.6
21-Jul-23 11:50 PM ICT,0.5
21-Jul-23 11:55 PM ICT,0.7
22-Jul-23 12:00 AM ICT,0.8
22-Jul-23 12:05 AM ICT,0.6
22-Jul-23 12:10 AM ICT,0.6
22-Jul-23 12:15 AM ICT,0.5
22-Jul-23 12:20 AM ICT,0.7
22-Jul-23 12:25 AM ICT,0.6
22-Jul-23 12:30 AM ICT,0.6
22-Jul-23 12:35 AM ICT,0.5
22-Jul-23 12:40 AM ICT,0.5
22-Jul-23 12:45 AM ICT,0.6
22-Jul-23 12:50 AM ICT,0.6
22-Jul-23 12:55 AM ICT,0.8
22-Jul-23 1:00 AM ICT,0.5
22-Jul-23 1:05 AM ICT,0.6
22-Jul-23 1:10 AM ICT,0.6
22-Jul-23 1:15 AM ICT,0.6
22-Jul-23 1:20 AM ICT,0.6
22-Jul-23 1:25 AM ICT,0.7
22-Jul-23 1:30 AM ICT,0.5
22-Jul-23 1:35 AM ICT,0.6
22-Jul-23 1:40 AM ICT,0.4
22-Jul-23 1:45 AM ICT,0.4
22-Jul-23 1:50 AM ICT,0.6
22-Jul-23 1:55 AM ICT,0.7
22-Jul-23 2:00 AM ICT,0.5
22-Jul-23 2:05 AM ICT,0.7
22-Jul-23 2:10 AM ICT,0.4
22-Jul-23 2:15 AM ICT,0.7
22-Jul-23 2:20 AM ICT,0.8
22-Jul-23 2:25 AM ICT,0.8
22-Jul-23 2:30 AM ICT,0.6
22-Jul-23 2:35 AM ICT,0.5
22-Jul-23 2:40 AM ICT,0.4
22-Jul-23 2:45 AM ICT,0.7
22-Jul-23 2:50 AM ICT,0.9
22-Jul-23 2:55 AM ICT,0.6
22-Jul-23 3:00 AM ICT,0.5
22-Jul-23 3:05 AM ICT,0.5
22-Jul-23 3:10 AM ICT,0.4
22-Jul-23 3:15 AM ICT,0.5
22-Jul-23 3:20 AM ICT,0.7
22-Jul-23 3:25 AM ICT,0.7
22-Jul-23 3:30 AM ICT,0.7
22-Jul-23 3:35 AM ICT,0.5
22-Jul-23 3:40 AM ICT,0.5
22-Jul-23 3:45 AM ICT,0.6
22-Jul-23 3:50 AM ICT,0.8
22-Jul-23 3:55 AM ICT,0.7
22-Jul-23 4:00 AM ICT,0.6
22-Jul-23 4:05 AM ICT,0.5
22-Jul-23 4:10 AM ICT,0.6
22-Jul-23 4:15 AM ICT,0.6
22-Jul-23 4:20 AM ICT,0.8
22-Jul-23 4:25 AM ICT,0.6
22-Jul-23 4:30 AM ICT,0.4
22-Jul-23 4:35 AM ICT,0.4
22-Jul-23 4:40 AM ICT,0.6
22-Jul-23 4:45 AM ICT,0.7
22-Jul-23 4:50 AM ICT,0.8
22-Jul-23 4:55 AM ICT,0.5
22-Jul-23 5:00 AM ICT,0.4
22-Jul-23 5:05 AM ICT,0.4
22-Jul-23 5:10 AM ICT,0.6
22-Jul-23 5:15 AM ICT,0.8
22-Jul-23 5:20 AM ICT,0.8
22-Jul-23 5:25 AM ICT,0.6
22-Jul-23 5:30 AM ICT,0.6
22-Jul-23 5:35 AM ICT,0.4
22-Jul-23 5:40 AM ICT,0.4
22-Jul-23 5:45 AM ICT,0.2
22-Jul-23 5:50 AM ICT,1.0
22-Jul-23 5:55 AM ICT,1.8
22-Jul-23 6:00 AM ICT,2.6
22-Jul-23 6:05 AM ICT,3.3
22-Jul-23 6:10 AM ICT,3.9
22-Jul-23 6:15 AM ICT,6.0
22-Jul-23 6:20 AM ICT,7.5
22-Jul-23 6:25 AM ICT,8.1
22-Jul-23 6:30 AM ICT,9.5
22-Jul-23 6:35 AM ICT,11.6
22-Jul-23 6:40 AM ICT,22.7
22-Jul-23 6:45 AM ICT,37.1
22-Jul-23 6:50 AM ICT,52.6
22-Jul-23 6:55 AM ICT,59.4
22-Jul-23 7:00 AM ICT,43.4
22-Jul-23 7:05 AM ICT,65.2
22-Jul-23 7:10 AM ICT,78.3
22-Jul-23 7:15 AM ICT,26.7
22-Jul-23 7:20 AM ICT,32.9
22-Jul-23 7:25 AM ICT,35.5
22-Jul-23 7:30 AM ICT,46.5
22-Jul-23 7:35 AM ICT,68.7
22-Jul-23 7:40 AM ICT,87.9
22-Jul-23 7:45 AM ICT,120.4
22-Jul-23 7:50 AM ICT,124.0
22-Jul-23 7:55 AM ICT,110.7
22-Jul-23 8:00 AM ICT,129.8
22-Jul-23 8:05 AM ICT,134.0
22-Jul-23 8:10 AM ICT,131.6
22-Jul-23 8:15 AM ICT,73.1
22-Jul-23 8:20 AM ICT,122.8
22-Jul-23 8:25 AM ICT,160.0
22-Jul-23 8:30 AM ICT,151.5
22-Jul-23 8:35 AM ICT,152.0
22-Jul-23 8:40 AM ICT,161.3
22-Jul-23 8:45 AM ICT,104.9
22-Jul-23 8:50 AM ICT,36.9
22-Jul-23 8:55 AM ICT,67.1
22-Jul-23 9:00 AM ICT,70.1
22-Jul-23 9:05 AM ICT,107.4
22-Jul-23 9:10 AM ICT,146.8
22-Jul-23 9:15 AM ICT,166.6
22-Jul-23 9:20 AM ICT,170.3
22-Jul-23 9:25 AM ICT,132.2
22-Jul-23 9:30 AM ICT,150.9
22-Jul-23 9:35 AM ICT,112.1
22-Jul-23 9:40 AM ICT,139.9
22-Jul-23 9:45 AM ICT,79.5
22-Jul-23 9:50 AM ICT,77.6
22-Jul-23 9:55 AM ICT,73.3
22-Jul-23 10:00 AM ICT,46.2
22-Jul-23 10:05 AM ICT,37.9
22-Jul-23 10:10 AM ICT,75.2
22-Jul-23 10:15 AM ICT,126.7
22-Jul-23 10:20 AM ICT,116.1
22-Jul-23 10:25 AM ICT,197.1
22-Jul-23 10:30 AM ICT,190.5
22-Jul-23 10:35 AM ICT,166.0
22-Jul-23 10:40 AM ICT,247.2
22-Jul-23 10:45 AM ICT,155.3
22-Jul-23 10:50 AM ICT,231.2
22-Jul-23 10:55 AM ICT,231.1
22-Jul-23 11:00 AM ICT,224.5
22-Jul-23 11:05 AM ICT,186.4
22-Jul-23 11:10 AM ICT,234.6
22-Jul-23 11:15 AM ICT,236.0
22-Jul-23 11:20 AM ICT,251.6
22-Jul-23 11:25 AM ICT,201.6
22-Jul-23 11:30 AM ICT,101.0
22-Jul-23 11:35 AM ICT,125.5
22-Jul-23 11:40 AM ICT,162.1
22-Jul-23 11:45 AM ICT,183.4
22-Jul-23 11:50 AM ICT,48.3
22-Jul-23 11:55 AM ICT,72.5
22-Jul-23 12:00 PM ICT,83.6
22-Jul-23 12:05 PM ICT,101.8
22-Jul-23 12:10 PM ICT,226.8
22-Jul-23 12:15 PM ICT,83.8
22-Jul-23 12:20 PM ICT,50.9
22-Jul-23 12:25 PM ICT,77.4
22-Jul-23 12:30 PM ICT,65.8
22-Jul-23 12:35 PM ICT,97.9
22-Jul-23 12:40 PM ICT,264.0
22-Jul-23 12:45 PM ICT,253.4
22-Jul-23 12:50 PM ICT,241.7
22-Jul-23 12:55 PM ICT,236.6
22-Jul-23 1:00 PM ICT,133.6
22-Jul-23 1:05 PM ICT,240.6
22-Jul-23 1:10 PM ICT,85.3
22-Jul-23 1:15 PM ICT,58.9
22-Jul-23 1:20 PM ICT,223.8
22-Jul-23 1:25 PM ICT,137.9
22-Jul-23 1:30 PM ICT,158.5
22-Jul-23 1:35 PM ICT,129.8
22-Jul-23 1:40 PM ICT,109.7
22-Jul-23 1:45 PM ICT,216.3
22-Jul-23 1:50 PM ICT,192.9
22-Jul-23 1:55 PM ICT,112.5
22-Jul-23 2:00 PM ICT,197.0
22-Jul-23 2:05 PM ICT,192.7
22-Jul-23 2:10 PM ICT,199.3
22-Jul-23 2:15 PM ICT,186.4
22-Jul-23 2:20 PM ICT,98.0
22-Jul-23 2:25 PM ICT,68.2
22-Jul-23 2:30 PM ICT,45.6
22-Jul-23 2:35 PM ICT,124.3
22-Jul-23 2:40 PM ICT,153.9
22-Jul-23 2:45 PM ICT,31.7
22-Jul-23 2:50 PM ICT,23.8
22-Jul-23 2:55 PM ICT,123.2
22-Jul-23 3:00 PM ICT,165.0
22-Jul-23 3:05 PM ICT,72.0
22-Jul-23 3:10 PM ICT,59.8
22-Jul-23 3:15 PM ICT,11.1
22-Jul-23 3:20 PM ICT,5.1
22-Jul-23 3:25 PM ICT,16.1
22-Jul-23 3:30 PM ICT,32.7
22-Jul-23 3:35 PM ICT,101.9
22-Jul-23 3:40 PM ICT,140.6
22-Jul-23 3:45 PM ICT,104.0
22-Jul-23 3:50 PM ICT,31.3
22-Jul-23 3:55 PM ICT,27.0
22-Jul-23 4:00 PM ICT,27.0
22-Jul-23 4:05 PM ICT,20.1
22-Jul-23 4:10 PM ICT,16.1
22-Jul-23 4:15 PM ICT,10.2
22-Jul-23 4:20 PM ICT,10.7
22-Jul-23 4:25 PM ICT,12.6
22-Jul-23 4:30 PM ICT,24.3
22-Jul-23 4:35 PM ICT,68.6
22-Jul-23 4:40 PM ICT,31.3
22-Jul-23 4:45 PM ICT,53.4
22-Jul-23 4:50 PM ICT,59.5
22-Jul-23 4:55 PM ICT,56.1
22-Jul-23 5:00 PM ICT,53.2
22-Jul-23 5:05 PM ICT,58.2
22-Jul-23 5:10 PM ICT,54.8
22-Jul-23 5:15 PM ICT,46.4
22-Jul-23 5:20 PM ICT,41.0
22-Jul-23 5:25 PM ICT,43.2
22-Jul-23 5:30 PM ICT,30.4
22-Jul-23 5:35 PM ICT,6.9
22-Jul-23 5:40 PM ICT,6.3
22-Jul-23 5:45 PM ICT,5.3
22-Jul-23 5:50 PM ICT,4.6
22-Jul-23 5:55 PM ICT,3.7
22-Jul-23 6:00 PM ICT,2.7
22-Jul-23 6:05 PM ICT,2.2
22-Jul-23 6:10 PM ICT,2.2
22-Jul-23 6:15 PM ICT,2.0
22-Jul-23 6:20 PM ICT,1.6
22-Jul-23 6:25 PM ICT,1.1
22-Jul-23 6:30 PM ICT,0.6
22-Jul-23 6:35 PM ICT,0.2
22-Jul-23 6:40 PM ICT,0.2
22-Jul-23 6:45 PM ICT,0.5
22-Jul-23 6:50 PM ICT,1.0
22-Jul-23 6:55 PM ICT,0.7
22-Jul-23 7:00 PM ICT,0.6
22-Jul-23 7:05 PM ICT,0.4
22-Jul-23 7:10 PM ICT,0.5
22-Jul-23 7:15 PM ICT,0.5
22-Jul-23 7:20 PM ICT,0.8
22-Jul-23 7:25 PM ICT,0.5
22-Jul-23 7:30 PM ICT,0.5
22-Jul-23 7:35 PM ICT,0.6
22-Jul-23 7:40 PM ICT,0.5
22-Jul-23 7:45 PM ICT,0.7
22-Jul-23 7:50 PM ICT,0.7
22-Jul-23 7:55 PM ICT,0.5
22-Jul-23 8:00 PM ICT,0.5
22-Jul-23 8:05 PM ICT,0.6
22-Jul-23 8:10 PM ICT,0.6
22-Jul-23 8:15 PM ICT,0.7
22-Jul-23 8:20 PM ICT,0.6
22-Jul-23 8:25 PM ICT,0.6
22-Jul-23 8:30 PM ICT,0.4
22-Jul-23 8:35 PM ICT,0.5
22-Jul-23 8:40 PM ICT,0.6
22-Jul-23 8:45 PM ICT,0.7
22-Jul-23 8:50 PM ICT,0.6
22-Jul-23 8:55 PM ICT,0.6
22-Jul-23 9:00 PM ICT,0.5
22-Jul-23 9:05 PM ICT,0.6
22-Jul-23 9:10 PM ICT,0.8
22-Jul-23 9:15 PM ICT,0.5
22-Jul-23 9:20 PM ICT,0.4
22-Jul-23 9:25 PM ICT,0.5
22-Jul-23 9:30 PM ICT,0.5
22-Jul-23 9:35 PM ICT,0.8
22-Jul-23 9:40 PM ICT,0.6
22-Jul-23 9:45 PM ICT,0.5
22-Jul-23 9:50 PM ICT,0.5
22-Jul-23 9:55 PM ICT,0.7
22-Jul-23 10:00 PM ICT,0.6
22-Jul-23 10:05 PM ICT,0.7
22-Jul-23 10:10 PM ICT,0.6
22-Jul-23 10:15 PM ICT,0.4
22-Jul-23 10:20 PM ICT,0.6
22-Jul-23 10:25 PM ICT,0.5
22-Jul-23 10:30 PM ICT,0.6
22-Jul-23 10:35 PM ICT,0.7
22-Jul-23 10:40 PM ICT,0.7
22-Jul-23 10:45 PM ICT,0.3
22-Jul-23 10:50 PM ICT,0.5
22-Jul-23 10:55 PM ICT,0.6
22-Jul-23 11:00 PM ICT,0.8
22-Jul-23 11:05 PM ICT,0.8
22-Jul-23 11:10 PM ICT,0.5
22-Jul-23 11:15 PM ICT,0.3
22-Jul-23 11:20 PM ICT,0.5
22-Jul-23 11:25 PM ICT,0.7
22-Jul-23 11:30 PM ICT,0.8
22-Jul-23 11:35 PM ICT,0.6
22-Jul-23 11:40 PM ICT,0.4
22-Jul-23 11:45 PM ICT,0.4
22-Jul-23 11:50 PM ICT,0.6
22-Jul-23 11:55 PM ICT,0.5
23-Jul-23 12:00 AM ICT,0.6
23-Jul-23 12:05 AM ICT,0.7
23-Jul-23 12:10 AM ICT,0.5
23-Jul-23 12:15 AM ICT,0.4
23-Jul-23 12:20 AM ICT,0.5
23-Jul-23 12:25 AM ICT,0.6
23-Jul-23 12:30 AM ICT,0.8
23-Jul-23 12:35 AM ICT,0.8
23-Jul-23 12:40 AM ICT,0.6
23-Jul-23 12:45 AM ICT,0.5
23-Jul-23 12:50 AM ICT,0.6
23-Jul-23 12:55 AM ICT,0.6
23-Jul-23 1:00 AM ICT,0.5
23-Jul-23 1:05 AM ICT,0.5
23-Jul-23 1:10 AM ICT,0.4
23-Jul-23 1:15 AM ICT,0.6
23-Jul-23 1:20 AM ICT,0.6
23-Jul-23 1:25 AM ICT,0.5
23-Jul-23 1:30 AM ICT,0.6
23-Jul-23 1:35 AM ICT,0.6
23-Jul-23 1:40 AM ICT,0.4
23-Jul-23 1:45 AM ICT,0.5
23-Jul-23 1:50 AM ICT,0.6
23-Jul-23 1:55 AM ICT,0.6
23-Jul-23 2:00 AM ICT,0.7
23-Jul-23 2:05 AM ICT,0.6
23-Jul-23 2:10 AM ICT,0.6
23-Jul-23 2:15 AM ICT,0.5
23-Jul-23 2:20 AM ICT,0.6
23-Jul-23 2:25 AM ICT,0.6
23-Jul-23 2:30 AM ICT,0.6
23-Jul-23 2:35 AM ICT,0.4
23-Jul-23 2:40 AM ICT,0.5
23-Jul-23 2:45 AM ICT,0.5
23-Jul-23 2:50 AM ICT,0.5
23-Jul-23 2:55 AM ICT,0.6
23-Jul-23 3:00 AM ICT,0.7
23-Jul-23 3:05 AM ICT,0.6
23-Jul-23 3:10 AM ICT,0.5
23-Jul-23 3:15 AM ICT,0.5
23-Jul-23 3:20 AM ICT,0.4
23-Jul-23 3:25 AM ICT,0.6
23-Jul-23 3:30 AM ICT,0.7
23-Jul-23 3:35 AM ICT,0.5
23-Jul-23 3:40 AM ICT,0.9
23-Jul-23 3:45 AM ICT,0.6
23-Jul-23 3:50 AM ICT,0.4
23-Jul-23 3:55 AM ICT,0.6
23-Jul-23 4:00 AM ICT,0.6
23-Jul-23 4:05 AM ICT,0.4
23-Jul-23 4:10 AM ICT,0.5
23-Jul-23 4:15 AM ICT,0.6
23-Jul-23 4:20 AM ICT,0.3
23-Jul-23 4:25 AM ICT,0.7
23-Jul-23 4:30 AM ICT,0.6
23-Jul-23 4:35 AM ICT,0.5
23-Jul-23 4:40 AM ICT,0.5
23-Jul-23 4:45 AM ICT,0.5
23-Jul-23 4:50 AM ICT,0.5
23-Jul-23 4:55 AM ICT,0.5
23-Jul-23 5:00 AM ICT,0.6
23-Jul-23 5:05 AM ICT,0.8
23-Jul-23 5:10 AM ICT,0.6
23-Jul-23 5:15 AM ICT,0.6
23-Jul-23 5:20 AM ICT,0.4
23-Jul-23 5:25 AM ICT,0.7
23-Jul-23 5:30 AM ICT,0.4
23-Jul-23 5:35 AM ICT,0.4
23-Jul-23 5:40 AM ICT,1.0
23-Jul-23 5:45 AM ICT,2.3
23-Jul-23 5:50 AM ICT,3.4
23-Jul-23 5:55 AM ICT,4.1
23-Jul-23 6:00 AM ICT,4.9
23-Jul-23 6:05 AM ICT,5.6
23-Jul-23 6:10 AM ICT,9.3
23-Jul-23 6:15 AM ICT,13.1
23-Jul-23 6:20 AM ICT,13.5
23-Jul-23 6:25 AM ICT,18.8
23-Jul-23 6:30 AM ICT,19.0
23-Jul-23 6:35 AM ICT,29.4
23-Jul-23 6:40 AM ICT,36.2
23-Jul-23 6:45 AM ICT,40.0
23-Jul-23 6:50 AM ICT,47.4
23-Jul-23 6:55 AM ICT,54.7
23-Jul-23 7:00 AM ICT,60.7
23-Jul-23 7:05 AM ICT,65.4
23-Jul-23 7:10 AM ICT,65.7
23-Jul-23 7:15 AM ICT,74.0
23-Jul-23 7:20 AM ICT,79.2
23-Jul-23 7:25 AM ICT,86.7
23-Jul-23 7:30 AM ICT,87.4
23-Jul-23 7:35 AM ICT,75.3
23-Jul-23 7:40 AM ICT,79.2
23-Jul-23 7:45 AM ICT,51.9
23-Jul-23 7:50 AM ICT,58.6
23-Jul-23 7:55 AM ICT,65.3
23-Jul-23 8:00 AM ICT,74.4
23-Jul-23 8:05 AM ICT,129.7
23-Jul-23 8:10 AM ICT,105.8
23-Jul-23 8:15 AM ICT,138.4
23-Jul-23 8:20 AM ICT,144.7
23-Jul-23 8:25 AM ICT,141.0
23-Jul-23 8:30 AM ICT,74.6
23-Jul-23 8:35 AM ICT,113.7
23-Jul-23 8:40 AM ICT,87.7
23-Jul-23 8:45 AM ICT,97.2
23-Jul-23 8:50 AM ICT,64.9
23-Jul-23 8:55 AM ICT,49.7
23-Jul-23 9:00 AM ICT,50.6
23-Jul-23 9:05 AM ICT,51.0
23-Jul-23 9:10 AM ICT,50.9
23-Jul-23 9:15 AM ICT,41.7
23-Jul-23 9:20 AM ICT,35.3
23-Jul-23 9:25 AM ICT,43.8
23-Jul-23 9:30 AM ICT,51.2
23-Jul-23 9:35 AM ICT,48.2
23-Jul-23 9:40 AM ICT,51.2
23-Jul-23 9:45 AM ICT,51.7
23-Jul-23 9:50 AM ICT,48.3
23-Jul-23 9:55 AM ICT,49.2
23-Jul-23 10:00 AM ICT,54.4
23-Jul-23 10:05 AM ICT,65.4
23-Jul-23 10:10 AM ICT,65.9
23-Jul-23 10:15 AM ICT,61.9
23-Jul-23 10:20 AM ICT,62.2
23-Jul-23 10:25 AM ICT,76.4
23-Jul-23 10:30 AM ICT,87.6
23-Jul-23 10:35 AM ICT,88.4
23-Jul-23 10:40 AM ICT,80.7
23-Jul-23 10:45 AM ICT,86.7
23-Jul-23 10:50 AM ICT,87.8
23-Jul-23 10:55 AM ICT,83.8
23-Jul-23 11:00 AM ICT,88.9
23-Jul-23 11:05 AM ICT,104.7
23-Jul-23 11:10 AM ICT,128.6
23-Jul-23 11:15 AM ICT,151.6
23-Jul-23 11:20 AM ICT,160.5
23-Jul-23 11:25 AM ICT,194.3
23-Jul-23 11:30 AM ICT,130.2
23-Jul-23 11:35 AM ICT,105.7
23-Jul-23 11:40 AM ICT,153.6
23-Jul-23 11:45 AM ICT,177.8
23-Jul-23 11:50 AM ICT,83.0
23-Jul-23 11:55 AM ICT,227.8
23-Jul-23 12:00 PM ICT,112.3
23-Jul-23 12:05 PM ICT,196.2
23-Jul-23 12:10 PM ICT,238.0
23-Jul-23 12:15 PM ICT,221.5
23-Jul-23 12:20 PM ICT,258.2
23-Jul-23 12:25 PM ICT,259.3
23-Jul-23 12:30 PM ICT,108.4
23-Jul-23 12:35 PM ICT,82.7
23-Jul-23 12:40 PM ICT,71.9
23-Jul-23 12:45 PM ICT,84.1
23-Jul-23 12:50 PM ICT,82.0
23-Jul-23 12:55 PM ICT,96.7
23-Jul-23 1:00 PM ICT,264.2
23-Jul-23 1:05 PM ICT,260.8
23-Jul-23 1:10 PM ICT,252.7
23-Jul-23 1:15 PM ICT,236.1
23-Jul-23 1:20 PM ICT,220.6
23-Jul-23 1:25 PM ICT,219.0
23-Jul-23 1:30 PM ICT,106.6
23-Jul-23 1:35 PM ICT,197.5
23-Jul-23 1:40 PM ICT,234.3
23-Jul-23 1:45 PM ICT,229.5
23-Jul-23 1:50 PM ICT,127.7
23-Jul-23 1:55 PM ICT,200.8
23-Jul-23 2:00 PM ICT,174.9
23-Jul-23 2:05 PM ICT,147.3
23-Jul-23 2:10 PM ICT,48.0
23-Jul-23 2:15 PM ICT,40.5
23-Jul-23 2:20 PM ICT,40.5
23-Jul-23 2:25 PM ICT,67.8
23-Jul-23 2:30 PM ICT,204.1
23-Jul-23 2:35 PM ICT,205.8
23-Jul-23 2:40 PM ICT,203.8
23-Jul-23 2:45 PM ICT,201.9
23-Jul-23 2:50 PM ICT,205.5
23-Jul-23 2:55 PM ICT,192.0
23-Jul-23 3:00 PM ICT,176.7
23-Jul-23 3:05 PM ICT,175.5
23-Jul-23 3:10 PM ICT,174.4
23-Jul-23 3:15 PM ICT,169.4
23-Jul-23 3:20 PM ICT,169.4
23-Jul-23 3:25 PM ICT,157.6
23-Jul-23 3:30 PM ICT,134.7
23-Jul-23 3:35 PM ICT,139.9
23-Jul-23 3:40 PM ICT,127.7
23-Jul-23 3:45 PM ICT,125.9
23-Jul-23 3:50 PM ICT,115.0
23-Jul-23 3:55 PM ICT,103.1
23-Jul-23 4:00 PM ICT,97.0
23-Jul-23 4:05 PM ICT,77.1
23-Jul-23 4:10 PM ICT,56.3
23-Jul-23 4:15 PM ICT,51.2
23-Jul-23 4:20 PM ICT,49.3
23-Jul-23 4:25 PM ICT,67.2
23-Jul-23 4:30 PM ICT,101.9
23-Jul-23 4:35 PM ICT,100.1
23-Jul-23 4:40 PM ICT,100.1
23-Jul-23 4:45 PM ICT,91.7
23-Jul-23 4:50 PM ICT,79.2
23-Jul-23 4:55 PM ICT,78.6
23-Jul-23 5:00 PM ICT,74.9
23-Jul-23 5:05 PM ICT,75.5
23-Jul-23 5:10 PM ICT,70.4
23-Jul-23 5:15 PM ICT,63.3
23-Jul-23 5:20 PM ICT,56.4
23-Jul-23 5:25 PM ICT,46.4
23-Jul-23 5:30 PM ICT,23.2
23-Jul-23 5:35 PM ICT,18.0
23-Jul-23 5:40 PM ICT,16.4
23-Jul-23 5:45 PM ICT,16.0
23-Jul-23 5:50 PM ICT,16.1
23-Jul-23 5:55 PM ICT,22.1
23-Jul-23 6:00 PM ICT,21.0
23-Jul-23 6:05 PM ICT,18.5
23-Jul-23 6:10 PM ICT,15.6
23-Jul-23 6:15 PM ICT,12.1
23-Jul-23 6:20 PM ICT,9.1
23-Jul-23 6:25 PM ICT,6.9
23-Jul-23 6:30 PM ICT,5.4
23-Jul-23 6:35 PM ICT,3.1
23-Jul-23 6:40 PM ICT,1.6
23-Jul-23 6:45 PM ICT,0.4
23-Jul-23 6:50 PM ICT,0.8
23-Jul-23 6:55 PM ICT,0.7
23-Jul-23 7:00 PM ICT,0.5
23-Jul-23 7:05 PM ICT,0.5
23-Jul-23 7:10 PM ICT,0.4
23-Jul-23 7:15 PM ICT,0.4
23-Jul-23 7:20 PM ICT,0.6
23-Jul-23 7:25 PM ICT,0.8
23-Jul-23 7:30 PM ICT,0.5
23-Jul-23 7:35 PM ICT,0.4
23-Jul-23 7:40 PM ICT,0.3
23-Jul-23 7:45 PM ICT,0.4
23-Jul-23 7:50 PM ICT,0.8
23-Jul-23 7:55 PM ICT,0.8
23-Jul-23 8:00 PM ICT,0.6
23-Jul-23 8:05 PM ICT,0.4
23-Jul-23 8:10 PM ICT,0.3
23-Jul-23 8:15 PM ICT,0.5
23-Jul-23 8:20 PM ICT,0.6
23-Jul-23 8:25 PM ICT,0.7
23-Jul-23 8:30 PM ICT,0.8
23-Jul-23 8:35 PM ICT,0.4
23-Jul-23 8:40 PM ICT,0.4
23-Jul-23 8:45 PM ICT,0.4
23-Jul-23 8:50 PM ICT,0.5
23-Jul-23 8:55 PM ICT,0.7
23-Jul-23 9:00 PM ICT,0.7
23-Jul-23 9:05 PM ICT,0.6
23-Jul-23 9:10 PM ICT,0.4
23-Jul-23 9:15 PM ICT,0.5
23-Jul-23 9:20 PM ICT,0.5
23-Jul-23 9:25 PM ICT,0.6
23-Jul-23 9:30 PM ICT,0.6
23-Jul-23 9:35 PM ICT,0.4
23-Jul-23 9:40 PM ICT,0.3
23-Jul-23 9:45 PM ICT,0.5
23-Jul-23 9:50 PM ICT,0.5
23-Jul-23 9:55 PM ICT,0.8
23-Jul-23 10:00 PM ICT,0.6
23-Jul-23 10:05 PM ICT,0.4
23-Jul-23 10:10 PM ICT,0.3
23-Jul-23 10:15 PM ICT,0.5
23-Jul-23 10:20 PM ICT,0.5
23-Jul-23 10:25 PM ICT,0.6
23-Jul-23 10:30 PM ICT,0.5
23-Jul-23 10:35 PM ICT,0.5
23-Jul-23 10:40 PM ICT,0.6
23-Jul-23 10:45 PM ICT,0.5
23-Jul-23 10:50 PM ICT,0.5
23-Jul-23 10:55 PM ICT,0.5
23-Jul-23 11:00 PM ICT,0.5
23-Jul-23 11:05 PM ICT,0.5
23-Jul-23 11:10 PM ICT,0.4
23-Jul-23 11:15 PM ICT,0.5
23-Jul-23 11:20 PM ICT,0.5
23-Jul-23 11:25 PM ICT,0.5
23-Jul-23 11:30 PM ICT,0.6
23-Jul-23 11:35 PM ICT,0.5
23-Jul-23 11:40 PM ICT,0.5
23-Jul-23 11:45 PM ICT,0.5
23-Jul-23 11:50 PM ICT,0.5
23-Jul-23 11:55 PM ICT,0.3
24-Jul-23 12:00 AM ICT,0.5
24-Jul-23 12:05 AM ICT,0.6
24-Jul-23 12:10 AM ICT,0.5
24-Jul-23 12:15 AM ICT,0.6
24-Jul-23 12:20 AM ICT,0.4
24-Jul-23 12:25 AM ICT,0.3
24-Jul-23 12:30 AM ICT,0.5
24-Jul-23 12:35 AM ICT,0.6
24-Jul-23 12:40 AM ICT,0.6
24-Jul-23 12:45 AM ICT,0.5
24-Jul-23 12:50 AM ICT,0.5
24-Jul-23 12:55 AM ICT,0.3
24-Jul-23 1:00 AM ICT,0.6
24-Jul-23 1:05 AM ICT,0.6
24-Jul-23 1:10 AM ICT,0.6
24-Jul-23 1:15 AM ICT,0.5
24-Jul-23 1:20 AM ICT,0.4
24-Jul-23 1:25 AM ICT,0.3
24-Jul-23 1:30 AM ICT,0.5
24-Jul-23 1:35 AM ICT,0.7
24-Jul-23 1:40 AM ICT,0.6
24-Jul-23 1:45 AM ICT,0.6
24-Jul-23 1:50 AM ICT,0.3
24-Jul-23 1:55 AM ICT,0.3
24-Jul-23 2:00 AM ICT,0.4
24-Jul-23 2:05 AM ICT,0.7
24-Jul-23 2:10 AM ICT,0.6
24-Jul-23 2:15 AM ICT,0.5
24-Jul-23 2:20 AM ICT,0.4
24-Jul-23 2:25 AM ICT,0.3
24-Jul-23 2:30 AM ICT,0.5
24-Jul-23 2:35 AM ICT,0.8
24-Jul-23 2:40 AM ICT,0.6
24-Jul-23 2:45 AM ICT,0.4
24-Jul-23 2:50 AM ICT,0.3
24-Jul-23 2:55 AM ICT,0.3
24-Jul-23 3:00 AM ICT,0.5
24-Jul-23 3:05 AM ICT,0.7
24-Jul-23 3:10 AM ICT,0.7
24-Jul-23 3:15 AM ICT,0.4
24-Jul-23 3:20 AM ICT,0.5
24-Jul-23 3:25 AM ICT,0.3
24-Jul-23 3:30 AM ICT,0.5
24-Jul-23 3:35 AM ICT,0.7
24-Jul-23 3:40 AM ICT,0.7
24-Jul-23 3:45 AM ICT,0.4
24-Jul-23 3:50 AM ICT,0.3
24-Jul-23 3:55 AM ICT,0.3
24-Jul-23 4:00 AM ICT,0.5
24-Jul-23 4:05 AM ICT,0.8
24-Jul-23 4:10 AM ICT,0.6
24-Jul-23 4:15 AM ICT,0.4
24-Jul-23 4:20 AM ICT,0.3
24-Jul-23 4:25 AM ICT,0.4
24-Jul-23 4:30 AM ICT,0.5
24-Jul-23 4:35 AM ICT,0.6
24-Jul-23 4:40 AM ICT,0.6
24-Jul-23 4:45 AM ICT,0.6
24-Jul-23 4:50 AM ICT,0.4
24-Jul-23 4:55 AM ICT,0.4
24-Jul-23 5:00 AM ICT,0.5
24-Jul-23 5:05 AM ICT,0.5
24-Jul-23 5:10 AM ICT,0.6
24-Jul-23 5:15 AM ICT,0.6
24-Jul-23 5:20 AM ICT,0.3
24-Jul-23 5:25 AM ICT,0.4
24-Jul-23 5:30 AM ICT,0.7
24-Jul-23 5:35 AM ICT,0.4
24-Jul-23 5:40 AM ICT,0.5
24-Jul-23 5:45 AM ICT,0.5
24-Jul-23 5:50 AM ICT,0.3
24-Jul-23 5:55 AM ICT,0.5
24-Jul-23 6:00 AM ICT,0.5
24-Jul-23 6:05 AM ICT,0.4
24-Jul-23 6:10 AM ICT,0.5
24-Jul-23 6:15 AM ICT,0.6
24-Jul-23 6:20 AM ICT,0.4
24-Jul-23 6:25 AM ICT,0.4
24-Jul-23 6:30 AM ICT,0.4
24-Jul-23 6:35 AM ICT,0.3
24-Jul-23 6:40 AM ICT,0.4
24-Jul-23 6:45 AM ICT,0.5
24-Jul-23 6:50 AM ICT,0.2
24-Jul-23 6:55 AM ICT,0.1
24-Jul-23 7:00 AM ICT,0.3
24-Jul-23 7:05 AM ICT,0.9
24-Jul-23 7:10 AM ICT,1.4
24-Jul-23 7:15 AM ICT,1.9
24-Jul-23 7:20 AM ICT,2.5
24-Jul-23 7:25 AM ICT,2.8
24-Jul-23 7:30 AM ICT,3.1
24-Jul-23 7:35 AM ICT,3.6
24-Jul-23 7:40 AM ICT,4.3
24-Jul-23 7:45 AM ICT,5.4
24-Jul-23 7:50 AM ICT,7.4
24-Jul-23 7:55 AM ICT,8.6
24-Jul-23 8:00 AM ICT,7.6
24-Jul-23 8:05 AM ICT,6.1
24-Jul-23 8:10 AM ICT,6.8
24-Jul-23 8:15 AM ICT,6.9
24-Jul-23 8:20 AM ICT,9.2
24-Jul-23 8:25 AM ICT,10.6
24-Jul-23 8:30 AM ICT,10.1
24-Jul-23 8:35 AM ICT,9.4
24-Jul-23 8:40 AM ICT,9.1
24-Jul-23 8:45 AM ICT,8.5
24-Jul-23 8:50 AM ICT,7.1
24-Jul-23 8:55 AM ICT,9.9
24-Jul-23 9:00 AM ICT,11.1
24-Jul-23 9:05 AM ICT,18.8
24-Jul-23 9:10 AM ICT,21.2
24-Jul-23 9:15 AM ICT,19.9
24-Jul-23 9:20 AM ICT,27.8
24-Jul-23 9:25 AM ICT,30.8
24-Jul-23 9:30 AM ICT,33.2
24-Jul-23 9:35 AM ICT,36.9
24-Jul-23 9:40 AM ICT,39.3
24-Jul-23 9:45 AM ICT,40.0
24-Jul-23 9:50 AM ICT,35.2
24-Jul-23 9:55 AM ICT,39.3
24-Jul-23 10:00 AM ICT,41.9
24-Jul-23 10:05 AM ICT,50.4
24-Jul-23 10:10 AM ICT,64.2
24-Jul-23 10:15 AM ICT,68.0
24-Jul-23 10:20 AM ICT,72.0
24-Jul-23 10:25 AM ICT,83.7
24-Jul-23 10:30 AM ICT,94.6
24-Jul-23 10:35 AM ICT,105.8
24-Jul-23 10:40 AM ICT,108.5
24-Jul-23 10:45 AM ICT,110.9
24-Jul-23 10:50 AM ICT,107.6
24-Jul-23 10:55 AM ICT,118.4
24-Jul-23 11:00 AM ICT,98.9
24-Jul-23 11:05 AM ICT,183.4
24-Jul-23 11:10 AM ICT,132.1
24-Jul-23 11:15 AM ICT,192.3
24-Jul-23 11:20 AM ICT,194.3
24-Jul-23 11:25 AM ICT,166.3
24-Jul-23 11:30 AM ICT,233.3
24-Jul-23 11:35 AM ICT,157.0
24-Jul-23 11:40 AM ICT,163.1
24-Jul-23 11:45 AM ICT,207.7
24-Jul-23 11:50 AM ICT,140.3
24-Jul-23 11:55 AM ICT,173.3
24-Jul-23 12:00 PM ICT,224.7
24-Jul-23 12:05 PM ICT,169.0
24-Jul-23 12:10 PM ICT,167.3
24-Jul-23 12:15 PM ICT,121.6
24-Jul-23 12:20 PM ICT,118.3
24-Jul-23 12:25 PM ICT,139.6
24-Jul-23 12:30 PM ICT,211.6
24-Jul-23 12:35 PM ICT,251.4
24-Jul-23 12:40 PM ICT,246.0
24-Jul-23 12:45 PM ICT,250.9
24-Jul-23 12:50 PM ICT,235.5
24-Jul-23 12:55 PM ICT,202.6
24-Jul-23 1:00 PM ICT,200.8
24-Jul-23 1:05 PM ICT,228.7
24-Jul-23 1:10 PM ICT,216.2
24-Jul-23 1:15 PM ICT,210.8
24-Jul-23 1:20 PM ICT,210.2
24-Jul-23 1:25 PM ICT,209.3
24-Jul-23 1:30 PM ICT,207.8
24-Jul-23 1:35 PM ICT,208.8
24-Jul-23 1:40 PM ICT,206.5
24-Jul-23 1:45 PM ICT,205.0
24-Jul-23 1:50 PM ICT,200.8
24-Jul-23 1:55 PM ICT,207.7
24-Jul-23 2:00 PM ICT,202.0
24-Jul-23 2:05 PM ICT,191.7
24-Jul-23 2:10 PM ICT,184.6
24-Jul-23 2:15 PM ICT,180.0
24-Jul-23 2:20 PM ICT,170.7
24-Jul-23 2:25 PM ICT,167.8
24-Jul-23 2:30 PM ICT,171.2
24-Jul-23 2:35 PM ICT,181.6
24-Jul-23 2:40 PM ICT,136.5
24-Jul-23 2:45 PM ICT,128.2
24-Jul-23 2:50 PM ICT,160.5
24-Jul-23 2:55 PM ICT,180.3
24-Jul-23 3:00 PM ICT,175.2
24-Jul-23 3:05 PM ICT,161.8
24-Jul-23 3:10 PM ICT,117.0
24-Jul-23 3:15 PM ICT,154.0
24-Jul-23 3:20 PM ICT,138.1
24-Jul-23 3:25 PM ICT,53.8
24-Jul-23 3:30 PM ICT,129.6
24-Jul-23 3:35 PM ICT,97.9
24-Jul-23 3:40 PM ICT,138.0
24-Jul-23 3:45 PM ICT,154.3
24-Jul-23 3:50 PM ICT,52.3
24-Jul-23 3:55 PM ICT,110.6
24-Jul-23 4:00 PM ICT,64.1
24-Jul-23 4:05 PM ICT,132.4
24-Jul-23 4:10 PM ICT,136.4
24-Jul-23 4:15 PM ICT,96.2
24-Jul-23 4:20 PM ICT,43.6
24-Jul-23 4:25 PM ICT,52.0
24-Jul-23 4:30 PM ICT,84.3
24-Jul-23 4:35 PM ICT,82.4
24-Jul-23 4:40 PM ICT,60.2
24-Jul-23 4:45 PM ICT,56.7
24-Jul-23 4:50 PM ICT,70.0
24-Jul-23 4:55 PM ICT,29.1
24-Jul-23 5:00 PM ICT,19.4
24-Jul-23 5:05 PM ICT,17.7
24-Jul-23 5:10 PM ICT,42.0
24-Jul-23 5:15 PM ICT,36.8
24-Jul-23 5:20 PM ICT,44.2
24-Jul-23 5:25 PM ICT,40.1
24-Jul-23 5:30 PM ICT,27.3
24-Jul-23 5:35 PM ICT,27.7
24-Jul-23 5:40 PM ICT,31.3
24-Jul-23 5:45 PM ICT,30.4
24-Jul-23 5:50 PM ICT,24.0
24-Jul-23 5:55 PM ICT,17.0
24-Jul-23 6:00 PM ICT,17.6
24-Jul-23 6:05 PM ICT,19.8
24-Jul-23 6:10 PM ICT,19.5
24-Jul-23 6:15 PM ICT,14.0
24-Jul-23 6:20 PM ICT,7.4
24-Jul-23 6:25 PM ICT,3.0
24-Jul-23 6:30 PM ICT,1.1
24-Jul-23 6:35 PM ICT,1.4
24-Jul-23 6:40 PM ICT,0.3
24-Jul-23 6:45 PM ICT,1.0
24-Jul-23 6:50 PM ICT,1.2
24-Jul-23 6:55 PM ICT,0.9
24-Jul-23 7:00 PM ICT,0.8
24-Jul-23 7:05 PM ICT,0.7
24-Jul-23 7:10 PM ICT,1.0
24-Jul-23 7:15 PM ICT,1.0
24-Jul-23 7:20 PM ICT,1.3
24-Jul-23 7:25 PM ICT,1.2
24-Jul-23 7:30 PM ICT,1.0
24-Jul-23 7:35 PM ICT,0.8
24-Jul-23 7:40 PM ICT,0.7
24-Jul-23 7:45 PM ICT,0.8
24-Jul-23 7:50 PM ICT,1.1
24-Jul-23 7:55 PM ICT,1.2
24-Jul-23 8:00 PM ICT,0.8
24-Jul-23 8:05 PM ICT,0.9
24-Jul-23 8:10 PM ICT,0.7
24-Jul-23 8:15 PM ICT,0.9
24-Jul-23 8:20 PM ICT,1.2
24-Jul-23 8:25 PM ICT,1.3
24-Jul-23 8:30 PM ICT,0.9
24-Jul-23 8:35 PM ICT,0.9
24-Jul-23 8:40 PM ICT,0.9
24-Jul-23 8:45 PM ICT,0.9
24-Jul-23 8:50 PM ICT,1.0
24-Jul-23 8:55 PM ICT,1.1
24-Jul-23 9:00 PM ICT,0.8
24-Jul-23 9:05 PM ICT,0.7
24-Jul-23 9:10 PM ICT,0.8
24-Jul-23 9:15 PM ICT,1.1
24-Jul-23 9:20 PM ICT,1.0
24-Jul-23 9:25 PM ICT,1.3
24-Jul-23 9:30 PM ICT,1.2
24-Jul-23 9:35 PM ICT,1.0
24-Jul-23 9:40 PM ICT,0.8
24-Jul-23 9:45 PM ICT,0.9
24-Jul-23 9:50 PM ICT,0.8
24-Jul-23 9:55 PM ICT,0.7
24-Jul-23 10:00 PM ICT,1.1
24-Jul-23 10:05 PM ICT,1.1
24-Jul-23 10:10 PM ICT,1.0
24-Jul-23 10:15 PM ICT,0.9
24-Jul-23 10:20 PM ICT,0.8
24-Jul-23 10:25 PM ICT,0.8
24-Jul-23 10:30 PM ICT,1.0
24-Jul-23 10:35 PM ICT,1.2
24-Jul-23 10:40 PM ICT,1.3
24-Jul-23 10:45 PM ICT,1.2
24-Jul-23 10:50 PM ICT,1.0
24-Jul-23 10:55 PM ICT,1.1
24-Jul-23 11:00 PM ICT,0.8
24-Jul-23 11:05 PM ICT,0.9
24-Jul-23 11:10 PM ICT,1.1
24-Jul-23 11:15 PM ICT,1.1
24-Jul-23 11:20 PM ICT,0.9
24-Jul-23 11:25 PM ICT,1.1
24-Jul-23 11:30 PM ICT,1.0
24-Jul-23 11:35 PM ICT,1.0
24-Jul-23 11:40 PM ICT,1.1
24-Jul-23 11:45 PM ICT,1.1
24-Jul-23 11:50 PM ICT,0.9
24-Jul-23 11:55 PM ICT,0.7
25-Jul-23 12:00 AM ICT,0.8
25-Jul-23 12:05 AM ICT,1.0
25-Jul-23 12:10 AM ICT,1.0
25-Jul-23 12:15 AM ICT,0.9
25-Jul-23 12:20 AM ICT,1.0
25-Jul-23 12:25 AM ICT,1.0
25-Jul-23 12:30 AM ICT,0.9
25-Jul-23 12:35 AM ICT,0.9
25-Jul-23 12:40 AM ICT,1.0
25-Jul-23 12:45 AM ICT,1.0
25-Jul-23 12:50 AM ICT,1.0
25-Jul-23 12:55 AM ICT,1.2
25-Jul-23 1:00 AM ICT,1.1
25-Jul-23 1:05 AM ICT,0.9
25-Jul-23 1:10 AM ICT,0.9
25-Jul-23 1:15 AM ICT,0.7
25-Jul-23 1:20 AM ICT,0.7
25-Jul-23 1:25 AM ICT,0.9
25-Jul-23 1:30 AM ICT,1.2
25-Jul-23 1:35 AM ICT,1.3
25-Jul-23 1:40 AM ICT,0.8
25-Jul-23 1:45 AM ICT,0.7
25-Jul-23 1:50 AM ICT,0.9
25-Jul-23 1:55 AM ICT,1.0
25-Jul-23 2:00 AM ICT,1.0
25-Jul-23 2:05 AM ICT,1.1
25-Jul-23 2:10 AM ICT,1.0
25-Jul-23 2:15 AM ICT,0.7
25-Jul-23 2:20 AM ICT,0.9
25-Jul-23 2:25 AM ICT,0.9
25-Jul-23 2:30 AM ICT,0.9
25-Jul-23 2:35 AM ICT,0.9
25-Jul-23 2:40 AM ICT,1.1
25-Jul-23 2:45 AM ICT,0.9
25-Jul-23 2:50 AM ICT,1.0
25-Jul-23 2:55 AM ICT,1.0
25-Jul-23 3:00 AM ICT,1.1
25-Jul-23 3:05 AM ICT,0.9
25-Jul-23 3:10 AM ICT,1.0
25-Jul-23 3:15 AM ICT,1.0
25-Jul-23 3:20 AM ICT,1.0
25-Jul-23 3:25 AM ICT,1.1
25-Jul-23 3:30 AM ICT,0.8
25-Jul-23 3:35 AM ICT,0.7
25-Jul-23 3:40 AM ICT,0.9
25-Jul-23 3:45 AM ICT,1.0
25-Jul-23 3:50 AM ICT,1.1
25-Jul-23 3:55 AM ICT,0.9
25-Jul-23 4:00 AM ICT,0.7
25-Jul-23 4:05 AM ICT,0.9
25-Jul-23 4:10 AM ICT,0.8
25-Jul-23 4:15 AM ICT,0.9
25-Jul-23 4:20 AM ICT,1.3
25-Jul-23 4:25 AM ICT,1.1
25-Jul-23 4:30 AM ICT,0.9
25-Jul-23 4:35 AM ICT,0.9
25-Jul-23 4:40 AM ICT,0.9
25-Jul-23 4:45 AM ICT,1.0
25-Jul-23 4:50 AM ICT,1.1
25-Jul-23 4:55 AM ICT,1.1
25-Jul-23 5:00 AM ICT,0.8
25-Jul-23 5:05 AM ICT,0.7
25-Jul-23 5:10 AM ICT,0.8
25-Jul-23 5:15 AM ICT,0.9
25-Jul-23 5:20 AM ICT,1.1
25-Jul-23 5:25 AM ICT,0.9
25-Jul-23 5:30 AM ICT,0.4
25-Jul-23 5:35 AM ICT,0.3
25-Jul-23 5:40 AM ICT,0.6
25-Jul-23 5:45 AM ICT,0.6
25-Jul-23 5:50 AM ICT,0.4
25-Jul-23 5:55 AM ICT,0.6
25-Jul-23 6:00 AM ICT,0.4
25-Jul-23 6:05 AM ICT,0.4
25-Jul-23 6:10 AM ICT,0.2
25-Jul-23 6:15 AM ICT,0.2
25-Jul-23 6:20 AM ICT,0.6
25-Jul-23 6:25 AM ICT,1.0
25-Jul-23 6:30 AM ICT,1.8
25-Jul-23 6:35 AM ICT,2.4
25-Jul-23 6:40 AM ICT,2.4
25-Jul-23 6:45 AM ICT,3.9
25-Jul-23 6:50 AM ICT,4.5
25-Jul-23 6:55 AM ICT,4.3
25-Jul-23 7:00 AM ICT,5.4
25-Jul-23 7:05 AM ICT,5.6
25-Jul-23 7:10 AM ICT,9.1
25-Jul-23 7:15 AM ICT,13.2
25-Jul-23 7:20 AM ICT,18.3
25-Jul-23 7:25 AM ICT,21.1
25-Jul-23 7:30 AM ICT,24.7
25-Jul-23 7:35 AM ICT,24.8
25-Jul-23 7:40 AM ICT,27.2
25-Jul-23 7:45 AM ICT,26.5
25-Jul-23 7:50 AM ICT,33.6
25-Jul-23 7:55 AM ICT,39.0
25-Jul-23 8:00 AM ICT,44.0
25-Jul-23 8:05 AM ICT,45.3
25-Jul-23 8:10 AM ICT,48.5
25-Jul-23 8:15 AM ICT,59.4
25-Jul-23 8:20 AM ICT,62.1
25-Jul-23 8:25 AM ICT,62.1
25-Jul-23 8:30 AM ICT,61.2
25-Jul-23 8:35 AM ICT,57.3
25-Jul-23 8:40 AM ICT,61.2
25-Jul-23 8:45 AM ICT,75.3
25-Jul-23 8:50 AM ICT,70.3
25-Jul-23 8:55 AM ICT,65.3
25-Jul-23 9:00 AM ICT,49.3
25-Jul-23 9:05 AM ICT,51.5
25-Jul-23 9:10 AM ICT,59.6
25-Jul-23 9:15 AM ICT,57.7
25-Jul-23 9:20 AM ICT,70.4
25-Jul-23 9:25 AM ICT,84.2
25-Jul-23 9:30 AM ICT,87.9
25-Jul-23 9:35 AM ICT,89.2
25-Jul-23 9:40 AM ICT,85.3
25-Jul-23 9:45 AM ICT,85.4
25-Jul-23 9:50 AM ICT,86.3
25-Jul-23 9:55 AM ICT,65.4
25-Jul-23 10:00 AM ICT,125.0
25-Jul-23 10:05 AM ICT,136.4
25-Jul-23 10:10 AM ICT,126.7
25-Jul-23 10:15 AM ICT,104.9
25-Jul-23 10:20 AM ICT,51.6
25-Jul-23 10:25 AM ICT,60.3
25-Jul-23 10:30 AM ICT,42.7
25-Jul-23 10:35 AM ICT,68.1
25-Jul-23 10:40 AM ICT,104.4
25-Jul-23 10:45 AM ICT,131.7
25-Jul-23 10:50 AM ICT,135.4
25-Jul-23 10:55 AM ICT,205.4
25-Jul-23 11:00 AM ICT,242.2
25-Jul-23 11:05 AM ICT,111.9
25-Jul-23 11:10 AM ICT,121.9
25-Jul-23 11:15 AM ICT,179.0
25-Jul-23 11:20 AM ICT,155.8
25-Jul-23 11:25 AM ICT,134.2
25-Jul-23 11:30 AM ICT,95.2
25-Jul-23 11:35 AM ICT,122.3
25-Jul-23 11:40 AM ICT,152.9
25-Jul-23 11:45 AM ICT,157.8
25-Jul-23 11:50 AM ICT,160.3
25-Jul-23 11:55 AM ICT,189.0
25-Jul-23 12:00 PM ICT,118.8
25-Jul-23 12:05 PM ICT,225.4
25-Jul-23 12:10 PM ICT,189.1
25-Jul-23 12:15 PM ICT,160.0
25-Jul-23 12:20 PM ICT,164.3
25-Jul-23 12:25 PM ICT,156.1
25-Jul-23 12:30 PM ICT,188.3
25-Jul-23 12:35 PM ICT,181.2
25-Jul-23 12:40 PM ICT,147.6
25-Jul-23 12:45 PM ICT,79.5
25-Jul-23 12:50 PM ICT,100.5
25-Jul-23 12:55 PM ICT,237.1
25-Jul-23 1:00 PM ICT,241.5
25-Jul-23 1:05 PM ICT,212.7
25-Jul-23 1:10 PM ICT,209.9
25-Jul-23 1:15 PM ICT,219.7
25-Jul-23 1:20 PM ICT,196.5
25-Jul-23 1:25 PM ICT,163.9
25-Jul-23 1:30 PM ICT,78.6
25-Jul-23 1:35 PM ICT,56.0
25-Jul-23 1:40 PM ICT,51.1
25-Jul-23 1:45 PM ICT,52.2
25-Jul-23 1:50 PM ICT,61.7
25-Jul-23 1:55 PM ICT,56.0
25-Jul-23 2:00 PM ICT,147.8
25-Jul-23 2:05 PM ICT,203.7
25-Jul-23 2:10 PM ICT,190.1
25-Jul-23 2:15 PM ICT,174.6
25-Jul-23 2:20 PM ICT,168.9
25-Jul-23 2:25 PM ICT,131.0
25-Jul-23 2:30 PM ICT,172.0
25-Jul-23 2:35 PM ICT,192.4
25-Jul-23 2:40 PM ICT,166.8
25-Jul-23 2:45 PM ICT,177.7
25-Jul-23 2:50 PM ICT,60.5
25-Jul-23 2:55 PM ICT,177.7
25-Jul-23 3:00 PM ICT,52.2
25-Jul-23 3:05 PM ICT,20.3
25-Jul-23 3:10 PM ICT,28.0
25-Jul-23 3:15 PM ICT,79.0
25-Jul-23 3:20 PM ICT,145.4
25-Jul-23 3:25 PM ICT,116.7
25-Jul-23 3:30 PM ICT,129.5
25-Jul-23 3:35 PM ICT,97.0
25-Jul-23 3:40 PM ICT,151.2
25-Jul-23 3:45 PM ICT,120.0
25-Jul-23 3:50 PM ICT,128.4
25-Jul-23 3:55 PM ICT,59.6
25-Jul-23 4:00 PM ICT,4.9
25-Jul-23 4:05 PM ICT,10.6
25-Jul-23 4:10 PM ICT,38.4
25-Jul-23 4:15 PM ICT,108.5
25-Jul-23 4:20 PM ICT,107.3
25-Jul-23 4:25 PM ICT,107.9
25-Jul-23 4:30 PM ICT,93.6
25-Jul-23 4:35 PM ICT,28.6
25-Jul-23 4:40 PM ICT,39.1
25-Jul-23 4:45 PM ICT,98.2
25-Jul-23 4:50 PM ICT,63.2
25-Jul-23 4:55 PM ICT,42.0
25-Jul-23 5:00 PM ICT,37.8
25-Jul-23 5:05 PM ICT,35.9
25-Jul-23 5:10 PM ICT,33.3
25-Jul-23 5:15 PM ICT,57.3
25-Jul-23 5:20 PM ICT,63.2
25-Jul-23 5:25 PM ICT,61.0
25-Jul-23 5:30 PM ICT,58.6
25-Jul-23 5:35 PM ICT,53.8
25-Jul-23 5:40 PM ICT,51.1
25-Jul-23 5:45 PM ICT,38.8
25-Jul-23 5:50 PM ICT,32.6
25-Jul-23 5:55 PM ICT,27.4
25-Jul-23 6:00 PM ICT,22.2
25-Jul-23 6:05 PM ICT,19.6
25-Jul-23 6:10 PM ICT,19.2
25-Jul-23 6:15 PM ICT,18.5
25-Jul-23 6:20 PM ICT,16.5
25-Jul-23 6:25 PM ICT,12.1
25-Jul-23 6:30 PM ICT,7.5
25-Jul-23 6:35 PM ICT,2.7
25-Jul-23 6:40 PM ICT,0.6
25-Jul-23 6:45 PM ICT,0.1
25-Jul-23 6:50 PM ICT,0.7
25-Jul-23 6:55 PM ICT,0.9
25-Jul-23 7:00 PM ICT,0.5
25-Jul-23 7:05 PM ICT,0.6
25-Jul-23 7:10 PM ICT,0.6
25-Jul-23 7:15 PM ICT,0.6
25-Jul-23 7:20 PM ICT,0.6
25-Jul-23 7:25 PM ICT,0.6
25-Jul-23 7:30 PM ICT,0.5
25-Jul-23 7:35 PM ICT,0.5
25-Jul-23 7:40 PM ICT,0.7
25-Jul-23 7:45 PM ICT,0.5
25-Jul-23 7:50 PM ICT,0.6
25-Jul-23 7:55 PM ICT,0.6
25-Jul-23 8:00 PM ICT,0.6
25-Jul-23 8:05 PM ICT,0.6
25-Jul-23 8:10 PM ICT,0.7
25-Jul-23 8:15 PM ICT,0.4
25-Jul-23 8:20 PM ICT,0.7
25-Jul-23 8:25 PM ICT,0.7
25-Jul-23 8:30 PM ICT,0.6
25-Jul-23 8:35 PM ICT,0.5
25-Jul-23 8:40 PM ICT,0.4
25-Jul-23 8:45 PM ICT,0.3
25-Jul-23 8:50 PM ICT,0.6
25-Jul-23 8:55 PM ICT,0.7
25-Jul-23 9:00 PM ICT,0.7
25-Jul-23 9:05 PM ICT,0.7
25-Jul-23 9:10 PM ICT,0.5
25-Jul-23 9:15 PM ICT,0.4
25-Jul-23 9:20 PM ICT,0.4
25-Jul-23 9:25 PM ICT,0.7
25-Jul-23 9:30 PM ICT,0.7
25-Jul-23 9:35 PM ICT,0.6
25-Jul-23 9:40 PM ICT,0.3
25-Jul-23 9:45 PM ICT,0.4
25-Jul-23 9:50 PM ICT,0.5
25-Jul-23 9:55 PM ICT,0.7
25-Jul-23 10:00 PM ICT,0.8
25-Jul-23 10:05 PM ICT,0.6
25-Jul-23 10:10 PM ICT,0.5
25-Jul-23 10:15 PM ICT,0.6
25-Jul-23 10:20 PM ICT,0.5
25-Jul-23 10:25 PM ICT,0.6
25-Jul-23 10:30 PM ICT,0.9
25-Jul-23 10:35 PM ICT,0.6
25-Jul-23 10:40 PM ICT,0.4
25-Jul-23 10:45 PM ICT,0.4
25-Jul-23 10:50 PM ICT,0.5
25-Jul-23 10:55 PM ICT,0.5
25-Jul-23 11:00 PM ICT,0.7
25-Jul-23 11:05 PM ICT,0.7
25-Jul-23 11:10 PM ICT,0.7
25-Jul-23 11:15 PM ICT,0.5
25-Jul-23 11:20 PM ICT,0.6
25-Jul-23 11:25 PM ICT,0.5
25-Jul-23 11:30 PM ICT,0.6
25-Jul-23 11:35 PM ICT,0.7
25-Jul-23 11:40 PM ICT,0.6
25-Jul-23 11:45 PM ICT,0.6
25-Jul-23 11:50 PM ICT,0.5
25-Jul-23 11:55 PM ICT,0.5
26-Jul-23 12:00 AM ICT,0.4
26-Jul-23 12:05 AM ICT,0.5
26-Jul-23 12:10 AM ICT,0.7
26-Jul-23 12:15 AM ICT,0.7
26-Jul-23 12:20 AM ICT,0.7
26-Jul-23 12:25 AM ICT,0.5
26-Jul-23 12:30 AM ICT,0.5
26-Jul-23 12:35 AM ICT,0.5
26-Jul-23 12:40 AM ICT,0.7
26-Jul-23 12:45 AM ICT,0.7
26-Jul-23 12:50 AM ICT,0.5
26-Jul-23 12:55 AM ICT,0.4
26-Jul-23 1:00 AM ICT,0.4
26-Jul-23 1:05 AM ICT,0.5
26-Jul-23 1:10 AM ICT,0.8
26-Jul-23 1:15 AM ICT,0.8
26-Jul-23 1:20 AM ICT,0.6
26-Jul-23 1:25 AM ICT,0.5
26-Jul-23 1:30 AM ICT,0.4
26-Jul-23 1:35 AM ICT,0.3
26-Jul-23 1:40 AM ICT,0.7
26-Jul-23 1:45 AM ICT,0.9
26-Jul-23 1:50 AM ICT,0.8
26-Jul-23 1:55 AM ICT,0.3
26-Jul-23 2:00 AM ICT,0.3
26-Jul-23 2:05 AM ICT,0.4
26-Jul-23 2:10 AM ICT,0.5
26-Jul-23 2:15 AM ICT,0.7
26-Jul-23 2:20 AM ICT,0.7
26-Jul-23 2:25 AM ICT,0.6
26-Jul-23 2:30 AM ICT,0.8
26-Jul-23 2:35 AM ICT,0.6
26-Jul-23 2:40 AM ICT,0.5
26-Jul-23 2:45 AM ICT,0.7
26-Jul-23 2:50 AM ICT,0.6
26-Jul-23 2:55 AM ICT,0.4
26-Jul-23 3:00 AM ICT,0.3
26-Jul-23 3:05 AM ICT,0.6
26-Jul-23 3:10 AM ICT,0.5
26-Jul-23 3:15 AM ICT,0.7
26-Jul-23 3:20 AM ICT,0.6
26-Jul-23 3:25 AM ICT,0.4
26-Jul-23 3:30 AM ICT,0.4
26-Jul-23 3:35 AM ICT,0.6
26-Jul-23 3:40 AM ICT,0.6
26-Jul-23 3:45 AM ICT,0.8
26-Jul-23 3:50 AM ICT,0.7
26-Jul-23 3:55 AM ICT,0.5
26-Jul-23 4:00 AM ICT,0.7
26-Jul-23 4:05 AM ICT,0.5
26-Jul-23 4:10 AM ICT,0.5
26-Jul-23 4:15 AM ICT,0.4
26-Jul-23 4:20 AM ICT,0.7
26-Jul-23 4:25 AM ICT,0.5
26-Jul-23 4:30 AM ICT,0.5
26-Jul-23 4:35 AM ICT,0.5
26-Jul-23 4:40 AM ICT,0.5
26-Jul-23 4:45 AM ICT,0.6
26-Jul-23 4:50 AM ICT,0.6
26-Jul-23 4:55 AM ICT,0.7
26-Jul-23 5:00 AM ICT,0.8
26-Jul-23 5:05 AM ICT,0.5
26-Jul-23 5:10 AM ICT,0.4
26-Jul-23 5:15 AM ICT,0.3
26-Jul-23 5:20 AM ICT,0.4
26-Jul-23 5:25 AM ICT,0.8
26-Jul-23 5:30 AM ICT,0.7
26-Jul-23 5:35 AM ICT,0.6
26-Jul-23 5:40 AM ICT,0.4
26-Jul-23 5:45 AM ICT,0.3
26-Jul-23 5:50 AM ICT,0.3
26-Jul-23 5:55 AM ICT,0.6
26-Jul-23 6:00 AM ICT,0.7
26-Jul-23 6:05 AM ICT,0.5
26-Jul-23 6:10 AM ICT,0.4
26-Jul-23 6:15 AM ICT,0.3
26-Jul-23 6:20 AM ICT,0.4
26-Jul-23 6:25 AM ICT,0.6
26-Jul-23 6:30 AM ICT,1.2
26-Jul-23 6:35 AM ICT,2.0
26-Jul-23 6:40 AM ICT,3.0
26-Jul-23 6:45 AM ICT,4.0
26-Jul-23 6:50 AM ICT,4.8
26-Jul-23 6:55 AM ICT,6.0
26-Jul-23 7:00 AM ICT,7.3
26-Jul-23 7:05 AM ICT,9.2
26-Jul-23 7:10 AM ICT,11.1
26-Jul-23 7:15 AM ICT,12.8
26-Jul-23 7:20 AM ICT,14.5
26-Jul-23 7:25 AM ICT,17.3
26-Jul-23 7:30 AM ICT,21.1
26-Jul-23 7:35 AM ICT,26.6
26-Jul-23 7:40 AM ICT,30.2
26-Jul-23 7:45 AM ICT,33.1
26-Jul-23 7:50 AM ICT,35.5
26-Jul-23 7:55 AM ICT,32.2
26-Jul-23 8:00 AM ICT,34.0
26-Jul-23 8:05 AM ICT,40.5
26-Jul-23 8:10 AM ICT,46.6
26-Jul-23 8:15 AM ICT,51.9
26-Jul-23 8:20 AM ICT,49.6
26-Jul-23 8:25 AM ICT,47.6
26-Jul-23 8:30 AM ICT,43.9
26-Jul-23 8:35 AM ICT,42.1
26-Jul-23 8:40 AM ICT,49.7
26-Jul-23 8:45 AM ICT,50.6
26-Jul-23 8:50 AM ICT,53.3
26-Jul-23 8:55 AM ICT,56.1
26-Jul-23 9:00 AM ICT,56.6
26-Jul-23 9:05 AM ICT,70.7
26-Jul-23 9:10 AM ICT,74.9
26-Jul-23 9:15 AM ICT,90.2
26-Jul-23 9:20 AM ICT,98.8
26-Jul-23 9:25 AM ICT,99.0
26-Jul-23 9:30 AM ICT,93.5
26-Jul-23 9:35 AM ICT,89.6
26-Jul-23 9:40 AM ICT,90.1
26-Jul-23 9:45 AM ICT,93.1
26-Jul-23 9:50 AM ICT,109.5
26-Jul-23 9:55 AM ICT,106.3
26-Jul-23 10:00 AM ICT,116.5
26-Jul-23 10:05 AM ICT,121.0
26-Jul-23 10:10 AM ICT,116.8
26-Jul-23 10:15 AM ICT,102.9
26-Jul-23 10:20 AM ICT,97.9
26-Jul-23 10:25 AM ICT,115.3
26-Jul-23 10:30 AM ICT,98.2
26-Jul-23 10:35 AM ICT,93.2
26-Jul-23 10:40 AM ICT,150.6
26-Jul-23 10:45 AM ICT,212.4
26-Jul-23 10:50 AM ICT,243.7
26-Jul-23 10:55 AM ICT,243.2
26-Jul-23 11:00 AM ICT,236.9
26-Jul-23 11:05 AM ICT,234.9
26-Jul-23 11:10 AM ICT,230.3
26-Jul-23 11:15 AM ICT,215.2
26-Jul-23 11:20 AM ICT,191.9
26-Jul-23 11:25 AM ICT,230.9
26-Jul-23 11:30 AM ICT,224.4
26-Jul-23 11:35 AM ICT,137.8
26-Jul-23 11:40 AM ICT,238.8
26-Jul-23 11:45 AM ICT,262.9
26-Jul-23 11:50 AM ICT,254.4
26-Jul-23 11:55 AM ICT,163.0
26-Jul-23 12:00 PM ICT,182.5
26-Jul-23 12:05 PM ICT,186.4
26-Jul-23 12:10 PM ICT,170.1
26-Jul-23 12:15 PM ICT,139.4
26-Jul-23 12:20 PM ICT,163.4
26-Jul-23 12:25 PM ICT,147.7
26-Jul-23 12:30 PM ICT,166.4
26-Jul-23 12:35 PM ICT,141.7
26-Jul-23 12:40 PM ICT,159.0
26-Jul-23 12:45 PM ICT,142.3
26-Jul-23 12:50 PM ICT,138.9
26-Jul-23 12:55 PM ICT,134.0
26-Jul-23 1:00 PM ICT,128.4
26-Jul-23 1:05 PM ICT,114.4
26-Jul-23 1:10 PM ICT,113.8
26-Jul-23 1:15 PM ICT,114.0
26-Jul-23 1:20 PM ICT,111.6
26-Jul-23 1:25 PM ICT,112.9
26-Jul-23 1:30 PM ICT,117.3
26-Jul-23 1:35 PM ICT,134.5
26-Jul-23 1:40 PM ICT,181.1
26-Jul-23 1:45 PM ICT,247.4
26-Jul-23 1:50 PM ICT,230.5
26-Jul-23 1:55 PM ICT,210.3
26-Jul-23 2:00 PM ICT,165.6
26-Jul-23 2:05 PM ICT,188.9
26-Jul-23 2:10 PM ICT,158.5
26-Jul-23 2:15 PM ICT,192.3
26-Jul-23 2:20 PM ICT,180.7
26-Jul-23 2:25 PM ICT,174.7
26-Jul-23 2:30 PM ICT,175.1
26-Jul-23 2:35 PM ICT,179.3
26-Jul-23 2:40 PM ICT,168.7
26-Jul-23 2:45 PM ICT,144.4
26-Jul-23 2:50 PM ICT,161.2
26-Jul-23 2:55 PM ICT,167.0
26-Jul-23 3:00 PM ICT,161.2
26-Jul-23 3:05 PM ICT,154.0
26-Jul-23 3:10 PM ICT,149.3
26-Jul-23 3:15 PM ICT,146.7
26-Jul-23 3:20 PM ICT,144.1
26-Jul-23 3:25 PM ICT,140.8
26-Jul-23 3:30 PM ICT,139.1
26-Jul-23 3:35 PM ICT,121.2
26-Jul-23 3:40 PM ICT,122.4
26-Jul-23 3:45 PM ICT,116.5
26-Jul-23 3:50 PM ICT,117.1
26-Jul-23 3:55 PM ICT,113.3
26-Jul-23 4:00 PM ICT,108.2
26-Jul-23 4:05 PM ICT,87.3
26-Jul-23 4:10 PM ICT,98.7
26-Jul-23 4:15 PM ICT,97.2
26-Jul-23 4:20 PM ICT,93.7
26-Jul-23 4:25 PM ICT,58.8
26-Jul-23 4:30 PM ICT,60.0
26-Jul-23 4:35 PM ICT,83.4
26-Jul-23 4:40 PM ICT,69.6
26-Jul-23 4:45 PM ICT,61.2
26-Jul-23 4:50 PM ICT,56.6
26-Jul-23 4:55 PM ICT,73.9
26-Jul-23 5:00 PM ICT,68.3
26-Jul-23 5:05 PM ICT,23.6
26-Jul-23 5:10 PM ICT,34.6
26-Jul-23 5:15 PM ICT,23.4
26-Jul-23 5:20 PM ICT,17.8
26-Jul-23 5:25 PM ICT,14.7
26-Jul-23 5:30 PM ICT,10.6
26-Jul-23 5:35 PM ICT,9.1
26-Jul-23 5:40 PM ICT,6.2
26-Jul-23 5:45 PM ICT,7.3
26-Jul-23 5:50 PM ICT,23.1
26-Jul-23 5:55 PM ICT,24.0
26-Jul-23 6:00 PM ICT,20.2
26-Jul-23 6:05 PM ICT,14.1
26-Jul-23 6:10 PM ICT,11.2
26-Jul-23 6:15 PM ICT,9.5
26-Jul-23 6:20 PM ICT,6.8
26-Jul-23 6:25 PM ICT,4.6
26-Jul-23 6:30 PM ICT,2.8
26-Jul-23 6:35 PM ICT,1.3
26-Jul-23 6:40 PM ICT,0.5
26-Jul-23 6:45 PM ICT,0.1
26-Jul-23 6:50 PM ICT,0.7
26-Jul-23 6:55 PM ICT,0.8
26-Jul-23 7:00 PM ICT,0.6
26-Jul-23 7:05 PM ICT,0.5
26-Jul-23 7:10 PM ICT,0.5
26-Jul-23 7:15 PM ICT,0.8
26-Jul-23 7:20 PM ICT,0.7
26-Jul-23 7:25 PM ICT,0.6
26-Jul-23 7:30 PM ICT,0.7
26-Jul-23 7:35 PM ICT,0.7
26-Jul-23 7:40 PM ICT,0.5
26-Jul-23 7:45 PM ICT,0.6
26-Jul-23 7:50 PM ICT,0.4
26-Jul-23 7:55 PM ICT,0.5
26-Jul-23 8:00 PM ICT,0.5
26-Jul-23 8:05 PM ICT,0.8
26-Jul-23 8:10 PM ICT,0.8
26-Jul-23 8:15 PM ICT,0.6
26-Jul-23 8:20 PM ICT,0.3
26-Jul-23 8:25 PM ICT,0.7
26-Jul-23 8:30 PM ICT,0.6
26-Jul-23 8:35 PM ICT,0.7
26-Jul-23 8:40 PM ICT,0.8
26-Jul-23 8:45 PM ICT,0.6
26-Jul-23 8:50 PM ICT,0.6
26-Jul-23 8:55 PM ICT,0.5
26-Jul-23 9:00 PM ICT,0.6
26-Jul-23 9:05 PM ICT,0.5
26-Jul-23 9:10 PM ICT,0.6
26-Jul-23 9:15 PM ICT,0.6
26-Jul-23 9:20 PM ICT,0.9
26-Jul-23 9:25 PM ICT,0.7
26-Jul-23 9:30 PM ICT,0.4
26-Jul-23 9:35 PM ICT,0.3
26-Jul-23 9:40 PM ICT,0.5
26-Jul-23 9:45 PM ICT,0.6
26-Jul-23 9:50 PM ICT,0.9
26-Jul-23 9:55 PM ICT,0.9
26-Jul-23 10:00 PM ICT,0.8
26-Jul-23 10:05 PM ICT,0.5
26-Jul-23 10:10 PM ICT,0.5
26-Jul-23 10:15 PM ICT,0.5
26-Jul-23 10:20 PM ICT,0.4
26-Jul-23 10:25 PM ICT,0.5
26-Jul-23 10:30 PM ICT,0.7
26-Jul-23 10:35 PM ICT,0.7
26-Jul-23 10:40 PM ICT,0.5
26-Jul-23 10:45 PM ICT,0.6
26-Jul-23 10:50 PM ICT,0.3
26-Jul-23 10:55 PM ICT,0.4
26-Jul-23 11:00 PM ICT,0.7
26-Jul-23 11:05 PM ICT,0.9
26-Jul-23 11:10 PM ICT,0.9
26-Jul-23 11:15 PM ICT,0.6
26-Jul-23 11:20 PM ICT,0.4
26-Jul-23 11:25 PM ICT,0.4
26-Jul-23 11:30 PM ICT,0.6
26-Jul-23 11:35 PM ICT,0.5
26-Jul-23 11:40 PM ICT,0.6
26-Jul-23 11:45 PM ICT,0.8
26-Jul-23 11:50 PM ICT,0.6
26-Jul-23 11:55 PM ICT,0.6
27-Jul-23 12:00 AM ICT,0.6
27-Jul-23 12:05 AM ICT,0.3
27-Jul-23 12:10 AM ICT,0.3
27-Jul-23 12:15 AM ICT,0.8
27-Jul-23 12:20 AM ICT,0.9
27-Jul-23 12:25 AM ICT,0.8
27-Jul-23 12:30 AM ICT,0.5
27-Jul-23 12:35 AM ICT,0.5
27-Jul-23 12:40 AM ICT,0.4
27-Jul-23 12:45 AM ICT,0.5
27-Jul-23 12:50 AM ICT,0.7
27-Jul-23 12:55 AM ICT,0.7
27-Jul-23 1:00 AM ICT,0.8
27-Jul-23 1:05 AM ICT,0.4
27-Jul-23 1:10 AM ICT,0.5
27-Jul-23 1:15 AM ICT,0.5
27-Jul-23 1:20 AM ICT,0.4
27-Jul-23 1:25 AM ICT,0.5
27-Jul-23 1:30 AM ICT,0.6
27-Jul-23 1:35 AM ICT,0.6
27-Jul-23 1:40 AM ICT,0.7
27-Jul-23 1:45 AM ICT,0.7
27-Jul-23 1:50 AM ICT,0.5
27-Jul-23 1:55 AM ICT,0.4
27-Jul-23 2:00 AM ICT,0.7
27-Jul-23 2:05 AM ICT,0.7
27-Jul-23 2:10 AM ICT,0.5
27-Jul-23 2:15 AM ICT,0.5
27-Jul-23 2:20 AM ICT,0.3
27-Jul-23 2:25 AM ICT,0.5
27-Jul-23 2:30 AM ICT,0.7
27-Jul-23 2:35 AM ICT,0.6
27-Jul-23 2:40 AM ICT,0.6
27-Jul-23 2:45 AM ICT,0.4
27-Jul-23 2:50 AM ICT,0.6
27-Jul-23 2:55 AM ICT,0.6
27-Jul-23 3:00 AM ICT,0.6
27-Jul-23 3:05 AM ICT,0.6
27-Jul-23 3:10 AM ICT,0.8
27-Jul-23 3:15 AM ICT,0.6
27-Jul-23 3:20 AM ICT,0.5
27-Jul-23 3:25 AM ICT,0.4
27-Jul-23 3:30 AM ICT,0.5
27-Jul-23 3:35 AM ICT,0.3
27-Jul-23 3:40 AM ICT,0.6
27-Jul-23 3:45 AM ICT,0.7
27-Jul-23 3:50 AM ICT,0.7
27-Jul-23 3:55 AM ICT,0.3
27-Jul-23 4:00 AM ICT,0.3
27-Jul-23 4:05 AM ICT,0.5
27-Jul-23 4:10 AM ICT,0.6
27-Jul-23 4:15 AM ICT,0.7
27-Jul-23 4:20 AM ICT,0.6
27-Jul-23 4:25 AM ICT,0.5
27-Jul-23 4:30 AM ICT,0.6
27-Jul-23 4:35 AM ICT,0.5
27-Jul-23 4:40 AM ICT,0.5
27-Jul-23 4:45 AM ICT,0.6
27-Jul-23 4:50 AM ICT,0.6
27-Jul-23 4:55 AM ICT,0.4
27-Jul-23 5:00 AM ICT,0.5
27-Jul-23 5:05 AM ICT,0.5
27-Jul-23 5:10 AM ICT,0.5
27-Jul-23 5:15 AM ICT,0.4
27-Jul-23 5:20 AM ICT,0.7
27-Jul-23 5:25 AM ICT,0.6
27-Jul-23 5:30 AM ICT,0.5
27-Jul-23 5:35 AM ICT,0.5
27-Jul-23 5:40 AM ICT,0.5
27-Jul-23 5:45 AM ICT,0.5
27-Jul-23 5:50 AM ICT,0.6
27-Jul-23 5:55 AM ICT,0.8
27-Jul-23 6:00 AM ICT,2.5
27-Jul-23 6:05 AM ICT,4.6
27-Jul-23 6:10 AM ICT,6.8
27-Jul-23 6:15 AM ICT,8.5
27-Jul-23 6:20 AM ICT,10.2
27-Jul-23 6:25 AM ICT,12.3
27-Jul-23 6:30 AM ICT,14.9
27-Jul-23 6:35 AM ICT,17.3
27-Jul-23 6:40 AM ICT,19.6
27-Jul-23 6:45 AM ICT,21.7
27-Jul-23 6:50 AM ICT,24.0
27-Jul-23 6:55 AM ICT,27.3
27-Jul-23 7:00 AM ICT,32.2
27-Jul-23 7:05 AM ICT,37.2
27-Jul-23 7:10 AM ICT,40.7
27-Jul-23 7:15 AM ICT,45.3
27-Jul-23 7:20 AM ICT,46.2
27-Jul-23 7:25 AM ICT,41.5
27-Jul-23 7:30 AM ICT,44.1
27-Jul-23 7:35 AM ICT,51.9
27-Jul-23 7:40 AM ICT,55.3
27-Jul-23 7:45 AM ICT,62.9
27-Jul-23 7:50 AM ICT,75.1
27-Jul-23 7:55 AM ICT,86.1
27-Jul-23 8:00 AM ICT,100.5
27-Jul-23 8:05 AM ICT,108.0
27-Jul-23 8:10 AM ICT,124.4
27-Jul-23 8:15 AM ICT,142.1
27-Jul-23 8:20 AM ICT,144.9
27-Jul-23 8:25 AM ICT,146.5
27-Jul-23 8:30 AM ICT,109.5
27-Jul-23 8:35 AM ICT,129.4
27-Jul-23 8:40 AM ICT,136.4
27-Jul-23 8:45 AM ICT,133.2
27-Jul-23 8:50 AM ICT,111.6
27-Jul-23 8:55 AM ICT,141.0
27-Jul-23 9:00 AM ICT,160.4
27-Jul-23 9:05 AM ICT,167.0
27-Jul-23 9:10 AM ICT,172.0
27-Jul-23 9:15 AM ICT,172.8
27-Jul-23 9:20 AM ICT,174.3