Timestamp,EV_KW(kW)
18-Jul-23 2:15 PM ICT,0.1
18-Jul-23 2:20 PM ICT,0.1
18-Jul-23 2:25 PM ICT,0.1
18-Jul-23 2:30 PM ICT,0.1
18-Jul-23 2:35 PM ICT,0.1
18-Jul-23 2:40 PM ICT,0.1
18-Jul-23 2:45 PM ICT,0.1
18-Jul-23 2:50 PM ICT,0.1
18-Jul-23 2:55 PM ICT,0.1
18-Jul-23 3:00 PM ICT,0.1
18-Jul-23 3:05 PM ICT,0.1
18-Jul-23 3:10 PM ICT,0.1
18-Jul-23 3:15 PM ICT,0.1
18-Jul-23 3:20 PM ICT,0.1
18-Jul-23 3:25 PM ICT,0.1
18-Jul-23 3:30 PM ICT,0.1
18-Jul-23 3:35 PM ICT,0.0
18-Jul-23 3:40 PM ICT,0.1
18-Jul-23 3:45 PM ICT,0.2
18-Jul-23 3:50 PM ICT,0.1
18-Jul-23 3:55 PM ICT,0.2
18-Jul-23 4:00 PM ICT,0.2
18-Jul-23 4:05 PM ICT,0.2
18-Jul-23 4:10 PM ICT,0.1
18-Jul-23 4:15 PM ICT,0.1
18-Jul-23 4:20 PM ICT,0.1
18-Jul-23 4:25 PM ICT,0.2
18-Jul-23 4:30 PM ICT,0.1
18-Jul-23 4:35 PM ICT,0.2
18-Jul-23 4:40 PM ICT,0.1
18-Jul-23 4:45 PM ICT,0.1
18-Jul-23 4:50 PM ICT,0.1
18-Jul-23 4:55 PM ICT,0.1
18-Jul-23 5:00 PM ICT,0.0
18-Jul-23 5:05 PM ICT,0.0
18-Jul-23 5:10 PM ICT,0.0
18-Jul-23 5:15 PM ICT,0.0
18-Jul-23 5:20 PM ICT,0.0
18-Jul-23 5:25 PM ICT,0.0
18-Jul-23 5:30 PM ICT,0.0
18-Jul-23 5:35 PM ICT,0.0
18-Jul-23 5:40 PM ICT,0.0
18-Jul-23 5:45 PM ICT,0.0
18-Jul-23 5:50 PM ICT,0.0
18-Jul-23 5:55 PM ICT,0.0
18-Jul-23 6:00 PM ICT,0.0
18-Jul-23 6:05 PM ICT,0.0
18-Jul-23 6:10 PM ICT,0.0
18-Jul-23 6:15 PM ICT,0.0
18-Jul-23 6:20 PM ICT,0.0
18-Jul-23 6:25 PM ICT,0.0
18-Jul-23 6:30 PM ICT,0.0
18-Jul-23 6:35 PM ICT,0.0
18-Jul-23 6:40 PM ICT,0.0
18-Jul-23 6:45 PM ICT,0.0
18-Jul-23 6:50 PM ICT,0.0
18-Jul-23 6:55 PM ICT,0.1
18-Jul-23 7:00 PM ICT,0.0
18-Jul-23 7:05 PM ICT,0.0
18-Jul-23 7:10 PM ICT,0.1
18-Jul-23 7:15 PM ICT,0.1
18-Jul-23 7:20 PM ICT,0.0
18-Jul-23 7:25 PM ICT,0.1
18-Jul-23 7:30 PM ICT,0.1
18-Jul-23 7:35 PM ICT,15.6
18-Jul-23 7:40 PM ICT,25.5
18-Jul-23 7:45 PM ICT,25.5
18-Jul-23 7:50 PM ICT,25.5
18-Jul-23 7:55 PM ICT,25.5
18-Jul-23 8:00 PM ICT,25.7
18-Jul-23 8:05 PM ICT,25.7
18-Jul-23 8:10 PM ICT,25.8
18-Jul-23 8:15 PM ICT,25.8
18-Jul-23 8:20 PM ICT,25.8
18-Jul-23 8:25 PM ICT,25.9
18-Jul-23 8:30 PM ICT,25.9
18-Jul-23 8:35 PM ICT,0.1
18-Jul-23 8:40 PM ICT,0.1
18-Jul-23 8:45 PM ICT,0.0
18-Jul-23 8:50 PM ICT,0.0
18-Jul-23 8:55 PM ICT,0.0
18-Jul-23 9:00 PM ICT,0.0
18-Jul-23 9:05 PM ICT,0.0
18-Jul-23 9:10 PM ICT,0.0
18-Jul-23 9:15 PM ICT,0.0
18-Jul-23 9:20 PM ICT,0.0
18-Jul-23 9:25 PM ICT,0.0
18-Jul-23 9:30 PM ICT,0.0
18-Jul-23 9:35 PM ICT,0.0
18-Jul-23 9:40 PM ICT,0.0
18-Jul-23 9:45 PM ICT,0.0
18-Jul-23 9:50 PM ICT,0.0
18-Jul-23 9:55 PM ICT,0.0
18-Jul-23 10:00 PM ICT,0.0
18-Jul-23 10:05 PM ICT,0.0
18-Jul-23 10:10 PM ICT,0.0
18-Jul-23 10:15 PM ICT,0.0
18-Jul-23 10:20 PM ICT,0.0
18-Jul-23 10:25 PM ICT,0.0
18-Jul-23 10:30 PM ICT,0.0
18-Jul-23 10:35 PM ICT,0.0
18-Jul-23 10:40 PM ICT,0.0
18-Jul-23 10:45 PM ICT,0.0
18-Jul-23 10:50 PM ICT,0.0
18-Jul-23 10:55 PM ICT,0.0
18-Jul-23 11:00 PM ICT,0.0
18-Jul-23 11:05 PM ICT,0.0
18-Jul-23 11:10 PM ICT,0.0
18-Jul-23 11:15 PM ICT,0.0
18-Jul-23 11:20 PM ICT,0.0
18-Jul-23 11:25 PM ICT,0.0
18-Jul-23 11:30 PM ICT,0.0
18-Jul-23 11:35 PM ICT,0.0
18-Jul-23 11:40 PM ICT,0.0
18-Jul-23 11:45 PM ICT,0.0
18-Jul-23 11:50 PM ICT,0.0
18-Jul-23 11:55 PM ICT,0.0
19-Jul-23 12:00 AM ICT,0.0
19-Jul-23 12:05 AM ICT,0.0
19-Jul-23 12:10 AM ICT,0.0
19-Jul-23 12:15 AM ICT,0.0
19-Jul-23 12:20 AM ICT,0.0
19-Jul-23 12:25 AM ICT,0.0
19-Jul-23 12:30 AM ICT,0.0
19-Jul-23 12:35 AM ICT,0.0
19-Jul-23 12:40 AM ICT,0.0
19-Jul-23 12:45 AM ICT,0.0
19-Jul-23 12:50 AM ICT,0.0
19-Jul-23 12:55 AM ICT,0.0
19-Jul-23 1:00 AM ICT,0.0
19-Jul-23 1:05 AM ICT,0.0
19-Jul-23 1:10 AM ICT,0.0
19-Jul-23 1:15 AM ICT,0.0
19-Jul-23 1:20 AM ICT,0.0
19-Jul-23 1:25 AM ICT,0.0
19-Jul-23 1:30 AM ICT,0.0
19-Jul-23 1:35 AM ICT,0.0
19-Jul-23 1:40 AM ICT,0.0
19-Jul-23 1:45 AM ICT,0.0
19-Jul-23 1:50 AM ICT,0.0
19-Jul-23 1:55 AM ICT,0.0
19-Jul-23 2:00 AM ICT,0.0
19-Jul-23 2:05 AM ICT,0.0
19-Jul-23 2:10 AM ICT,0.0
19-Jul-23 2:15 AM ICT,0.0
19-Jul-23 2:20 AM ICT,0.0
19-Jul-23 2:25 AM ICT,0.0
19-Jul-23 2:30 AM ICT,0.0
19-Jul-23 2:35 AM ICT,0.0
19-Jul-23 2:40 AM ICT,0.0
19-Jul-23 2:45 AM ICT,0.0
19-Jul-23 2:50 AM ICT,0.0
19-Jul-23 2:55 AM ICT,0.0
19-Jul-23 3:00 AM ICT,0.0
19-Jul-23 3:05 AM ICT,0.0
19-Jul-23 3:10 AM ICT,0.0
19-Jul-23 3:15 AM ICT,0.0
19-Jul-23 3:20 AM ICT,0.0
19-Jul-23 3:25 AM ICT,0.0
19-Jul-23 3:30 AM ICT,0.0
19-Jul-23 3:35 AM ICT,0.0
19-Jul-23 3:40 AM ICT,0.0
19-Jul-23 3:45 AM ICT,0.0
19-Jul-23 3:50 AM ICT,0.0
19-Jul-23 3:55 AM ICT,0.0
19-Jul-23 4:00 AM ICT,0.0
19-Jul-23 4:05 AM ICT,0.0
19-Jul-23 4:10 AM ICT,0.0
19-Jul-23 4:15 AM ICT,0.0
19-Jul-23 4:20 AM ICT,0.0
19-Jul-23 4:25 AM ICT,0.0
19-Jul-23 4:30 AM ICT,0.0
19-Jul-23 4:35 AM ICT,0.0
19-Jul-23 4:40 AM ICT,0.0
19-Jul-23 4:45 AM ICT,0.0
19-Jul-23 4:50 AM ICT,0.0
19-Jul-23 4:55 AM ICT,0.0
19-Jul-23 5:00 AM ICT,0.0
19-Jul-23 5:05 AM ICT,0.0
19-Jul-23 5:10 AM ICT,0.0
19-Jul-23 5:15 AM ICT,0.0
19-Jul-23 5:20 AM ICT,0.0
19-Jul-23 5:25 AM ICT,0.0
19-Jul-23 5:30 AM ICT,0.0
19-Jul-23 5:35 AM ICT,0.0
19-Jul-23 5:40 AM ICT,0.0
19-Jul-23 5:45 AM ICT,0.0
19-Jul-23 5:50 AM ICT,0.0
19-Jul-23 5:55 AM ICT,0.0
19-Jul-23 6:00 AM ICT,0.0
19-Jul-23 6:05 AM ICT,0.0
19-Jul-23 6:10 AM ICT,0.0
19-Jul-23 6:15 AM ICT,0.0
19-Jul-23 6:20 AM ICT,0.0
19-Jul-23 6:25 AM ICT,0.0
19-Jul-23 6:30 AM ICT,0.0
19-Jul-23 6:35 AM ICT,0.0
19-Jul-23 6:40 AM ICT,0.0
19-Jul-23 6:45 AM ICT,0.0
19-Jul-23 6:50 AM ICT,0.0
19-Jul-23 6:55 AM ICT,0.0
19-Jul-23 7:00 AM ICT,0.0
19-Jul-23 7:05 AM ICT,0.0
19-Jul-23 7:10 AM ICT,0.0
19-Jul-23 7:15 AM ICT,0.0
19-Jul-23 7:20 AM ICT,0.0
19-Jul-23 7:25 AM ICT,0.0
19-Jul-23 7:30 AM ICT,0.0
19-Jul-23 7:35 AM ICT,0.1
19-Jul-23 7:40 AM ICT,0.0
19-Jul-23 7:45 AM ICT,0.0
19-Jul-23 7:50 AM ICT,0.0
19-Jul-23 7:55 AM ICT,0.0
19-Jul-23 8:00 AM ICT,0.0
19-Jul-23 8:05 AM ICT,0.0
19-Jul-23 8:10 AM ICT,0.2
19-Jul-23 8:15 AM ICT,0.1
19-Jul-23 8:20 AM ICT,0.1
19-Jul-23 8:25 AM ICT,0.1
19-Jul-23 8:30 AM ICT,0.0
19-Jul-23 8:35 AM ICT,0.1
19-Jul-23 8:40 AM ICT,0.1
19-Jul-23 8:45 AM ICT,0.1
19-Jul-23 8:50 AM ICT,0.1
19-Jul-23 8:55 AM ICT,0.1
19-Jul-23 9:00 AM ICT,0.1
19-Jul-23 9:05 AM ICT,0.1
19-Jul-23 9:10 AM ICT,0.1
19-Jul-23 9:15 AM ICT,0.1
19-Jul-23 9:20 AM ICT,0.1
19-Jul-23 9:25 AM ICT,0.0
19-Jul-23 9:30 AM ICT,22.0
19-Jul-23 9:35 AM ICT,25.8
19-Jul-23 9:40 AM ICT,25.9
19-Jul-23 9:45 AM ICT,26.0
19-Jul-23 9:50 AM ICT,26.0
19-Jul-23 9:55 AM ICT,26.0
19-Jul-23 10:00 AM ICT,26.1
19-Jul-23 10:05 AM ICT,26.1
19-Jul-23 10:10 AM ICT,26.0
19-Jul-23 10:15 AM ICT,26.2
19-Jul-23 10:20 AM ICT,26.0
19-Jul-23 10:25 AM ICT,20.4
19-Jul-23 10:30 AM ICT,14.1
19-Jul-23 10:35 AM ICT,9.4
19-Jul-23 10:40 AM ICT,6.7
19-Jul-23 10:45 AM ICT,5.1
19-Jul-23 10:50 AM ICT,1.5
19-Jul-23 10:55 AM ICT,0.0
19-Jul-23 11:00 AM ICT,0.2
19-Jul-23 11:05 AM ICT,0.1
19-Jul-23 11:10 AM ICT,0.1
19-Jul-23 11:15 AM ICT,0.1
19-Jul-23 11:20 AM ICT,0.1
19-Jul-23 11:25 AM ICT,0.2
19-Jul-23 11:30 AM ICT,0.1
19-Jul-23 11:35 AM ICT,0.1
19-Jul-23 11:40 AM ICT,0.1
19-Jul-23 11:45 AM ICT,0.1
19-Jul-23 11:50 AM ICT,0.1
19-Jul-23 11:55 AM ICT,0.1
19-Jul-23 12:00 PM ICT,0.1
19-Jul-23 12:05 PM ICT,0.1
19-Jul-23 12:10 PM ICT,0.1
19-Jul-23 12:15 PM ICT,0.1
19-Jul-23 12:20 PM ICT,0.1
19-Jul-23 12:25 PM ICT,0.1
19-Jul-23 12:30 PM ICT,0.1
19-Jul-23 12:35 PM ICT,0.1
19-Jul-23 12:40 PM ICT,0.1
19-Jul-23 12:45 PM ICT,0.1
19-Jul-23 12:50 PM ICT,0.1
19-Jul-23 12:55 PM ICT,0.1
19-Jul-23 1:00 PM ICT,0.1
19-Jul-23 1:05 PM ICT,0.1
19-Jul-23 1:10 PM ICT,0.1
19-Jul-23 1:15 PM ICT,0.1
19-Jul-23 1:20 PM ICT,0.1
19-Jul-23 1:25 PM ICT,0.1
19-Jul-23 1:30 PM ICT,0.1
19-Jul-23 1:35 PM ICT,0.1
19-Jul-23 1:40 PM ICT,0.1
19-Jul-23 1:45 PM ICT,0.1
19-Jul-23 1:50 PM ICT,0.1
19-Jul-23 1:55 PM ICT,0.2
19-Jul-23 2:00 PM ICT,0.1
19-Jul-23 2:05 PM ICT,0.1
19-Jul-23 2:10 PM ICT,0.1
19-Jul-23 2:15 PM ICT,0.1
19-Jul-23 2:20 PM ICT,0.1
19-Jul-23 2:25 PM ICT,0.1
19-Jul-23 2:30 PM ICT,0.0
19-Jul-23 2:35 PM ICT,0.1
19-Jul-23 2:40 PM ICT,0.1
19-Jul-23 2:45 PM ICT,0.1
19-Jul-23 2:50 PM ICT,0.1
19-Jul-23 2:55 PM ICT,0.1
19-Jul-23 3:00 PM ICT,0.1
19-Jul-23 3:05 PM ICT,0.1
19-Jul-23 3:10 PM ICT,0.1
19-Jul-23 3:15 PM ICT,0.1
19-Jul-23 3:20 PM ICT,0.1
19-Jul-23 3:25 PM ICT,0.2
19-Jul-23 3:30 PM ICT,0.1
19-Jul-23 3:35 PM ICT,0.1
19-Jul-23 3:40 PM ICT,0.1
19-Jul-23 3:45 PM ICT,0.1
19-Jul-23 3:50 PM ICT,0.0
19-Jul-23 3:55 PM ICT,0.1
19-Jul-23 4:00 PM ICT,0.2
19-Jul-23 4:05 PM ICT,0.1
19-Jul-23 4:10 PM ICT,0.2
19-Jul-23 4:15 PM ICT,0.1
19-Jul-23 4:20 PM ICT,0.1
19-Jul-23 4:25 PM ICT,0.1
19-Jul-23 4:30 PM ICT,0.2
19-Jul-23 4:35 PM ICT,0.1
19-Jul-23 4:40 PM ICT,0.2
19-Jul-23 4:45 PM ICT,0.1
19-Jul-23 4:50 PM ICT,0.1
19-Jul-23 4:55 PM ICT,0.1
19-Jul-23 5:00 PM ICT,0.0
19-Jul-23 5:05 PM ICT,0.0
19-Jul-23 5:10 PM ICT,0.0
19-Jul-23 5:15 PM ICT,0.0
19-Jul-23 5:20 PM ICT,0.0
19-Jul-23 5:25 PM ICT,0.0
19-Jul-23 5:30 PM ICT,0.0
19-Jul-23 5:35 PM ICT,0.0
19-Jul-23 5:40 PM ICT,0.0
19-Jul-23 5:45 PM ICT,0.0
19-Jul-23 5:50 PM ICT,0.0
19-Jul-23 5:55 PM ICT,0.0
19-Jul-23 6:00 PM ICT,0.0
19-Jul-23 6:05 PM ICT,0.0
19-Jul-23 6:10 PM ICT,0.0
19-Jul-23 6:15 PM ICT,0.0
19-Jul-23 6:20 PM ICT,0.0
19-Jul-23 6:25 PM ICT,0.0
19-Jul-23 6:30 PM ICT,0.0
19-Jul-23 6:35 PM ICT,0.0
19-Jul-23 6:40 PM ICT,0.0
19-Jul-23 6:45 PM ICT,0.0
19-Jul-23 6:50 PM ICT,0.0
19-Jul-23 6:55 PM ICT,0.0
19-Jul-23 7:00 PM ICT,0.0
19-Jul-23 7:05 PM ICT,0.0
19-Jul-23 7:10 PM ICT,0.0
19-Jul-23 7:15 PM ICT,0.0
19-Jul-23 7:20 PM ICT,0.0
19-Jul-23 7:25 PM ICT,0.0
19-Jul-23 7:30 PM ICT,0.0
19-Jul-23 7:35 PM ICT,0.0
19-Jul-23 7:40 PM ICT,0.0
19-Jul-23 7:45 PM ICT,0.0
19-Jul-23 7:50 PM ICT,0.0
19-Jul-23 7:55 PM ICT,0.0
19-Jul-23 8:00 PM ICT,0.0
19-Jul-23 8:05 PM ICT,0.0
19-Jul-23 8:10 PM ICT,0.0
19-Jul-23 8:15 PM ICT,0.0
19-Jul-23 8:20 PM ICT,0.0
19-Jul-23 8:25 PM ICT,0.0
19-Jul-23 8:30 PM ICT,0.0
19-Jul-23 8:35 PM ICT,0.0
19-Jul-23 8:40 PM ICT,0.0
19-Jul-23 8:45 PM ICT,0.0
19-Jul-23 8:50 PM ICT,0.0
19-Jul-23 8:55 PM ICT,0.0
19-Jul-23 9:00 PM ICT,0.0
19-Jul-23 9:05 PM ICT,0.0
19-Jul-23 9:10 PM ICT,0.0
19-Jul-23 9:15 PM ICT,0.0
19-Jul-23 9:20 PM ICT,0.0
19-Jul-23 9:25 PM ICT,0.0
19-Jul-23 9:30 PM ICT,0.0
19-Jul-23 9:35 PM ICT,0.0
19-Jul-23 9:40 PM ICT,0.0
19-Jul-23 9:45 PM ICT,0.0
19-Jul-23 9:50 PM ICT,0.0
19-Jul-23 9:55 PM ICT,0.0
19-Jul-23 10:00 PM ICT,0.0
19-Jul-23 10:05 PM ICT,0.0
19-Jul-23 10:10 PM ICT,0.0
19-Jul-23 10:15 PM ICT,0.0
19-Jul-23 10:20 PM ICT,0.0
19-Jul-23 10:25 PM ICT,0.0
19-Jul-23 10:30 PM ICT,0.0
19-Jul-23 10:35 PM ICT,0.0
19-Jul-23 10:40 PM ICT,0.0
19-Jul-23 10:45 PM ICT,0.0
19-Jul-23 10:50 PM ICT,0.0
19-Jul-23 10:55 PM ICT,0.0
19-Jul-23 11:00 PM ICT,0.0
19-Jul-23 11:05 PM ICT,0.0
19-Jul-23 11:10 PM ICT,0.0
19-Jul-23 11:15 PM ICT,0.0
19-Jul-23 11:20 PM ICT,0.0
19-Jul-23 11:25 PM ICT,0.0
19-Jul-23 11:30 PM ICT,0.0
19-Jul-23 11:35 PM ICT,0.0
19-Jul-23 11:40 PM ICT,0.0
19-Jul-23 11:45 PM ICT,0.0
19-Jul-23 11:50 PM ICT,0.0
19-Jul-23 11:55 PM ICT,0.0
20-Jul-23 12:00 AM ICT,0.0
20-Jul-23 12:05 AM ICT,0.0
20-Jul-23 12:10 AM ICT,0.0
20-Jul-23 12:15 AM ICT,0.0
20-Jul-23 12:20 AM ICT,0.0
20-Jul-23 12:25 AM ICT,0.0
20-Jul-23 12:30 AM ICT,0.0
20-Jul-23 12:35 AM ICT,0.0
20-Jul-23 12:40 AM ICT,0.0
20-Jul-23 12:45 AM ICT,0.0
20-Jul-23 12:50 AM ICT,0.0
20-Jul-23 12:55 AM ICT,0.0
20-Jul-23 1:00 AM ICT,0.0
20-Jul-23 1:05 AM ICT,0.0
20-Jul-23 1:10 AM ICT,0.0
20-Jul-23 1:15 AM ICT,0.0
20-Jul-23 1:20 AM ICT,0.0
20-Jul-23 1:25 AM ICT,0.0
20-Jul-23 1:30 AM ICT,0.0
20-Jul-23 1:35 AM ICT,0.0
20-Jul-23 1:40 AM ICT,0.0
20-Jul-23 1:45 AM ICT,0.0
20-Jul-23 1:50 AM ICT,0.0
20-Jul-23 1:55 AM ICT,0.0
20-Jul-23 2:00 AM ICT,0.0
20-Jul-23 2:05 AM ICT,0.0
20-Jul-23 2:10 AM ICT,0.0
20-Jul-23 2:15 AM ICT,0.0
20-Jul-23 2:20 AM ICT,0.0
20-Jul-23 2:25 AM ICT,0.0
20-Jul-23 2:30 AM ICT,0.0
20-Jul-23 2:35 AM ICT,0.0
20-Jul-23 2:40 AM ICT,0.0
20-Jul-23 2:45 AM ICT,0.0
20-Jul-23 2:50 AM ICT,0.0
20-Jul-23 2:55 AM ICT,0.0
20-Jul-23 3:00 AM ICT,0.0
20-Jul-23 3:05 AM ICT,0.0
20-Jul-23 3:10 AM ICT,0.0
20-Jul-23 3:15 AM ICT,0.0
20-Jul-23 3:20 AM ICT,0.0
20-Jul-23 3:25 AM ICT,0.0
20-Jul-23 3:30 AM ICT,0.0
20-Jul-23 3:35 AM ICT,0.0
20-Jul-23 3:40 AM ICT,0.0
20-Jul-23 3:45 AM ICT,0.0
20-Jul-23 3:50 AM ICT,0.0
20-Jul-23 3:55 AM ICT,0.0
20-Jul-23 4:00 AM ICT,0.0
20-Jul-23 4:05 AM ICT,0.0
20-Jul-23 4:10 AM ICT,0.0
20-Jul-23 4:15 AM ICT,0.0
20-Jul-23 4:20 AM ICT,0.0
20-Jul-23 4:25 AM ICT,0.0
20-Jul-23 4:30 AM ICT,0.0
20-Jul-23 4:35 AM ICT,0.0
20-Jul-23 4:40 AM ICT,0.0
20-Jul-23 4:45 AM ICT,0.0
20-Jul-23 4:50 AM ICT,0.0
20-Jul-23 4:55 AM ICT,0.0
20-Jul-23 5:00 AM ICT,0.0
20-Jul-23 5:05 AM ICT,0.0
20-Jul-23 5:10 AM ICT,0.0
20-Jul-23 5:15 AM ICT,0.0
20-Jul-23 5:20 AM ICT,0.0
20-Jul-23 5:25 AM ICT,0.0
20-Jul-23 5:30 AM ICT,0.0
20-Jul-23 5:35 AM ICT,0.0
20-Jul-23 5:40 AM ICT,0.0
20-Jul-23 5:45 AM ICT,0.0
20-Jul-23 5:50 AM ICT,0.0
20-Jul-23 5:55 AM ICT,0.0
20-Jul-23 6:00 AM ICT,0.0
20-Jul-23 6:05 AM ICT,0.0
20-Jul-23 6:10 AM ICT,0.0
20-Jul-23 6:15 AM ICT,0.0
20-Jul-23 6:20 AM ICT,0.0
20-Jul-23 6:25 AM ICT,0.0
20-Jul-23 6:30 AM ICT,0.0
20-Jul-23 6:35 AM ICT,0.0
20-Jul-23 6:40 AM ICT,0.0
20-Jul-23 6:45 AM ICT,0.0
20-Jul-23 6:50 AM ICT,0.0
20-Jul-23 6:55 AM ICT,0.0
20-Jul-23 7:00 AM ICT,0.0
20-Jul-23 7:05 AM ICT,0.0
20-Jul-23 7:10 AM ICT,0.0
20-Jul-23 7:15 AM ICT,9.5
20-Jul-23 7:20 AM ICT,22.8
20-Jul-23 7:25 AM ICT,23.1
20-Jul-23 7:30 AM ICT,23.4
20-Jul-23 7:35 AM ICT,23.7
20-Jul-23 7:40 AM ICT,24.0
20-Jul-23 7:45 AM ICT,24.4
20-Jul-23 7:50 AM ICT,24.7
20-Jul-23 7:55 AM ICT,18.9
20-Jul-23 8:00 AM ICT,15.2
20-Jul-23 8:05 AM ICT,15.4
20-Jul-23 8:10 AM ICT,15.5
20-Jul-23 8:15 AM ICT,4.4
20-Jul-23 8:20 AM ICT,0.2
20-Jul-23 8:25 AM ICT,0.2
20-Jul-23 8:30 AM ICT,0.2
20-Jul-23 8:35 AM ICT,0.1
20-Jul-23 8:40 AM ICT,0.1
20-Jul-23 8:45 AM ICT,0.2
20-Jul-23 8:50 AM ICT,0.1
20-Jul-23 8:55 AM ICT,0.1
20-Jul-23 9:00 AM ICT,0.1
20-Jul-23 9:05 AM ICT,0.1
20-Jul-23 9:10 AM ICT,0.1
20-Jul-23 9:15 AM ICT,0.1
20-Jul-23 9:20 AM ICT,0.0
20-Jul-23 9:25 AM ICT,0.0
20-Jul-23 9:30 AM ICT,0.1
20-Jul-23 9:35 AM ICT,0.0
20-Jul-23 9:40 AM ICT,0.1
20-Jul-23 9:45 AM ICT,0.1
20-Jul-23 9:50 AM ICT,0.1
20-Jul-23 9:55 AM ICT,0.1
20-Jul-23 10:00 AM ICT,0.1
20-Jul-23 10:05 AM ICT,0.1
20-Jul-23 10:10 AM ICT,0.1
20-Jul-23 10:15 AM ICT,0.2
20-Jul-23 10:20 AM ICT,0.1
20-Jul-23 10:25 AM ICT,0.1
20-Jul-23 10:30 AM ICT,0.1
20-Jul-23 10:35 AM ICT,0.2
20-Jul-23 10:40 AM ICT,0.1
20-Jul-23 10:45 AM ICT,0.2
20-Jul-23 10:50 AM ICT,0.1
20-Jul-23 10:55 AM ICT,0.2
20-Jul-23 11:00 AM ICT,0.1
20-Jul-23 11:05 AM ICT,0.2
20-Jul-23 11:10 AM ICT,0.1
20-Jul-23 11:15 AM ICT,0.1
20-Jul-23 11:20 AM ICT,0.2
20-Jul-23 11:25 AM ICT,0.1
20-Jul-23 11:30 AM ICT,0.1
20-Jul-23 11:35 AM ICT,0.2
20-Jul-23 11:40 AM ICT,0.1
20-Jul-23 11:45 AM ICT,0.1
20-Jul-23 11:50 AM ICT,0.1
20-Jul-23 11:55 AM ICT,0.1
20-Jul-23 12:00 PM ICT,0.2
20-Jul-23 12:05 PM ICT,0.1
20-Jul-23 12:10 PM ICT,0.1
20-Jul-23 12:15 PM ICT,0.1
20-Jul-23 12:20 PM ICT,0.1
20-Jul-23 12:25 PM ICT,0.2
20-Jul-23 12:30 PM ICT,0.1
20-Jul-23 12:35 PM ICT,0.2
20-Jul-23 12:40 PM ICT,0.1
20-Jul-23 12:45 PM ICT,0.2
20-Jul-23 12:50 PM ICT,0.2
20-Jul-23 12:55 PM ICT,0.2
20-Jul-23 1:00 PM ICT,0.2
20-Jul-23 1:05 PM ICT,0.2
20-Jul-23 1:10 PM ICT,0.1
20-Jul-23 1:15 PM ICT,0.1
20-Jul-23 1:20 PM ICT,0.1
20-Jul-23 1:25 PM ICT,0.1
20-Jul-23 1:30 PM ICT,0.1
20-Jul-23 1:35 PM ICT,0.1
20-Jul-23 1:40 PM ICT,0.1
20-Jul-23 1:45 PM ICT,0.1
20-Jul-23 1:50 PM ICT,0.1
20-Jul-23 1:55 PM ICT,0.1
20-Jul-23 2:00 PM ICT,0.1
20-Jul-23 2:05 PM ICT,0.1
20-Jul-23 2:10 PM ICT,0.1
20-Jul-23 2:15 PM ICT,0.1
20-Jul-23 2:20 PM ICT,0.1
20-Jul-23 2:25 PM ICT,0.1
20-Jul-23 2:30 PM ICT,0.2
20-Jul-23 2:35 PM ICT,0.1
20-Jul-23 2:40 PM ICT,0.1
20-Jul-23 2:45 PM ICT,0.2
20-Jul-23 2:50 PM ICT,0.1
20-Jul-23 2:55 PM ICT,0.1
20-Jul-23 3:00 PM ICT,0.1
20-Jul-23 3:05 PM ICT,0.1
20-Jul-23 3:10 PM ICT,0.1
20-Jul-23 3:15 PM ICT,0.1
20-Jul-23 3:20 PM ICT,0.1
20-Jul-23 3:25 PM ICT,0.1
20-Jul-23 3:30 PM ICT,0.2
20-Jul-23 3:35 PM ICT,0.1
20-Jul-23 3:40 PM ICT,0.1
20-Jul-23 3:45 PM ICT,0.2
20-Jul-23 3:50 PM ICT,0.1
20-Jul-23 3:55 PM ICT,0.1
20-Jul-23 4:00 PM ICT,0.1
20-Jul-23 4:05 PM ICT,0.1
20-Jul-23 4:10 PM ICT,0.1
20-Jul-23 4:15 PM ICT,0.1
20-Jul-23 4:20 PM ICT,0.0
20-Jul-23 4:25 PM ICT,0.1
20-Jul-23 4:30 PM ICT,0.1
20-Jul-23 4:35 PM ICT,0.1
20-Jul-23 4:40 PM ICT,0.1
20-Jul-23 4:45 PM ICT,0.1
20-Jul-23 4:50 PM ICT,0.0
20-Jul-23 4:55 PM ICT,0.0
20-Jul-23 5:00 PM ICT,0.0
20-Jul-23 5:05 PM ICT,0.0
20-Jul-23 5:10 PM ICT,0.0
20-Jul-23 5:15 PM ICT,0.0
20-Jul-23 5:20 PM ICT,0.0
20-Jul-23 5:25 PM ICT,0.0
20-Jul-23 5:30 PM ICT,0.0
20-Jul-23 5:35 PM ICT,0.0
20-Jul-23 5:40 PM ICT,2.0
20-Jul-23 5:45 PM ICT,25.6
20-Jul-23 5:50 PM ICT,25.8
20-Jul-23 5:55 PM ICT,25.8
20-Jul-23 6:00 PM ICT,25.9
20-Jul-23 6:05 PM ICT,25.9
20-Jul-23 6:10 PM ICT,25.9
20-Jul-23 6:15 PM ICT,26.0
20-Jul-23 6:20 PM ICT,26.0
20-Jul-23 6:25 PM ICT,25.7
20-Jul-23 6:30 PM ICT,20.1
20-Jul-23 6:35 PM ICT,14.1
20-Jul-23 6:40 PM ICT,9.7
20-Jul-23 6:45 PM ICT,6.8
20-Jul-23 6:50 PM ICT,4.3
20-Jul-23 6:55 PM ICT,0.1
20-Jul-23 7:00 PM ICT,0.1
20-Jul-23 7:05 PM ICT,0.0
20-Jul-23 7:10 PM ICT,0.0
20-Jul-23 7:15 PM ICT,0.0
20-Jul-23 7:20 PM ICT,0.0
20-Jul-23 7:25 PM ICT,0.0
20-Jul-23 7:30 PM ICT,0.0
20-Jul-23 7:35 PM ICT,0.0
20-Jul-23 7:40 PM ICT,0.0
20-Jul-23 7:45 PM ICT,0.0
20-Jul-23 7:50 PM ICT,0.0
20-Jul-23 7:55 PM ICT,0.0
20-Jul-23 8:00 PM ICT,0.0
20-Jul-23 8:05 PM ICT,0.0
20-Jul-23 8:10 PM ICT,0.0
20-Jul-23 8:15 PM ICT,0.0
20-Jul-23 8:20 PM ICT,0.0
20-Jul-23 8:25 PM ICT,0.0
20-Jul-23 8:30 PM ICT,0.0
20-Jul-23 8:35 PM ICT,0.0
20-Jul-23 8:40 PM ICT,0.0
20-Jul-23 8:45 PM ICT,0.0
20-Jul-23 8:50 PM ICT,0.0
20-Jul-23 8:55 PM ICT,0.0
20-Jul-23 9:00 PM ICT,0.0
20-Jul-23 9:05 PM ICT,0.0
20-Jul-23 9:10 PM ICT,0.0
20-Jul-23 9:15 PM ICT,0.0
20-Jul-23 9:20 PM ICT,0.0
20-Jul-23 9:25 PM ICT,0.0
20-Jul-23 9:30 PM ICT,0.0
20-Jul-23 9:35 PM ICT,0.0
20-Jul-23 9:40 PM ICT,0.0
20-Jul-23 9:45 PM ICT,0.0
20-Jul-23 9:50 PM ICT,0.0
20-Jul-23 9:55 PM ICT,0.0
20-Jul-23 10:00 PM ICT,0.0
20-Jul-23 10:05 PM ICT,0.0
20-Jul-23 10:10 PM ICT,0.0
20-Jul-23 10:15 PM ICT,0.0
20-Jul-23 10:20 PM ICT,0.0
20-Jul-23 10:25 PM ICT,0.0
20-Jul-23 10:30 PM ICT,0.0
20-Jul-23 10:35 PM ICT,0.0
20-Jul-23 10:40 PM ICT,0.0
20-Jul-23 10:45 PM ICT,0.0
20-Jul-23 10:50 PM ICT,0.0
20-Jul-23 10:55 PM ICT,0.0
20-Jul-23 11:00 PM ICT,0.0
20-Jul-23 11:05 PM ICT,0.0
20-Jul-23 11:10 PM ICT,0.0
20-Jul-23 11:15 PM ICT,0.0
20-Jul-23 11:20 PM ICT,0.0
20-Jul-23 11:25 PM ICT,0.0
20-Jul-23 11:30 PM ICT,0.0
20-Jul-23 11:35 PM ICT,0.0
20-Jul-23 11:40 PM ICT,0.0
20-Jul-23 11:45 PM ICT,0.0
20-Jul-23 11:50 PM ICT,0.0
20-Jul-23 11:55 PM ICT,0.0
21-Jul-23 12:00 AM ICT,0.0
21-Jul-23 12:05 AM ICT,0.0
21-Jul-23 12:10 AM ICT,0.0
21-Jul-23 12:15 AM ICT,0.0
21-Jul-23 12:20 AM ICT,0.0
21-Jul-23 12:25 AM ICT,0.0
21-Jul-23 12:30 AM ICT,0.0
21-Jul-23 12:35 AM ICT,0.0
21-Jul-23 12:40 AM ICT,0.0
21-Jul-23 12:45 AM ICT,0.0
21-Jul-23 12:50 AM ICT,0.0
21-Jul-23 12:55 AM ICT,0.0
21-Jul-23 1:00 AM ICT,0.0
21-Jul-23 1:05 AM ICT,0.0
21-Jul-23 1:10 AM ICT,0.0
21-Jul-23 1:15 AM ICT,0.0
21-Jul-23 1:20 AM ICT,0.0
21-Jul-23 1:25 AM ICT,0.0
21-Jul-23 1:30 AM ICT,0.0
21-Jul-23 1:35 AM ICT,0.0
21-Jul-23 1:40 AM ICT,0.0
21-Jul-23 1:45 AM ICT,0.0
21-Jul-23 1:50 AM ICT,0.0
21-Jul-23 1:55 AM ICT,0.0
21-Jul-23 2:00 AM ICT,0.0
21-Jul-23 2:05 AM ICT,0.0
21-Jul-23 2:10 AM ICT,0.0
21-Jul-23 2:15 AM ICT,0.0
21-Jul-23 2:20 AM ICT,0.0
21-Jul-23 2:25 AM ICT,0.0
21-Jul-23 2:30 AM ICT,0.0
21-Jul-23 2:35 AM ICT,0.0
21-Jul-23 2:40 AM ICT,0.0
21-Jul-23 2:45 AM ICT,0.0
21-Jul-23 2:50 AM ICT,0.0
21-Jul-23 2:55 AM ICT,0.0
21-Jul-23 3:00 AM ICT,0.0
21-Jul-23 3:05 AM ICT,0.0
21-Jul-23 3:10 AM ICT,0.0
21-Jul-23 3:15 AM ICT,0.0
21-Jul-23 3:20 AM ICT,0.0
21-Jul-23 3:25 AM ICT,0.0
21-Jul-23 3:30 AM ICT,0.0
21-Jul-23 3:35 AM ICT,0.0
21-Jul-23 3:40 AM ICT,0.0
21-Jul-23 3:45 AM ICT,0.0
21-Jul-23 3:50 AM ICT,0.0
21-Jul-23 3:55 AM ICT,0.0
21-Jul-23 4:00 AM ICT,0.0
21-Jul-23 4:05 AM ICT,0.0
21-Jul-23 4:10 AM ICT,0.0
21-Jul-23 4:15 AM ICT,0.0
21-Jul-23 4:20 AM ICT,0.0
21-Jul-23 4:25 AM ICT,0.0
21-Jul-23 4:30 AM ICT,0.0
21-Jul-23 4:35 AM ICT,0.0
21-Jul-23 4:40 AM ICT,0.0
21-Jul-23 4:45 AM ICT,0.0
21-Jul-23 4:50 AM ICT,0.0
21-Jul-23 4:55 AM ICT,0.0
21-Jul-23 5:00 AM ICT,0.0
21-Jul-23 5:05 AM ICT,0.0
21-Jul-23 5:10 AM ICT,0.0
21-Jul-23 5:15 AM ICT,0.0
21-Jul-23 5:20 AM ICT,0.0
21-Jul-23 5:25 AM ICT,0.0
21-Jul-23 5:30 AM ICT,0.0
21-Jul-23 5:35 AM ICT,0.0
21-Jul-23 5:40 AM ICT,0.0
21-Jul-23 5:45 AM ICT,0.0
21-Jul-23 5:50 AM ICT,0.0
21-Jul-23 5:55 AM ICT,0.0
21-Jul-23 6:00 AM ICT,0.0
21-Jul-23 6:05 AM ICT,0.0
21-Jul-23 6:10 AM ICT,0.0
21-Jul-23 6:15 AM ICT,0.0
21-Jul-23 6:20 AM ICT,0.0
21-Jul-23 6:25 AM ICT,0.0
21-Jul-23 6:30 AM ICT,0.0
21-Jul-23 6:35 AM ICT,0.0
21-Jul-23 6:40 AM ICT,0.0
21-Jul-23 6:45 AM ICT,0.0
21-Jul-23 6:50 AM ICT,0.0
21-Jul-23 6:55 AM ICT,0.0
21-Jul-23 7:00 AM ICT,0.0
21-Jul-23 7:05 AM ICT,0.0
21-Jul-23 7:10 AM ICT,0.0
21-Jul-23 7:15 AM ICT,0.0
21-Jul-23 7:20 AM ICT,0.0
21-Jul-23 7:25 AM ICT,0.0
21-Jul-23 7:30 AM ICT,0.0
21-Jul-23 7:35 AM ICT,0.0
21-Jul-23 7:40 AM ICT,0.0
21-Jul-23 7:45 AM ICT,0.0
21-Jul-23 7:50 AM ICT,0.0
21-Jul-23 7:55 AM ICT,0.0
21-Jul-23 8:00 AM ICT,0.0
21-Jul-23 8:05 AM ICT,0.1
21-Jul-23 8:10 AM ICT,0.1
21-Jul-23 8:15 AM ICT,0.1
21-Jul-23 8:20 AM ICT,0.0
21-Jul-23 8:25 AM ICT,0.0
21-Jul-23 8:30 AM ICT,0.2
21-Jul-23 8:35 AM ICT,0.1
21-Jul-23 8:40 AM ICT,0.1
21-Jul-23 8:45 AM ICT,0.1
21-Jul-23 8:50 AM ICT,0.1
21-Jul-23 8:55 AM ICT,0.1
21-Jul-23 9:00 AM ICT,0.2
21-Jul-23 9:05 AM ICT,0.1
21-Jul-23 9:10 AM ICT,0.1
21-Jul-23 9:15 AM ICT,0.1
21-Jul-23 9:20 AM ICT,0.1
21-Jul-23 9:25 AM ICT,0.1
21-Jul-23 9:30 AM ICT,0.1
21-Jul-23 9:35 AM ICT,0.1
21-Jul-23 9:40 AM ICT,0.1
21-Jul-23 9:45 AM ICT,0.2
21-Jul-23 9:50 AM ICT,0.1
21-Jul-23 9:55 AM ICT,0.1
21-Jul-23 10:00 AM ICT,0.1
21-Jul-23 10:05 AM ICT,0.1
21-Jul-23 10:10 AM ICT,0.1
21-Jul-23 10:15 AM ICT,0.1
21-Jul-23 10:20 AM ICT,0.1
21-Jul-23 10:25 AM ICT,0.1
21-Jul-23 10:30 AM ICT,0.2
21-Jul-23 10:35 AM ICT,0.1
21-Jul-23 10:40 AM ICT,0.1
21-Jul-23 10:45 AM ICT,0.1
21-Jul-23 10:50 AM ICT,0.1
21-Jul-23 10:55 AM ICT,0.2
21-Jul-23 11:00 AM ICT,0.1
21-Jul-23 11:05 AM ICT,0.1
21-Jul-23 11:10 AM ICT,0.1
21-Jul-23 11:15 AM ICT,0.1
21-Jul-23 11:20 AM ICT,0.1
21-Jul-23 11:25 AM ICT,0.1
21-Jul-23 11:30 AM ICT,0.2
21-Jul-23 11:35 AM ICT,0.1
21-Jul-23 11:40 AM ICT,0.1
21-Jul-23 11:45 AM ICT,0.1
21-Jul-23 11:50 AM ICT,0.1
21-Jul-23 11:55 AM ICT,0.1
21-Jul-23 12:00 PM ICT,0.1
21-Jul-23 12:05 PM ICT,0.1
21-Jul-23 12:10 PM ICT,0.1
21-Jul-23 12:15 PM ICT,0.1
21-Jul-23 12:20 PM ICT,0.1
21-Jul-23 12:25 PM ICT,0.1
21-Jul-23 12:30 PM ICT,0.1
21-Jul-23 12:35 PM ICT,0.1
21-Jul-23 12:40 PM ICT,0.1
21-Jul-23 12:45 PM ICT,0.1
21-Jul-23 12:50 PM ICT,0.1
21-Jul-23 12:55 PM ICT,0.1
21-Jul-23 1:00 PM ICT,0.1
21-Jul-23 1:05 PM ICT,0.2
21-Jul-23 1:10 PM ICT,0.1
21-Jul-23 1:15 PM ICT,0.2
21-Jul-23 1:20 PM ICT,0.2
21-Jul-23 1:25 PM ICT,0.1
21-Jul-23 1:30 PM ICT,0.1
21-Jul-23 1:35 PM ICT,0.1
21-Jul-23 1:40 PM ICT,0.1
21-Jul-23 1:45 PM ICT,0.1
21-Jul-23 1:50 PM ICT,0.1
21-Jul-23 1:55 PM ICT,0.1
21-Jul-23 2:00 PM ICT,0.1
21-Jul-23 2:05 PM ICT,0.1
21-Jul-23 2:10 PM ICT,0.1
21-Jul-23 2:15 PM ICT,0.1
21-Jul-23 2:20 PM ICT,0.1
21-Jul-23 2:25 PM ICT,0.1
21-Jul-23 2:30 PM ICT,0.1
21-Jul-23 2:35 PM ICT,0.1
21-Jul-23 2:40 PM ICT,0.1
21-Jul-23 2:45 PM ICT,0.1
21-Jul-23 2:50 PM ICT,0.1
21-Jul-23 2:55 PM ICT,0.1
21-Jul-23 3:00 PM ICT,0.1
21-Jul-23 3:05 PM ICT,0.1
21-Jul-23 3:10 PM ICT,0.1
21-Jul-23 3:15 PM ICT,0.1
21-Jul-23 3:20 PM ICT,0.2
21-Jul-23 3:25 PM ICT,0.1
21-Jul-23 3:30 PM ICT,0.1
21-Jul-23 3:35 PM ICT,0.2
21-Jul-23 3:40 PM ICT,0.2
21-Jul-23 3:45 PM ICT,0.1
21-Jul-23 3:50 PM ICT,0.1
21-Jul-23 3:55 PM ICT,0.1
21-Jul-23 4:00 PM ICT,0.1
21-Jul-23 4:05 PM ICT,0.1
21-Jul-23 4:10 PM ICT,0.1
21-Jul-23 4:15 PM ICT,0.1
21-Jul-23 4:20 PM ICT,0.1
21-Jul-23 4:25 PM ICT,0.1
21-Jul-23 4:30 PM ICT,0.1
21-Jul-23 4:35 PM ICT,0.2
21-Jul-23 4:40 PM ICT,0.2
21-Jul-23 4:45 PM ICT,0.2
21-Jul-23 4:50 PM ICT,0.2
21-Jul-23 4:55 PM ICT,0.1
21-Jul-23 5:00 PM ICT,0.0
21-Jul-23 5:05 PM ICT,0.0
21-Jul-23 5:10 PM ICT,0.0
21-Jul-23 5:15 PM ICT,0.0
21-Jul-23 5:20 PM ICT,0.0
21-Jul-23 5:25 PM ICT,0.0
21-Jul-23 5:30 PM ICT,0.0
21-Jul-23 5:35 PM ICT,0.0
21-Jul-23 5:40 PM ICT,0.0
21-Jul-23 5:45 PM ICT,0.0
21-Jul-23 5:50 PM ICT,0.0
21-Jul-23 5:55 PM ICT,0.0
21-Jul-23 6:00 PM ICT,0.0
21-Jul-23 6:05 PM ICT,0.0
21-Jul-23 6:10 PM ICT,0.0
21-Jul-23 6:15 PM ICT,0.0
21-Jul-23 6:20 PM ICT,0.0
21-Jul-23 6:25 PM ICT,0.0
21-Jul-23 6:30 PM ICT,0.0
21-Jul-23 6:35 PM ICT,0.0
21-Jul-23 6:40 PM ICT,0.0
21-Jul-23 6:45 PM ICT,0.0
21-Jul-23 6:50 PM ICT,0.0
21-Jul-23 6:55 PM ICT,0.0
21-Jul-23 7:00 PM ICT,0.0
21-Jul-23 7:05 PM ICT,0.0
21-Jul-23 7:10 PM ICT,0.0
21-Jul-23 7:15 PM ICT,0.0
21-Jul-23 7:20 PM ICT,0.0
21-Jul-23 7:25 PM ICT,0.0
21-Jul-23 7:30 PM ICT,0.0
21-Jul-23 7:35 PM ICT,0.0
21-Jul-23 7:40 PM ICT,0.0
21-Jul-23 7:45 PM ICT,0.0
21-Jul-23 7:50 PM ICT,0.0
21-Jul-23 7:55 PM ICT,0.0
21-Jul-23 8:00 PM ICT,0.0
21-Jul-23 8:05 PM ICT,0.0
21-Jul-23 8:10 PM ICT,0.0
21-Jul-23 8:15 PM ICT,0.0
21-Jul-23 8:20 PM ICT,0.0
21-Jul-23 8:25 PM ICT,0.0
21-Jul-23 8:30 PM ICT,0.0
21-Jul-23 8:35 PM ICT,0.0
21-Jul-23 8:40 PM ICT,0.0
21-Jul-23 8:45 PM ICT,0.0
21-Jul-23 8:50 PM ICT,0.0
21-Jul-23 8:55 PM ICT,0.0
21-Jul-23 9:00 PM ICT,0.0
21-Jul-23 9:05 PM ICT,0.0
21-Jul-23 9:10 PM ICT,0.0
21-Jul-23 9:15 PM ICT,0.0
21-Jul-23 9:20 PM ICT,0.0
21-Jul-23 9:25 PM ICT,0.0
21-Jul-23 9:30 PM ICT,0.0
21-Jul-23 9:35 PM ICT,0.0
21-Jul-23 9:40 PM ICT,0.0
21-Jul-23 9:45 PM ICT,0.0
21-Jul-23 9:50 PM ICT,0.0
21-Jul-23 9:55 PM ICT,0.0
21-Jul-23 10:00 PM ICT,0.0
21-Jul-23 10:05 PM ICT,0.0
21-Jul-23 10:10 PM ICT,0.0
21-Jul-23 10:15 PM ICT,0.0
21-Jul-23 10:20 PM ICT,0.0
21-Jul-23 10:25 PM ICT,0.0
21-Jul-23 10:30 PM ICT,0.0
21-Jul-23 10:35 PM ICT,0.0
21-Jul-23 10:40 PM ICT,0.0
21-Jul-23 10:45 PM ICT,0.0
21-Jul-23 10:50 PM ICT,0.0
21-Jul-23 10:55 PM ICT,0.0
21-Jul-23 11:00 PM ICT,0.0
21-Jul-23 11:05 PM ICT,0.0
21-Jul-23 11:10 PM ICT,0.0
21-Jul-23 11:15 PM ICT,0.0
21-Jul-23 11:20 PM ICT,0.0
21-Jul-23 11:25 PM ICT,0.0
21-Jul-23 11:30 PM ICT,0.0
21-Jul-23 11:35 PM ICT,0.0
21-Jul-23 11:40 PM ICT,0.0
21-Jul-23 11:45 PM ICT,0.0
21-Jul-23 11:50 PM ICT,0.0
21-Jul-23 11:55 PM ICT,0.0
22-Jul-23 12:00 AM ICT,0.0
22-Jul-23 12:05 AM ICT,0.0
22-Jul-23 12:10 AM ICT,0.0
22-Jul-23 12:15 AM ICT,0.0
22-Jul-23 12:20 AM ICT,0.0
22-Jul-23 12:25 AM ICT,0.0
22-Jul-23 12:30 AM ICT,0.0
22-Jul-23 12:35 AM ICT,0.0
22-Jul-23 12:40 AM ICT,0.0
22-Jul-23 12:45 AM ICT,0.0
22-Jul-23 12:50 AM ICT,0.0
22-Jul-23 12:55 AM ICT,0.0
22-Jul-23 1:00 AM ICT,0.0
22-Jul-23 1:05 AM ICT,0.0
22-Jul-23 1:10 AM ICT,0.0
22-Jul-23 1:15 AM ICT,0.0
22-Jul-23 1:20 AM ICT,0.0
22-Jul-23 1:25 AM ICT,0.0
22-Jul-23 1:30 AM ICT,0.0
22-Jul-23 1:35 AM ICT,0.0
22-Jul-23 1:40 AM ICT,0.0
22-Jul-23 1:45 AM ICT,0.0
22-Jul-23 1:50 AM ICT,0.0
22-Jul-23 1:55 AM ICT,0.0
22-Jul-23 2:00 AM ICT,0.0
22-Jul-23 2:05 AM ICT,0.0
22-Jul-23 2:10 AM ICT,0.0
22-Jul-23 2:15 AM ICT,0.0
22-Jul-23 2:20 AM ICT,0.0
22-Jul-23 2:25 AM ICT,0.0
22-Jul-23 2:30 AM ICT,0.0
22-Jul-23 2:35 AM ICT,0.0
22-Jul-23 2:40 AM ICT,0.0
22-Jul-23 2:45 AM ICT,0.0
22-Jul-23 2:50 AM ICT,0.0
22-Jul-23 2:55 AM ICT,0.0
22-Jul-23 3:00 AM ICT,0.0
22-Jul-23 3:05 AM ICT,0.0
22-Jul-23 3:10 AM ICT,0.0
22-Jul-23 3:15 AM ICT,0.0
22-Jul-23 3:20 AM ICT,0.0
22-Jul-23 3:25 AM ICT,0.0
22-Jul-23 3:30 AM ICT,0.0
22-Jul-23 3:35 AM ICT,0.0
22-Jul-23 3:40 AM ICT,0.0
22-Jul-23 3:45 AM ICT,0.0
22-Jul-23 3:50 AM ICT,0.0
22-Jul-23 3:55 AM ICT,0.0
22-Jul-23 4:00 AM ICT,0.0
22-Jul-23 4:05 AM ICT,0.0
22-Jul-23 4:10 AM ICT,0.0
22-Jul-23 4:15 AM ICT,0.0
22-Jul-23 4:20 AM ICT,0.0
22-Jul-23 4:25 AM ICT,0.0
22-Jul-23 4:30 AM ICT,0.0
22-Jul-23 4:35 AM ICT,0.0
22-Jul-23 4:40 AM ICT,0.0
22-Jul-23 4:45 AM ICT,0.0
22-Jul-23 4:50 AM ICT,0.0
22-Jul-23 4:55 AM ICT,0.0
22-Jul-23 5:00 AM ICT,0.0
22-Jul-23 5:05 AM ICT,0.0
22-Jul-23 5:10 AM ICT,0.0
22-Jul-23 5:15 AM ICT,0.0
22-Jul-23 5:20 AM ICT,0.0
22-Jul-23 5:25 AM ICT,0.0
22-Jul-23 5:30 AM ICT,0.0
22-Jul-23 5:35 AM ICT,0.0
22-Jul-23 5:40 AM ICT,0.0
22-Jul-23 5:45 AM ICT,0.0
22-Jul-23 5:50 AM ICT,0.0
22-Jul-23 5:55 AM ICT,0.0
22-Jul-23 6:00 AM ICT,0.0
22-Jul-23 6:05 AM ICT,0.0
22-Jul-23 6:10 AM ICT,0.0
22-Jul-23 6:15 AM ICT,0.0
22-Jul-23 6:20 AM ICT,0.0
22-Jul-23 6:25 AM ICT,0.0
22-Jul-23 6:30 AM ICT,0.0
22-Jul-23 6:35 AM ICT,0.0
22-Jul-23 6:40 AM ICT,0.0
22-Jul-23 6:45 AM ICT,0.0
22-Jul-23 6:50 AM ICT,0.0
22-Jul-23 6:55 AM ICT,0.0
22-Jul-23 7:00 AM ICT,0.0
22-Jul-23 7:05 AM ICT,0.0
22-Jul-23 7:10 AM ICT,0.0
22-Jul-23 7:15 AM ICT,0.0
22-Jul-23 7:20 AM ICT,0.0
22-Jul-23 7:25 AM ICT,0.0
22-Jul-23 7:30 AM ICT,0.0
22-Jul-23 7:35 AM ICT,0.0
22-Jul-23 7:40 AM ICT,0.0
22-Jul-23 7:45 AM ICT,0.0
22-Jul-23 7:50 AM ICT,0.0
22-Jul-23 7:55 AM ICT,0.0
22-Jul-23 8:00 AM ICT,0.0
22-Jul-23 8:05 AM ICT,0.1
22-Jul-23 8:10 AM ICT,0.1
22-Jul-23 8:15 AM ICT,0.0
22-Jul-23 8:20 AM ICT,0.1
22-Jul-23 8:25 AM ICT,0.2
22-Jul-23 8:30 AM ICT,0.2
22-Jul-23 8:35 AM ICT,0.2
22-Jul-23 8:40 AM ICT,0.2
22-Jul-23 8:45 AM ICT,0.2
22-Jul-23 8:50 AM ICT,0.3
22-Jul-23 8:55 AM ICT,0.1
22-Jul-23 9:00 AM ICT,0.2
22-Jul-23 9:05 AM ICT,0.2
22-Jul-23 9:10 AM ICT,0.2
22-Jul-23 9:15 AM ICT,0.1
22-Jul-23 9:20 AM ICT,0.2
22-Jul-23 9:25 AM ICT,0.1
22-Jul-23 9:30 AM ICT,0.2
22-Jul-23 9:35 AM ICT,0.2
22-Jul-23 9:40 AM ICT,0.1
22-Jul-23 9:45 AM ICT,0.1
22-Jul-23 9:50 AM ICT,0.1
22-Jul-23 9:55 AM ICT,0.2
22-Jul-23 10:00 AM ICT,0.1
22-Jul-23 10:05 AM ICT,0.1
22-Jul-23 10:10 AM ICT,0.1
22-Jul-23 10:15 AM ICT,0.1
22-Jul-23 10:20 AM ICT,0.1
22-Jul-23 10:25 AM ICT,0.1
22-Jul-23 10:30 AM ICT,0.2
22-Jul-23 10:35 AM ICT,0.1
22-Jul-23 10:40 AM ICT,0.1
22-Jul-23 10:45 AM ICT,0.1
22-Jul-23 10:50 AM ICT,0.0
22-Jul-23 10:55 AM ICT,0.0
22-Jul-23 11:00 AM ICT,0.1
22-Jul-23 11:05 AM ICT,0.2
22-Jul-23 11:10 AM ICT,0.2
22-Jul-23 11:15 AM ICT,0.2
22-Jul-23 11:20 AM ICT,0.2
22-Jul-23 11:25 AM ICT,0.2
22-Jul-23 11:30 AM ICT,0.2
22-Jul-23 11:35 AM ICT,0.2
22-Jul-23 11:40 AM ICT,0.1
22-Jul-23 11:45 AM ICT,0.1
22-Jul-23 11:50 AM ICT,0.1
22-Jul-23 11:55 AM ICT,0.0
22-Jul-23 12:00 PM ICT,0.0
22-Jul-23 12:05 PM ICT,0.0
22-Jul-23 12:10 PM ICT,0.0
22-Jul-23 12:15 PM ICT,0.0
22-Jul-23 12:20 PM ICT,0.0
22-Jul-23 12:25 PM ICT,0.1
22-Jul-23 12:30 PM ICT,0.1
22-Jul-23 12:35 PM ICT,0.1
22-Jul-23 12:40 PM ICT,0.1
22-Jul-23 12:45 PM ICT,0.1
22-Jul-23 12:50 PM ICT,0.1
22-Jul-23 12:55 PM ICT,0.1
22-Jul-23 1:00 PM ICT,0.1
22-Jul-23 1:05 PM ICT,0.1
22-Jul-23 1:10 PM ICT,0.1
22-Jul-23 1:15 PM ICT,0.2
22-Jul-23 1:20 PM ICT,0.1
22-Jul-23 1:25 PM ICT,0.1
22-Jul-23 1:30 PM ICT,0.1
22-Jul-23 1:35 PM ICT,0.2
22-Jul-23 1:40 PM ICT,0.1
22-Jul-23 1:45 PM ICT,0.1
22-Jul-23 1:50 PM ICT,0.1
22-Jul-23 1:55 PM ICT,0.1
22-Jul-23 2:00 PM ICT,0.1
22-Jul-23 2:05 PM ICT,0.1
22-Jul-23 2:10 PM ICT,0.1
22-Jul-23 2:15 PM ICT,0.1
22-Jul-23 2:20 PM ICT,0.1
22-Jul-23 2:25 PM ICT,0.1
22-Jul-23 2:30 PM ICT,0.1
22-Jul-23 2:35 PM ICT,0.1
22-Jul-23 2:40 PM ICT,0.1
22-Jul-23 2:45 PM ICT,0.1
22-Jul-23 2:50 PM ICT,0.1
22-Jul-23 2:55 PM ICT,0.1
22-Jul-23 3:00 PM ICT,0.1
22-Jul-23 3:05 PM ICT,0.2
22-Jul-23 3:10 PM ICT,0.2
22-Jul-23 3:15 PM ICT,0.1
22-Jul-23 3:20 PM ICT,0.2
22-Jul-23 3:25 PM ICT,0.2
22-Jul-23 3:30 PM ICT,0.2
22-Jul-23 3:35 PM ICT,0.2
22-Jul-23 3:40 PM ICT,0.1
22-Jul-23 3:45 PM ICT,0.1
22-Jul-23 3:50 PM ICT,0.1
22-Jul-23 3:55 PM ICT,0.2
22-Jul-23 4:00 PM ICT,25.7
22-Jul-23 4:05 PM ICT,15.7
22-Jul-23 4:10 PM ICT,0.2
22-Jul-23 4:15 PM ICT,0.2
22-Jul-23 4:20 PM ICT,0.1
22-Jul-23 4:25 PM ICT,0.1
22-Jul-23 4:30 PM ICT,0.1
22-Jul-23 4:35 PM ICT,0.1
22-Jul-23 4:40 PM ICT,0.1
22-Jul-23 4:45 PM ICT,0.1
22-Jul-23 4:50 PM ICT,0.1
22-Jul-23 4:55 PM ICT,0.2
22-Jul-23 5:00 PM ICT,0.0
22-Jul-23 5:05 PM ICT,0.0
22-Jul-23 5:10 PM ICT,0.0
22-Jul-23 5:15 PM ICT,0.0
22-Jul-23 5:20 PM ICT,0.0
22-Jul-23 5:25 PM ICT,0.0
22-Jul-23 5:30 PM ICT,0.0
22-Jul-23 5:35 PM ICT,0.0
22-Jul-23 5:40 PM ICT,0.0
22-Jul-23 5:45 PM ICT,0.0
22-Jul-23 5:50 PM ICT,0.0
22-Jul-23 5:55 PM ICT,2.7
22-Jul-23 6:00 PM ICT,25.3
22-Jul-23 6:05 PM ICT,25.5
22-Jul-23 6:10 PM ICT,25.5
22-Jul-23 6:15 PM ICT,25.5
22-Jul-23 6:20 PM ICT,25.6
22-Jul-23 6:25 PM ICT,25.7
22-Jul-23 6:30 PM ICT,25.7
22-Jul-23 6:35 PM ICT,25.7
22-Jul-23 6:40 PM ICT,25.8
22-Jul-23 6:45 PM ICT,25.8
22-Jul-23 6:50 PM ICT,25.8
22-Jul-23 6:55 PM ICT,25.9
22-Jul-23 7:00 PM ICT,25.9
22-Jul-23 7:05 PM ICT,25.9
22-Jul-23 7:10 PM ICT,26.0
22-Jul-23 7:15 PM ICT,26.0
22-Jul-23 7:20 PM ICT,26.1
22-Jul-23 7:25 PM ICT,26.2
22-Jul-23 7:30 PM ICT,23.0
22-Jul-23 7:35 PM ICT,17.1
22-Jul-23 7:40 PM ICT,11.8
22-Jul-23 7:45 PM ICT,8.2
22-Jul-23 7:50 PM ICT,6.0
22-Jul-23 7:55 PM ICT,3.2
22-Jul-23 8:00 PM ICT,0.1
22-Jul-23 8:05 PM ICT,0.1
22-Jul-23 8:10 PM ICT,0.0
22-Jul-23 8:15 PM ICT,0.0
22-Jul-23 8:20 PM ICT,0.0
22-Jul-23 8:25 PM ICT,0.0
22-Jul-23 8:30 PM ICT,0.0
22-Jul-23 8:35 PM ICT,0.0
22-Jul-23 8:40 PM ICT,0.0
22-Jul-23 8:45 PM ICT,0.0
22-Jul-23 8:50 PM ICT,0.0
22-Jul-23 8:55 PM ICT,0.0
22-Jul-23 9:00 PM ICT,0.0
22-Jul-23 9:05 PM ICT,0.0
22-Jul-23 9:10 PM ICT,0.0
22-Jul-23 9:15 PM ICT,0.0
22-Jul-23 9:20 PM ICT,0.0
22-Jul-23 9:25 PM ICT,0.0
22-Jul-23 9:30 PM ICT,0.0
22-Jul-23 9:35 PM ICT,0.0
22-Jul-23 9:40 PM ICT,0.0
22-Jul-23 9:45 PM ICT,0.0
22-Jul-23 9:50 PM ICT,0.0
22-Jul-23 9:55 PM ICT,0.0
22-Jul-23 10:00 PM ICT,0.0
22-Jul-23 10:05 PM ICT,0.0
22-Jul-23 10:10 PM ICT,0.0
22-Jul-23 10:15 PM ICT,0.0
22-Jul-23 10:20 PM ICT,0.0
22-Jul-23 10:25 PM ICT,0.0
22-Jul-23 10:30 PM ICT,0.0
22-Jul-23 10:35 PM ICT,0.0
22-Jul-23 10:40 PM ICT,0.0
22-Jul-23 10:45 PM ICT,0.0
22-Jul-23 10:50 PM ICT,0.0
22-Jul-23 10:55 PM ICT,0.0
22-Jul-23 11:00 PM ICT,0.0
22-Jul-23 11:05 PM ICT,0.0
22-Jul-23 11:10 PM ICT,0.0
22-Jul-23 11:15 PM ICT,0.0
22-Jul-23 11:20 PM ICT,0.0
22-Jul-23 11:25 PM ICT,0.0
22-Jul-23 11:30 PM ICT,0.0
22-Jul-23 11:35 PM ICT,0.0
22-Jul-23 11:40 PM ICT,0.0
22-Jul-23 11:45 PM ICT,0.0
22-Jul-23 11:50 PM ICT,0.0
22-Jul-23 11:55 PM ICT,0.0
23-Jul-23 12:00 AM ICT,0.0
23-Jul-23 12:05 AM ICT,0.0
23-Jul-23 12:10 AM ICT,0.0
23-Jul-23 12:15 AM ICT,0.0
23-Jul-23 12:20 AM ICT,0.0
23-Jul-23 12:25 AM ICT,0.0
23-Jul-23 12:30 AM ICT,0.0
23-Jul-23 12:35 AM ICT,0.0
23-Jul-23 12:40 AM ICT,0.0
23-Jul-23 12:45 AM ICT,0.0
23-Jul-23 12:50 AM ICT,0.0
23-Jul-23 12:55 AM ICT,0.0
23-Jul-23 1:00 AM ICT,0.0
23-Jul-23 1:05 AM ICT,0.0
23-Jul-23 1:10 AM ICT,0.0
23-Jul-23 1:15 AM ICT,0.0
23-Jul-23 1:20 AM ICT,0.0
23-Jul-23 1:25 AM ICT,0.0
23-Jul-23 1:30 AM ICT,0.0
23-Jul-23 1:35 AM ICT,0.0
23-Jul-23 1:40 AM ICT,0.0
23-Jul-23 1:45 AM ICT,0.0
23-Jul-23 1:50 AM ICT,0.0
23-Jul-23 1:55 AM ICT,0.0
23-Jul-23 2:00 AM ICT,0.0
23-Jul-23 2:05 AM ICT,0.0
23-Jul-23 2:10 AM ICT,0.0
23-Jul-23 2:15 AM ICT,0.0
23-Jul-23 2:20 AM ICT,0.0
23-Jul-23 2:25 AM ICT,0.0
23-Jul-23 2:30 AM ICT,0.0
23-Jul-23 2:35 AM ICT,0.0
23-Jul-23 2:40 AM ICT,0.0
23-Jul-23 2:45 AM ICT,0.0
23-Jul-23 2:50 AM ICT,0.0
23-Jul-23 2:55 AM ICT,0.0
23-Jul-23 3:00 AM ICT,0.0
23-Jul-23 3:05 AM ICT,0.0
23-Jul-23 3:10 AM ICT,0.0
23-Jul-23 3:15 AM ICT,0.0
23-Jul-23 3:20 AM ICT,0.0
23-Jul-23 3:25 AM ICT,0.0
23-Jul-23 3:30 AM ICT,0.0
23-Jul-23 3:35 AM ICT,0.0
23-Jul-23 3:40 AM ICT,0.0
23-Jul-23 3:45 AM ICT,0.0
23-Jul-23 3:50 AM ICT,0.0
23-Jul-23 3:55 AM ICT,0.0
23-Jul-23 4:00 AM ICT,0.0
23-Jul-23 4:05 AM ICT,0.0
23-Jul-23 4:10 AM ICT,0.0
23-Jul-23 4:15 AM ICT,0.0
23-Jul-23 4:20 AM ICT,0.0
23-Jul-23 4:25 AM ICT,0.0
23-Jul-23 4:30 AM ICT,0.0
23-Jul-23 4:35 AM ICT,0.0
23-Jul-23 4:40 AM ICT,0.0
23-Jul-23 4:45 AM ICT,0.0
23-Jul-23 4:50 AM ICT,0.0
23-Jul-23 4:55 AM ICT,0.0
23-Jul-23 5:00 AM ICT,0.0
23-Jul-23 5:05 AM ICT,0.0
23-Jul-23 5:10 AM ICT,0.0
23-Jul-23 5:15 AM ICT,0.0
23-Jul-23 5:20 AM ICT,0.0
23-Jul-23 5:25 AM ICT,0.0
23-Jul-23 5:30 AM ICT,0.0
23-Jul-23 5:35 AM ICT,0.0
23-Jul-23 5:40 AM ICT,0.0
23-Jul-23 5:45 AM ICT,0.0
23-Jul-23 5:50 AM ICT,0.0
23-Jul-23 5:55 AM ICT,0.0
23-Jul-23 6:00 AM ICT,0.0
23-Jul-23 6:05 AM ICT,0.0
23-Jul-23 6:10 AM ICT,0.0
23-Jul-23 6:15 AM ICT,0.0
23-Jul-23 6:20 AM ICT,0.0
23-Jul-23 6:25 AM ICT,0.0
23-Jul-23 6:30 AM ICT,0.0
23-Jul-23 6:35 AM ICT,0.0
23-Jul-23 6:40 AM ICT,0.0
23-Jul-23 6:45 AM ICT,0.0
23-Jul-23 6:50 AM ICT,0.0
23-Jul-23 6:55 AM ICT,0.0
23-Jul-23 7:00 AM ICT,0.0
23-Jul-23 7:05 AM ICT,0.0
23-Jul-23 7:10 AM ICT,0.0
23-Jul-23 7:15 AM ICT,0.0
23-Jul-23 7:20 AM ICT,0.0
23-Jul-23 7:25 AM ICT,0.0
23-Jul-23 7:30 AM ICT,0.0
23-Jul-23 7:35 AM ICT,0.0
23-Jul-23 7:40 AM ICT,0.0
23-Jul-23 7:45 AM ICT,0.0
23-Jul-23 7:50 AM ICT,0.0
23-Jul-23 7:55 AM ICT,0.0
23-Jul-23 8:00 AM ICT,0.0
23-Jul-23 8:05 AM ICT,0.0
23-Jul-23 8:10 AM ICT,0.0
23-Jul-23 8:15 AM ICT,0.0
23-Jul-23 8:20 AM ICT,0.0
23-Jul-23 8:25 AM ICT,0.1
23-Jul-23 8:30 AM ICT,14.8
23-Jul-23 8:35 AM ICT,22.2
23-Jul-23 8:40 AM ICT,22.4
23-Jul-23 8:45 AM ICT,22.5
23-Jul-23 8:50 AM ICT,22.6
23-Jul-23 8:55 AM ICT,22.7
23-Jul-23 9:00 AM ICT,22.8
23-Jul-23 9:05 AM ICT,23.0
23-Jul-23 9:10 AM ICT,23.1
23-Jul-23 9:15 AM ICT,23.4
23-Jul-23 9:20 AM ICT,23.7
23-Jul-23 9:25 AM ICT,24.0
23-Jul-23 9:30 AM ICT,24.2
23-Jul-23 9:35 AM ICT,24.5
23-Jul-23 9:40 AM ICT,16.1
23-Jul-23 9:45 AM ICT,0.1
23-Jul-23 9:50 AM ICT,0.1
23-Jul-23 9:55 AM ICT,0.1
23-Jul-23 10:00 AM ICT,0.1
23-Jul-23 10:05 AM ICT,0.0
23-Jul-23 10:10 AM ICT,0.1
23-Jul-23 10:15 AM ICT,0.1
23-Jul-23 10:20 AM ICT,0.0
23-Jul-23 10:25 AM ICT,0.1
23-Jul-23 10:30 AM ICT,0.1
23-Jul-23 10:35 AM ICT,0.1
23-Jul-23 10:40 AM ICT,0.1
23-Jul-23 10:45 AM ICT,0.0
23-Jul-23 10:50 AM ICT,0.1
23-Jul-23 10:55 AM ICT,0.1
23-Jul-23 11:00 AM ICT,0.1
23-Jul-23 11:05 AM ICT,0.0
23-Jul-23 11:10 AM ICT,0.0
23-Jul-23 11:15 AM ICT,0.1
23-Jul-23 11:20 AM ICT,0.1
23-Jul-23 11:25 AM ICT,0.1
23-Jul-23 11:30 AM ICT,0.1
23-Jul-23 11:35 AM ICT,0.1
23-Jul-23 11:40 AM ICT,0.1
23-Jul-23 11:45 AM ICT,0.1
23-Jul-23 11:50 AM ICT,0.1
23-Jul-23 11:55 AM ICT,0.1
23-Jul-23 12:00 PM ICT,0.1
23-Jul-23 12:05 PM ICT,0.1
23-Jul-23 12:10 PM ICT,0.1
23-Jul-23 12:15 PM ICT,0.1
23-Jul-23 12:20 PM ICT,0.1
23-Jul-23 12:25 PM ICT,0.1
23-Jul-23 12:30 PM ICT,0.1
23-Jul-23 12:35 PM ICT,0.1
23-Jul-23 12:40 PM ICT,0.1
23-Jul-23 12:45 PM ICT,0.1
23-Jul-23 12:50 PM ICT,0.1
23-Jul-23 12:55 PM ICT,0.1
23-Jul-23 1:00 PM ICT,0.1
23-Jul-23 1:05 PM ICT,0.1
23-Jul-23 1:10 PM ICT,0.1
23-Jul-23 1:15 PM ICT,0.1
23-Jul-23 1:20 PM ICT,0.1
23-Jul-23 1:25 PM ICT,0.1
23-Jul-23 1:30 PM ICT,0.1
23-Jul-23 1:35 PM ICT,0.1
23-Jul-23 1:40 PM ICT,0.1
23-Jul-23 1:45 PM ICT,0.1
23-Jul-23 1:50 PM ICT,0.1
23-Jul-23 1:55 PM ICT,0.1
23-Jul-23 2:00 PM ICT,0.1
23-Jul-23 2:05 PM ICT,0.1
23-Jul-23 2:10 PM ICT,0.1
23-Jul-23 2:15 PM ICT,0.1
23-Jul-23 2:20 PM ICT,0.1
23-Jul-23 2:25 PM ICT,0.1
23-Jul-23 2:30 PM ICT,0.1
23-Jul-23 2:35 PM ICT,0.1
23-Jul-23 2:40 PM ICT,0.1
23-Jul-23 2:45 PM ICT,0.1
23-Jul-23 2:50 PM ICT,0.1
23-Jul-23 2:55 PM ICT,0.1
23-Jul-23 3:00 PM ICT,0.1
23-Jul-23 3:05 PM ICT,0.1
23-Jul-23 3:10 PM ICT,0.1
23-Jul-23 3:15 PM ICT,0.1
23-Jul-23 3:20 PM ICT,0.1
23-Jul-23 3:25 PM ICT,0.1
23-Jul-23 3:30 PM ICT,0.1
23-Jul-23 3:35 PM ICT,0.1
23-Jul-23 3:40 PM ICT,0.1
23-Jul-23 3:45 PM ICT,0.1
23-Jul-23 3:50 PM ICT,0.1
23-Jul-23 3:55 PM ICT,0.1
23-Jul-23 4:00 PM ICT,0.1
23-Jul-23 4:05 PM ICT,0.1
23-Jul-23 4:10 PM ICT,0.1
23-Jul-23 4:15 PM ICT,0.1
23-Jul-23 4:20 PM ICT,0.1
23-Jul-23 4:25 PM ICT,0.1
23-Jul-23 4:30 PM ICT,0.1
23-Jul-23 4:35 PM ICT,0.1
23-Jul-23 4:40 PM ICT,0.0
23-Jul-23 4:45 PM ICT,0.0
23-Jul-23 4:50 PM ICT,0.0
23-Jul-23 4:55 PM ICT,0.0
23-Jul-23 5:00 PM ICT,0.0
23-Jul-23 5:05 PM ICT,0.0
23-Jul-23 5:10 PM ICT,0.0
23-Jul-23 5:15 PM ICT,0.0
23-Jul-23 5:20 PM ICT,0.0
23-Jul-23 5:25 PM ICT,0.0
23-Jul-23 5:30 PM ICT,0.0
23-Jul-23 5:35 PM ICT,0.0
23-Jul-23 5:40 PM ICT,0.0
23-Jul-23 5:45 PM ICT,0.0
23-Jul-23 5:50 PM ICT,0.0
23-Jul-23 5:55 PM ICT,22.0
23-Jul-23 6:00 PM ICT,25.5
23-Jul-23 6:05 PM ICT,8.3
23-Jul-23 6:10 PM ICT,0.1
23-Jul-23 6:15 PM ICT,0.1
23-Jul-23 6:20 PM ICT,0.0
23-Jul-23 6:25 PM ICT,0.0
23-Jul-23 6:30 PM ICT,0.0
23-Jul-23 6:35 PM ICT,0.0
23-Jul-23 6:40 PM ICT,0.0
23-Jul-23 6:45 PM ICT,0.0
23-Jul-23 6:50 PM ICT,0.0
23-Jul-23 6:55 PM ICT,0.0
23-Jul-23 7:00 PM ICT,0.0
23-Jul-23 7:05 PM ICT,0.0
23-Jul-23 7:10 PM ICT,0.0
23-Jul-23 7:15 PM ICT,0.0
23-Jul-23 7:20 PM ICT,0.0
23-Jul-23 7:25 PM ICT,0.0
23-Jul-23 7:30 PM ICT,0.0
23-Jul-23 7:35 PM ICT,0.0
23-Jul-23 7:40 PM ICT,0.0
23-Jul-23 7:45 PM ICT,0.0
23-Jul-23 7:50 PM ICT,0.0
23-Jul-23 7:55 PM ICT,0.0
23-Jul-23 8:00 PM ICT,0.0
23-Jul-23 8:05 PM ICT,0.0
23-Jul-23 8:10 PM ICT,0.0
23-Jul-23 8:15 PM ICT,0.0
23-Jul-23 8:20 PM ICT,0.0
23-Jul-23 8:25 PM ICT,0.0
23-Jul-23 8:30 PM ICT,0.0
23-Jul-23 8:35 PM ICT,0.0
23-Jul-23 8:40 PM ICT,0.0
23-Jul-23 8:45 PM ICT,0.0
23-Jul-23 8:50 PM ICT,0.0
23-Jul-23 8:55 PM ICT,0.0
23-Jul-23 9:00 PM ICT,0.0
23-Jul-23 9:05 PM ICT,0.0
23-Jul-23 9:10 PM ICT,0.0
23-Jul-23 9:15 PM ICT,0.0
23-Jul-23 9:20 PM ICT,0.0
23-Jul-23 9:25 PM ICT,0.0
23-Jul-23 9:30 PM ICT,0.0
23-Jul-23 9:35 PM ICT,0.0
23-Jul-23 9:40 PM ICT,0.0
23-Jul-23 9:45 PM ICT,0.0
23-Jul-23 9:50 PM ICT,0.0
23-Jul-23 9:55 PM ICT,0.0
23-Jul-23 10:00 PM ICT,0.0
23-Jul-23 10:05 PM ICT,0.0
23-Jul-23 10:10 PM ICT,0.0
23-Jul-23 10:15 PM ICT,0.0
23-Jul-23 10:20 PM ICT,0.0
23-Jul-23 10:25 PM ICT,0.0
23-Jul-23 10:30 PM ICT,0.0
23-Jul-23 10:35 PM ICT,0.0
23-Jul-23 10:40 PM ICT,0.0
23-Jul-23 10:45 PM ICT,0.0
23-Jul-23 10:50 PM ICT,0.0
23-Jul-23 10:55 PM ICT,0.0
23-Jul-23 11:00 PM ICT,0.0
23-Jul-23 11:05 PM ICT,0.0
23-Jul-23 11:10 PM ICT,0.0
23-Jul-23 11:15 PM ICT,0.0
23-Jul-23 11:20 PM ICT,0.0
23-Jul-23 11:25 PM ICT,0.0
23-Jul-23 11:30 PM ICT,0.0
23-Jul-23 11:35 PM ICT,0.0
23-Jul-23 11:40 PM ICT,0.0
23-Jul-23 11:45 PM ICT,0.0
23-Jul-23 11:50 PM ICT,0.0
23-Jul-23 11:55 PM ICT,0.0
24-Jul-23 12:00 AM ICT,0.0
24-Jul-23 12:05 AM ICT,0.0
24-Jul-23 12:10 AM ICT,0.0
24-Jul-23 12:15 AM ICT,0.0
24-Jul-23 12:20 AM ICT,0.0
24-Jul-23 12:25 AM ICT,0.0
24-Jul-23 12:30 AM ICT,0.0
24-Jul-23 12:35 AM ICT,0.0
24-Jul-23 12:40 AM ICT,0.0
24-Jul-23 12:45 AM ICT,0.0
24-Jul-23 12:50 AM ICT,0.0
24-Jul-23 12:55 AM ICT,0.0
24-Jul-23 1:00 AM ICT,0.0
24-Jul-23 1:05 AM ICT,0.0
24-Jul-23 1:10 AM ICT,0.0
24-Jul-23 1:15 AM ICT,0.0
24-Jul-23 1:20 AM ICT,0.0
24-Jul-23 1:25 AM ICT,0.0
24-Jul-23 1:30 AM ICT,0.0
24-Jul-23 1:35 AM ICT,0.0
24-Jul-23 1:40 AM ICT,0.0
24-Jul-23 1:45 AM ICT,0.0
24-Jul-23 1:50 AM ICT,0.0
24-Jul-23 1:55 AM ICT,0.0
24-Jul-23 2:00 AM ICT,0.0
24-Jul-23 2:05 AM ICT,0.0
24-Jul-23 2:10 AM ICT,0.0
24-Jul-23 2:15 AM ICT,0.0
24-Jul-23 2:20 AM ICT,0.0
24-Jul-23 2:25 AM ICT,0.0
24-Jul-23 2:30 AM ICT,0.0
24-Jul-23 2:35 AM ICT,0.0
24-Jul-23 2:40 AM ICT,0.0
24-Jul-23 2:45 AM ICT,0.0
24-Jul-23 2:50 AM ICT,0.0
24-Jul-23 2:55 AM ICT,0.0
24-Jul-23 3:00 AM ICT,0.0
24-Jul-23 3:05 AM ICT,0.0
24-Jul-23 3:10 AM ICT,0.0
24-Jul-23 3:15 AM ICT,0.0
24-Jul-23 3:20 AM ICT,0.0
24-Jul-23 3:25 AM ICT,0.0
24-Jul-23 3:30 AM ICT,0.0
24-Jul-23 3:35 AM ICT,0.0
24-Jul-23 3:40 AM ICT,0.0
24-Jul-23 3:45 AM ICT,0.0
24-Jul-23 3:50 AM ICT,0.0
24-Jul-23 3:55 AM ICT,0.0
24-Jul-23 4:00 AM ICT,0.0
24-Jul-23 4:05 AM ICT,0.0
24-Jul-23 4:10 AM ICT,0.0
24-Jul-23 4:15 AM ICT,0.0
24-Jul-23 4:20 AM ICT,0.0
24-Jul-23 4:25 AM ICT,0.0
24-Jul-23 4:30 AM ICT,0.0
24-Jul-23 4:35 AM ICT,0.0
24-Jul-23 4:40 AM ICT,0.0
24-Jul-23 4:45 AM ICT,0.0
24-Jul-23 4:50 AM ICT,0.0
24-Jul-23 4:55 AM ICT,0.0
24-Jul-23 5:00 AM ICT,0.0
24-Jul-23 5:05 AM ICT,0.0
24-Jul-23 5:10 AM ICT,0.0
24-Jul-23 5:15 AM ICT,0.0
24-Jul-23 5:20 AM ICT,0.0
24-Jul-23 5:25 AM ICT,0.0
24-Jul-23 5:30 AM ICT,0.0
24-Jul-23 5:35 AM ICT,0.0
24-Jul-23 5:40 AM ICT,0.0
24-Jul-23 5:45 AM ICT,0.0
24-Jul-23 5:50 AM ICT,0.0
24-Jul-23 5:55 AM ICT,0.0
24-Jul-23 6:00 AM ICT,0.0
24-Jul-23 6:05 AM ICT,0.0
24-Jul-23 6:10 AM ICT,0.0
24-Jul-23 6:15 AM ICT,0.0
24-Jul-23 6:20 AM ICT,0.0
24-Jul-23 6:25 AM ICT,0.0
24-Jul-23 6:30 AM ICT,0.0
24-Jul-23 6:35 AM ICT,0.0
24-Jul-23 6:40 AM ICT,0.0
24-Jul-23 6:45 AM ICT,0.0
24-Jul-23 6:50 AM ICT,0.0
24-Jul-23 6:55 AM ICT,0.0
24-Jul-23 7:00 AM ICT,0.0
24-Jul-23 7:05 AM ICT,0.0
24-Jul-23 7:10 AM ICT,0.0
24-Jul-23 7:15 AM ICT,0.0
24-Jul-23 7:20 AM ICT,0.0
24-Jul-23 7:25 AM ICT,0.0
24-Jul-23 7:30 AM ICT,0.0
24-Jul-23 7:35 AM ICT,0.0
24-Jul-23 7:40 AM ICT,0.0
24-Jul-23 7:45 AM ICT,0.0
24-Jul-23 7:50 AM ICT,0.0
24-Jul-23 7:55 AM ICT,0.0
24-Jul-23 8:00 AM ICT,0.0
24-Jul-23 8:05 AM ICT,0.0
24-Jul-23 8:10 AM ICT,0.1
24-Jul-23 8:15 AM ICT,0.1
24-Jul-23 8:20 AM ICT,0.0
24-Jul-23 8:25 AM ICT,0.0
24-Jul-23 8:30 AM ICT,0.0
24-Jul-23 8:35 AM ICT,0.0
24-Jul-23 8:40 AM ICT,0.1
24-Jul-23 8:45 AM ICT,0.2
24-Jul-23 8:50 AM ICT,0.1
24-Jul-23 8:55 AM ICT,0.1
24-Jul-23 9:00 AM ICT,0.1
24-Jul-23 9:05 AM ICT,0.2
24-Jul-23 9:10 AM ICT,0.2
24-Jul-23 9:15 AM ICT,0.1
24-Jul-23 9:20 AM ICT,0.1
24-Jul-23 9:25 AM ICT,0.1
24-Jul-23 9:30 AM ICT,0.2
24-Jul-23 9:35 AM ICT,0.1
24-Jul-23 9:40 AM ICT,0.1
24-Jul-23 9:45 AM ICT,0.2
24-Jul-23 9:50 AM ICT,0.2
24-Jul-23 9:55 AM ICT,0.1
24-Jul-23 10:00 AM ICT,0.1
24-Jul-23 10:05 AM ICT,0.1
24-Jul-23 10:10 AM ICT,0.2
24-Jul-23 10:15 AM ICT,0.1
24-Jul-23 10:20 AM ICT,0.1
24-Jul-23 10:25 AM ICT,0.1
24-Jul-23 10:30 AM ICT,0.1
24-Jul-23 10:35 AM ICT,0.1
24-Jul-23 10:40 AM ICT,0.0
24-Jul-23 10:45 AM ICT,0.0
24-Jul-23 10:50 AM ICT,0.0
24-Jul-23 10:55 AM ICT,0.0
24-Jul-23 11:00 AM ICT,0.1
24-Jul-23 11:05 AM ICT,0.1
24-Jul-23 11:10 AM ICT,0.1
24-Jul-23 11:15 AM ICT,0.1
24-Jul-23 11:20 AM ICT,0.1
24-Jul-23 11:25 AM ICT,0.1
24-Jul-23 11:30 AM ICT,0.1
24-Jul-23 11:35 AM ICT,0.2
24-Jul-23 11:40 AM ICT,0.2
24-Jul-23 11:45 AM ICT,0.1
24-Jul-23 11:50 AM ICT,0.1
24-Jul-23 11:55 AM ICT,0.1
24-Jul-23 12:00 PM ICT,0.1
24-Jul-23 12:05 PM ICT,0.1
24-Jul-23 12:10 PM ICT,0.1
24-Jul-23 12:15 PM ICT,0.1
24-Jul-23 12:20 PM ICT,0.1
24-Jul-23 12:25 PM ICT,0.1
24-Jul-23 12:30 PM ICT,0.1
24-Jul-23 12:35 PM ICT,0.1
24-Jul-23 12:40 PM ICT,0.1
24-Jul-23 12:45 PM ICT,0.1
24-Jul-23 12:50 PM ICT,0.1
24-Jul-23 12:55 PM ICT,0.1
24-Jul-23 1:00 PM ICT,0.1
24-Jul-23 1:05 PM ICT,0.1
24-Jul-23 1:10 PM ICT,0.1
24-Jul-23 1:15 PM ICT,0.1
24-Jul-23 1:20 PM ICT,0.1
24-Jul-23 1:25 PM ICT,0.1
24-Jul-23 1:30 PM ICT,0.1
24-Jul-23 1:35 PM ICT,0.1
24-Jul-23 1:40 PM ICT,0.1
24-Jul-23 1:45 PM ICT,0.1
24-Jul-23 1:50 PM ICT,0.1
24-Jul-23 1:55 PM ICT,0.0
24-Jul-23 2:00 PM ICT,0.1
24-Jul-23 2:05 PM ICT,0.1
24-Jul-23 2:10 PM ICT,0.2
24-Jul-23 2:15 PM ICT,0.2
24-Jul-23 2:20 PM ICT,0.1
24-Jul-23 2:25 PM ICT,0.1
24-Jul-23 2:30 PM ICT,0.1
24-Jul-23 2:35 PM ICT,0.1
24-Jul-23 2:40 PM ICT,0.1
24-Jul-23 2:45 PM ICT,0.1
24-Jul-23 2:50 PM ICT,0.1
24-Jul-23 2:55 PM ICT,0.2
24-Jul-23 3:00 PM ICT,0.2
24-Jul-23 3:05 PM ICT,0.1
24-Jul-23 3:10 PM ICT,0.1
24-Jul-23 3:15 PM ICT,0.1
24-Jul-23 3:20 PM ICT,0.1
24-Jul-23 3:25 PM ICT,0.1
24-Jul-23 3:30 PM ICT,0.1
24-Jul-23 3:35 PM ICT,0.1
24-Jul-23 3:40 PM ICT,0.1
24-Jul-23 3:45 PM ICT,0.1
24-Jul-23 3:50 PM ICT,0.1
24-Jul-23 3:55 PM ICT,0.1
24-Jul-23 4:00 PM ICT,0.1
24-Jul-23 4:05 PM ICT,0.1
24-Jul-23 4:10 PM ICT,0.1
24-Jul-23 4:15 PM ICT,0.1
24-Jul-23 4:20 PM ICT,0.1
24-Jul-23 4:25 PM ICT,0.1
24-Jul-23 4:30 PM ICT,0.1
24-Jul-23 4:35 PM ICT,0.1
24-Jul-23 4:40 PM ICT,0.0
24-Jul-23 4:45 PM ICT,0.0
24-Jul-23 4:50 PM ICT,0.0
24-Jul-23 4:55 PM ICT,0.0
24-Jul-23 5:00 PM ICT,0.0
24-Jul-23 5:05 PM ICT,0.0
24-Jul-23 5:10 PM ICT,0.0
24-Jul-23 5:15 PM ICT,0.0
24-Jul-23 5:20 PM ICT,0.0
24-Jul-23 5:25 PM ICT,0.0
24-Jul-23 5:30 PM ICT,0.0
24-Jul-23 5:35 PM ICT,0.0
24-Jul-23 5:40 PM ICT,0.0
24-Jul-23 5:45 PM ICT,0.0
24-Jul-23 5:50 PM ICT,0.0
24-Jul-23 5:55 PM ICT,0.0
24-Jul-23 6:00 PM ICT,0.0
24-Jul-23 6:05 PM ICT,0.0
24-Jul-23 6:10 PM ICT,0.0
24-Jul-23 6:15 PM ICT,0.0
24-Jul-23 6:20 PM ICT,0.0
24-Jul-23 6:25 PM ICT,0.0
24-Jul-23 6:30 PM ICT,0.0
24-Jul-23 6:35 PM ICT,0.0
24-Jul-23 6:40 PM ICT,0.0
24-Jul-23 6:45 PM ICT,0.0
24-Jul-23 6:50 PM ICT,0.0
24-Jul-23 6:55 PM ICT,0.0
24-Jul-23 7:00 PM ICT,0.0
24-Jul-23 7:05 PM ICT,0.0
24-Jul-23 7:10 PM ICT,0.0
24-Jul-23 7:15 PM ICT,0.0
24-Jul-23 7:20 PM ICT,0.0
24-Jul-23 7:25 PM ICT,0.0
24-Jul-23 7:30 PM ICT,0.0
24-Jul-23 7:35 PM ICT,0.0
24-Jul-23 7:40 PM ICT,0.0
24-Jul-23 7:45 PM ICT,0.0
24-Jul-23 7:50 PM ICT,0.0
24-Jul-23 7:55 PM ICT,0.0
24-Jul-23 8:00 PM ICT,0.0
24-Jul-23 8:05 PM ICT,0.0
24-Jul-23 8:10 PM ICT,0.0
24-Jul-23 8:15 PM ICT,0.0
24-Jul-23 8:20 PM ICT,0.0
24-Jul-23 8:25 PM ICT,0.0
24-Jul-23 8:30 PM ICT,0.0
24-Jul-23 8:35 PM ICT,0.0
24-Jul-23 8:40 PM ICT,0.0
24-Jul-23 8:45 PM ICT,0.0
24-Jul-23 8:50 PM ICT,0.0
24-Jul-23 8:55 PM ICT,0.0
24-Jul-23 9:00 PM ICT,0.0
24-Jul-23 9:05 PM ICT,0.0
24-Jul-23 9:10 PM ICT,0.0
24-Jul-23 9:15 PM ICT,0.0
24-Jul-23 9:20 PM ICT,0.0
24-Jul-23 9:25 PM ICT,0.0
24-Jul-23 9:30 PM ICT,0.0
24-Jul-23 9:35 PM ICT,0.0
24-Jul-23 9:40 PM ICT,0.0
24-Jul-23 9:45 PM ICT,0.0
24-Jul-23 9:50 PM ICT,0.0
24-Jul-23 9:55 PM ICT,0.0
24-Jul-23 10:00 PM ICT,0.0
24-Jul-23 10:05 PM ICT,0.0
24-Jul-23 10:10 PM ICT,0.0
24-Jul-23 10:15 PM ICT,0.0
24-Jul-23 10:20 PM ICT,0.0
24-Jul-23 10:25 PM ICT,0.0
24-Jul-23 10:30 PM ICT,0.0
24-Jul-23 10:35 PM ICT,0.0
24-Jul-23 10:40 PM ICT,0.0
24-Jul-23 10:45 PM ICT,0.0
24-Jul-23 10:50 PM ICT,0.0
24-Jul-23 10:55 PM ICT,0.0
24-Jul-23 11:00 PM ICT,0.0
24-Jul-23 11:05 PM ICT,0.0
24-Jul-23 11:10 PM ICT,0.0
24-Jul-23 11:15 PM ICT,0.0
24-Jul-23 11:20 PM ICT,0.0
24-Jul-23 11:25 PM ICT,0.0
24-Jul-23 11:30 PM ICT,0.0
24-Jul-23 11:35 PM ICT,0.0
24-Jul-23 11:40 PM ICT,0.0
24-Jul-23 11:45 PM ICT,0.0
24-Jul-23 11:50 PM ICT,0.0
24-Jul-23 11:55 PM ICT,0.0
25-Jul-23 12:00 AM ICT,0.0
25-Jul-23 12:05 AM ICT,0.0
25-Jul-23 12:10 AM ICT,0.0
25-Jul-23 12:15 AM ICT,0.0
25-Jul-23 12:20 AM ICT,0.0
25-Jul-23 12:25 AM ICT,0.0
25-Jul-23 12:30 AM ICT,0.0
25-Jul-23 12:35 AM ICT,0.0
25-Jul-23 12:40 AM ICT,0.0
25-Jul-23 12:45 AM ICT,0.0
25-Jul-23 12:50 AM ICT,0.0
25-Jul-23 12:55 AM ICT,0.0
25-Jul-23 1:00 AM ICT,0.0
25-Jul-23 1:05 AM ICT,0.0
25-Jul-23 1:10 AM ICT,0.0
25-Jul-23 1:15 AM ICT,0.0
25-Jul-23 1:20 AM ICT,0.0
25-Jul-23 1:25 AM ICT,0.0
25-Jul-23 1:30 AM ICT,0.0
25-Jul-23 1:35 AM ICT,0.0
25-Jul-23 1:40 AM ICT,0.0
25-Jul-23 1:45 AM ICT,0.0
25-Jul-23 1:50 AM ICT,0.0
25-Jul-23 1:55 AM ICT,0.0
25-Jul-23 2:00 AM ICT,0.0
25-Jul-23 2:05 AM ICT,0.0
25-Jul-23 2:10 AM ICT,0.0
25-Jul-23 2:15 AM ICT,0.0
25-Jul-23 2:20 AM ICT,0.0
25-Jul-23 2:25 AM ICT,0.0
25-Jul-23 2:30 AM ICT,0.0
25-Jul-23 2:35 AM ICT,0.0
25-Jul-23 2:40 AM ICT,0.0
25-Jul-23 2:45 AM ICT,0.0
25-Jul-23 2:50 AM ICT,0.0
25-Jul-23 2:55 AM ICT,0.0
25-Jul-23 3:00 AM ICT,0.0
25-Jul-23 3:05 AM ICT,0.0
25-Jul-23 3:10 AM ICT,0.0
25-Jul-23 3:15 AM ICT,0.0
25-Jul-23 3:20 AM ICT,0.0
25-Jul-23 3:25 AM ICT,0.0
25-Jul-23 3:30 AM ICT,0.0
25-Jul-23 3:35 AM ICT,0.0
25-Jul-23 3:40 AM ICT,0.0
25-Jul-23 3:45 AM ICT,0.0
25-Jul-23 3:50 AM ICT,0.0
25-Jul-23 3:55 AM ICT,0.0
25-Jul-23 4:00 AM ICT,0.0
25-Jul-23 4:05 AM ICT,0.0
25-Jul-23 4:10 AM ICT,0.0
25-Jul-23 4:15 AM ICT,0.0
25-Jul-23 4:20 AM ICT,0.0
25-Jul-23 4:25 AM ICT,0.0
25-Jul-23 4:30 AM ICT,0.0
25-Jul-23 4:35 AM ICT,0.0
25-Jul-23 4:40 AM ICT,0.0
25-Jul-23 4:45 AM ICT,0.0
25-Jul-23 4:50 AM ICT,0.0
25-Jul-23 4:55 AM ICT,0.0
25-Jul-23 5:00 AM ICT,0.0
25-Jul-23 5:05 AM ICT,0.0
25-Jul-23 5:10 AM ICT,0.0
25-Jul-23 5:15 AM ICT,0.0
25-Jul-23 5:20 AM ICT,0.0
25-Jul-23 5:25 AM ICT,0.0
25-Jul-23 5:30 AM ICT,0.0
25-Jul-23 5:35 AM ICT,0.0
25-Jul-23 5:40 AM ICT,0.0
25-Jul-23 5:45 AM ICT,0.0
25-Jul-23 5:50 AM ICT,0.0
25-Jul-23 5:55 AM ICT,0.0
25-Jul-23 6:00 AM ICT,0.0
25-Jul-23 6:05 AM ICT,0.0
25-Jul-23 6:10 AM ICT,0.1
25-Jul-23 6:15 AM ICT,0.1
25-Jul-23 6:20 AM ICT,0.0
25-Jul-23 6:25 AM ICT,0.0
25-Jul-23 6:30 AM ICT,0.0
25-Jul-23 6:35 AM ICT,0.0
25-Jul-23 6:40 AM ICT,0.0
25-Jul-23 6:45 AM ICT,0.0
25-Jul-23 6:50 AM ICT,0.0
25-Jul-23 6:55 AM ICT,0.0
25-Jul-23 7:00 AM ICT,0.0
25-Jul-23 7:05 AM ICT,0.0
25-Jul-23 7:10 AM ICT,0.0
25-Jul-23 7:15 AM ICT,0.0
25-Jul-23 7:20 AM ICT,0.0
25-Jul-23 7:25 AM ICT,0.0
25-Jul-23 7:30 AM ICT,0.0
25-Jul-23 7:35 AM ICT,0.0
25-Jul-23 7:40 AM ICT,0.0
25-Jul-23 7:45 AM ICT,0.0
25-Jul-23 7:50 AM ICT,0.0
25-Jul-23 7:55 AM ICT,0.0
25-Jul-23 8:00 AM ICT,0.0
25-Jul-23 8:05 AM ICT,0.0
25-Jul-23 8:10 AM ICT,0.0
25-Jul-23 8:15 AM ICT,0.0
25-Jul-23 8:20 AM ICT,0.0
25-Jul-23 8:25 AM ICT,0.0
25-Jul-23 8:30 AM ICT,0.1
25-Jul-23 8:35 AM ICT,0.0
25-Jul-23 8:40 AM ICT,0.0
25-Jul-23 8:45 AM ICT,0.0
25-Jul-23 8:50 AM ICT,0.1
25-Jul-23 8:55 AM ICT,0.1
25-Jul-23 9:00 AM ICT,0.0
25-Jul-23 9:05 AM ICT,0.1
25-Jul-23 9:10 AM ICT,0.1
25-Jul-23 9:15 AM ICT,0.1
25-Jul-23 9:20 AM ICT,0.1
25-Jul-23 9:25 AM ICT,0.1
25-Jul-23 9:30 AM ICT,0.1
25-Jul-23 9:35 AM ICT,0.1
25-Jul-23 9:40 AM ICT,0.0
25-Jul-23 9:45 AM ICT,0.0
25-Jul-23 9:50 AM ICT,0.0
25-Jul-23 9:55 AM ICT,0.2
25-Jul-23 10:00 AM ICT,0.1
25-Jul-23 10:05 AM ICT,0.1
25-Jul-23 10:10 AM ICT,0.3
25-Jul-23 10:15 AM ICT,0.1
25-Jul-23 10:20 AM ICT,0.1
25-Jul-23 10:25 AM ICT,0.3
25-Jul-23 10:30 AM ICT,0.1
25-Jul-23 10:35 AM ICT,0.1
25-Jul-23 10:40 AM ICT,0.2
25-Jul-23 10:45 AM ICT,0.1
25-Jul-23 10:50 AM ICT,0.2
25-Jul-23 10:55 AM ICT,0.1
25-Jul-23 11:00 AM ICT,0.3
25-Jul-23 11:05 AM ICT,0.1
25-Jul-23 11:10 AM ICT,0.1
25-Jul-23 11:15 AM ICT,0.1
25-Jul-23 11:20 AM ICT,0.3
25-Jul-23 11:25 AM ICT,0.1
25-Jul-23 11:30 AM ICT,0.2
25-Jul-23 11:35 AM ICT,0.1
25-Jul-23 11:40 AM ICT,0.2
25-Jul-23 11:45 AM ICT,0.0
25-Jul-23 11:50 AM ICT,0.0
25-Jul-23 11:55 AM ICT,0.1
25-Jul-23 12:00 PM ICT,0.1
25-Jul-23 12:05 PM ICT,0.0
25-Jul-23 12:10 PM ICT,0.0
25-Jul-23 12:15 PM ICT,0.0
25-Jul-23 12:20 PM ICT,0.0
25-Jul-23 12:25 PM ICT,0.0
25-Jul-23 12:30 PM ICT,0.0
25-Jul-23 12:35 PM ICT,0.0
25-Jul-23 12:40 PM ICT,0.0
25-Jul-23 12:45 PM ICT,0.1
25-Jul-23 12:50 PM ICT,0.0
25-Jul-23 12:55 PM ICT,0.0
25-Jul-23 1:00 PM ICT,0.1
25-Jul-23 1:05 PM ICT,0.1
25-Jul-23 1:10 PM ICT,0.1
25-Jul-23 1:15 PM ICT,0.1
25-Jul-23 1:20 PM ICT,0.1
25-Jul-23 1:25 PM ICT,0.1
25-Jul-23 1:30 PM ICT,0.1
25-Jul-23 1:35 PM ICT,0.1
25-Jul-23 1:40 PM ICT,0.1
25-Jul-23 1:45 PM ICT,0.1
25-Jul-23 1:50 PM ICT,0.1
25-Jul-23 1:55 PM ICT,0.1
25-Jul-23 2:00 PM ICT,0.1
25-Jul-23 2:05 PM ICT,0.1
25-Jul-23 2:10 PM ICT,0.1
25-Jul-23 2:15 PM ICT,0.1
25-Jul-23 2:20 PM ICT,0.1
25-Jul-23 2:25 PM ICT,0.1
25-Jul-23 2:30 PM ICT,0.1
25-Jul-23 2:35 PM ICT,0.3
25-Jul-23 2:40 PM ICT,7.3
25-Jul-23 2:45 PM ICT,25.7
25-Jul-23 2:50 PM ICT,25.8
25-Jul-23 2:55 PM ICT,25.8
25-Jul-23 3:00 PM ICT,25.9
25-Jul-23 3:05 PM ICT,25.9
25-Jul-23 3:10 PM ICT,26.0
25-Jul-23 3:15 PM ICT,26.1
25-Jul-23 3:20 PM ICT,26.2
25-Jul-23 3:25 PM ICT,26.3
25-Jul-23 3:30 PM ICT,26.3
25-Jul-23 3:35 PM ICT,23.3
25-Jul-23 3:40 PM ICT,17.4
25-Jul-23 3:45 PM ICT,12.1
25-Jul-23 3:50 PM ICT,8.4
25-Jul-23 3:55 PM ICT,6.1
25-Jul-23 4:00 PM ICT,1.3
25-Jul-23 4:05 PM ICT,0.1
25-Jul-23 4:10 PM ICT,0.1
25-Jul-23 4:15 PM ICT,0.1
25-Jul-23 4:20 PM ICT,0.1
25-Jul-23 4:25 PM ICT,0.1
25-Jul-23 4:30 PM ICT,0.1
25-Jul-23 4:35 PM ICT,0.1
25-Jul-23 4:40 PM ICT,0.1
25-Jul-23 4:45 PM ICT,0.1
25-Jul-23 4:50 PM ICT,0.1
25-Jul-23 4:55 PM ICT,0.0
25-Jul-23 5:00 PM ICT,0.0
25-Jul-23 5:05 PM ICT,0.0
25-Jul-23 5:10 PM ICT,0.0
25-Jul-23 5:15 PM ICT,0.0
25-Jul-23 5:20 PM ICT,0.0
25-Jul-23 5:25 PM ICT,0.0
25-Jul-23 5:30 PM ICT,0.0
25-Jul-23 5:35 PM ICT,0.0
25-Jul-23 5:40 PM ICT,0.0
25-Jul-23 5:45 PM ICT,0.0
25-Jul-23 5:50 PM ICT,0.0
25-Jul-23 5:55 PM ICT,0.0
25-Jul-23 6:00 PM ICT,0.0
25-Jul-23 6:05 PM ICT,0.0
25-Jul-23 6:10 PM ICT,0.0
25-Jul-23 6:15 PM ICT,0.0
25-Jul-23 6:20 PM ICT,0.0
25-Jul-23 6:25 PM ICT,0.0
25-Jul-23 6:30 PM ICT,0.0
25-Jul-23 6:35 PM ICT,0.0
25-Jul-23 6:40 PM ICT,0.0
25-Jul-23 6:45 PM ICT,0.0
25-Jul-23 6:50 PM ICT,0.0
25-Jul-23 6:55 PM ICT,0.0
25-Jul-23 7:00 PM ICT,0.0
25-Jul-23 7:05 PM ICT,0.0
25-Jul-23 7:10 PM ICT,0.0
25-Jul-23 7:15 PM ICT,0.0
25-Jul-23 7:20 PM ICT,0.0
25-Jul-23 7:25 PM ICT,0.0
25-Jul-23 7:30 PM ICT,0.0
25-Jul-23 7:35 PM ICT,0.0
25-Jul-23 7:40 PM ICT,0.0
25-Jul-23 7:45 PM ICT,0.0
25-Jul-23 7:50 PM ICT,0.0
25-Jul-23 7:55 PM ICT,0.0
25-Jul-23 8:00 PM ICT,0.0
25-Jul-23 8:05 PM ICT,0.0
25-Jul-23 8:10 PM ICT,0.0
25-Jul-23 8:15 PM ICT,0.0
25-Jul-23 8:20 PM ICT,0.0
25-Jul-23 8:25 PM ICT,0.0
25-Jul-23 8:30 PM ICT,0.0
25-Jul-23 8:35 PM ICT,0.0
25-Jul-23 8:40 PM ICT,0.0
25-Jul-23 8:45 PM ICT,0.0
25-Jul-23 8:50 PM ICT,0.0
25-Jul-23 8:55 PM ICT,0.0
25-Jul-23 9:00 PM ICT,0.0
25-Jul-23 9:05 PM ICT,0.0
25-Jul-23 9:10 PM ICT,0.0
25-Jul-23 9:15 PM ICT,0.0
25-Jul-23 9:20 PM ICT,0.0
25-Jul-23 9:25 PM ICT,0.0
25-Jul-23 9:30 PM ICT,0.0
25-Jul-23 9:35 PM ICT,0.0
25-Jul-23 9:40 PM ICT,0.0
25-Jul-23 9:45 PM ICT,0.0
25-Jul-23 9:50 PM ICT,0.0
25-Jul-23 9:55 PM ICT,0.0
25-Jul-23 10:00 PM ICT,0.0
25-Jul-23 10:05 PM ICT,0.0
25-Jul-23 10:10 PM ICT,0.0
25-Jul-23 10:15 PM ICT,0.0
25-Jul-23 10:20 PM ICT,0.0
25-Jul-23 10:25 PM ICT,0.0
25-Jul-23 10:30 PM ICT,0.0
25-Jul-23 10:35 PM ICT,0.0
25-Jul-23 10:40 PM ICT,0.0
25-Jul-23 10:45 PM ICT,0.0
25-Jul-23 10:50 PM ICT,0.0
25-Jul-23 10:55 PM ICT,0.0
25-Jul-23 11:00 PM ICT,0.0
25-Jul-23 11:05 PM ICT,0.0
25-Jul-23 11:10 PM ICT,0.0
25-Jul-23 11:15 PM ICT,0.0
25-Jul-23 11:20 PM ICT,0.0
25-Jul-23 11:25 PM ICT,0.0
25-Jul-23 11:30 PM ICT,0.0
25-Jul-23 11:35 PM ICT,0.0
25-Jul-23 11:40 PM ICT,0.0
25-Jul-23 11:45 PM ICT,0.0
25-Jul-23 11:50 PM ICT,0.0
25-Jul-23 11:55 PM ICT,0.0
26-Jul-23 12:00 AM ICT,0.0
26-Jul-23 12:05 AM ICT,0.0
26-Jul-23 12:10 AM ICT,0.0
26-Jul-23 12:15 AM ICT,0.0
26-Jul-23 12:20 AM ICT,0.0
26-Jul-23 12:25 AM ICT,0.0
26-Jul-23 12:30 AM ICT,0.0
26-Jul-23 12:35 AM ICT,0.0
26-Jul-23 12:40 AM ICT,0.0
26-Jul-23 12:45 AM ICT,0.0
26-Jul-23 12:50 AM ICT,0.0
26-Jul-23 12:55 AM ICT,0.0
26-Jul-23 1:00 AM ICT,0.0
26-Jul-23 1:05 AM ICT,0.0
26-Jul-23 1:10 AM ICT,0.0
26-Jul-23 1:15 AM ICT,0.0
26-Jul-23 1:20 AM ICT,0.0
26-Jul-23 1:25 AM ICT,0.0
26-Jul-23 1:30 AM ICT,0.0
26-Jul-23 1:35 AM ICT,0.0
26-Jul-23 1:40 AM ICT,0.0
26-Jul-23 1:45 AM ICT,0.0
26-Jul-23 1:50 AM ICT,0.0
26-Jul-23 1:55 AM ICT,0.0
26-Jul-23 2:00 AM ICT,0.0
26-Jul-23 2:05 AM ICT,0.0
26-Jul-23 2:10 AM ICT,0.0
26-Jul-23 2:15 AM ICT,0.0
26-Jul-23 2:20 AM ICT,0.0
26-Jul-23 2:25 AM ICT,0.0
26-Jul-23 2:30 AM ICT,0.0
26-Jul-23 2:35 AM ICT,0.0
26-Jul-23 2:40 AM ICT,0.0
26-Jul-23 2:45 AM ICT,0.0
26-Jul-23 2:50 AM ICT,0.0
26-Jul-23 2:55 AM ICT,0.0
26-Jul-23 3:00 AM ICT,0.0
26-Jul-23 3:05 AM ICT,0.0
26-Jul-23 3:10 AM ICT,0.0
26-Jul-23 3:15 AM ICT,0.0
26-Jul-23 3:20 AM ICT,0.0
26-Jul-23 3:25 AM ICT,0.0
26-Jul-23 3:30 AM ICT,0.0
26-Jul-23 3:35 AM ICT,0.0
26-Jul-23 3:40 AM ICT,0.0
26-Jul-23 3:45 AM ICT,0.0
26-Jul-23 3:50 AM ICT,0.0
26-Jul-23 3:55 AM ICT,0.0
26-Jul-23 4:00 AM ICT,0.0
26-Jul-23 4:05 AM ICT,0.0
26-Jul-23 4:10 AM ICT,0.0
26-Jul-23 4:15 AM ICT,0.0
26-Jul-23 4:20 AM ICT,0.0
26-Jul-23 4:25 AM ICT,0.0
26-Jul-23 4:30 AM ICT,0.0
26-Jul-23 4:35 AM ICT,0.0
26-Jul-23 4:40 AM ICT,0.0
26-Jul-23 4:45 AM ICT,0.0
26-Jul-23 4:50 AM ICT,0.0
26-Jul-23 4:55 AM ICT,0.0
26-Jul-23 5:00 AM ICT,0.0
26-Jul-23 5:05 AM ICT,0.0
26-Jul-23 5:10 AM ICT,0.0
26-Jul-23 5:15 AM ICT,0.0
26-Jul-23 5:20 AM ICT,0.0
26-Jul-23 5:25 AM ICT,0.0
26-Jul-23 5:30 AM ICT,0.0
26-Jul-23 5:35 AM ICT,0.0
26-Jul-23 5:40 AM ICT,0.0
26-Jul-23 5:45 AM ICT,0.0
26-Jul-23 5:50 AM ICT,0.0
26-Jul-23 5:55 AM ICT,0.0
26-Jul-23 6:00 AM ICT,0.0
26-Jul-23 6:05 AM ICT,0.0
26-Jul-23 6:10 AM ICT,0.0
26-Jul-23 6:15 AM ICT,0.0
26-Jul-23 6:20 AM ICT,0.0
26-Jul-23 6:25 AM ICT,0.0
26-Jul-23 6:30 AM ICT,0.0
26-Jul-23 6:35 AM ICT,0.0
26-Jul-23 6:40 AM ICT,0.0
26-Jul-23 6:45 AM ICT,0.0
26-Jul-23 6:50 AM ICT,0.0
26-Jul-23 6:55 AM ICT,0.0
26-Jul-23 7:00 AM ICT,0.0
26-Jul-23 7:05 AM ICT,14.3
26-Jul-23 7:10 AM ICT,22.5
26-Jul-23 7:15 AM ICT,22.5
26-Jul-23 7:20 AM ICT,22.7
26-Jul-23 7:25 AM ICT,22.8
26-Jul-23 7:30 AM ICT,23.0
26-Jul-23 7:35 AM ICT,23.3
26-Jul-23 7:40 AM ICT,23.6
26-Jul-23 7:45 AM ICT,23.8
26-Jul-23 7:50 AM ICT,24.1
26-Jul-23 7:55 AM ICT,24.5
26-Jul-23 8:00 AM ICT,24.8
26-Jul-23 8:05 AM ICT,16.1
26-Jul-23 8:10 AM ICT,15.3
26-Jul-23 8:15 AM ICT,8.6
26-Jul-23 8:20 AM ICT,0.1
26-Jul-23 8:25 AM ICT,0.1
26-Jul-23 8:30 AM ICT,0.1
26-Jul-23 8:35 AM ICT,0.1
26-Jul-23 8:40 AM ICT,0.1
26-Jul-23 8:45 AM ICT,0.1
26-Jul-23 8:50 AM ICT,0.1
26-Jul-23 8:55 AM ICT,0.1
26-Jul-23 9:00 AM ICT,0.1
26-Jul-23 9:05 AM ICT,0.1
26-Jul-23 9:10 AM ICT,0.1
26-Jul-23 9:15 AM ICT,0.1
26-Jul-23 9:20 AM ICT,0.1
26-Jul-23 9:25 AM ICT,0.2
26-Jul-23 9:30 AM ICT,0.2
26-Jul-23 9:35 AM ICT,0.2
26-Jul-23 9:40 AM ICT,0.2
26-Jul-23 9:45 AM ICT,0.1
26-Jul-23 9:50 AM ICT,0.0
26-Jul-23 9:55 AM ICT,0.0
26-Jul-23 10:00 AM ICT,0.0
26-Jul-23 10:05 AM ICT,0.0
26-Jul-23 10:10 AM ICT,0.0
26-Jul-23 10:15 AM ICT,0.0
26-Jul-23 10:20 AM ICT,0.0
26-Jul-23 10:25 AM ICT,0.0
26-Jul-23 10:30 AM ICT,0.2
26-Jul-23 10:35 AM ICT,0.2
26-Jul-23 10:40 AM ICT,0.1
26-Jul-23 10:45 AM ICT,0.2
26-Jul-23 10:50 AM ICT,0.1
26-Jul-23 10:55 AM ICT,0.1
26-Jul-23 11:00 AM ICT,0.1
26-Jul-23 11:05 AM ICT,0.1
26-Jul-23 11:10 AM ICT,0.1
26-Jul-23 11:15 AM ICT,0.1
26-Jul-23 11:20 AM ICT,0.1
26-Jul-23 11:25 AM ICT,0.1
26-Jul-23 11:30 AM ICT,0.1
26-Jul-23 11:35 AM ICT,0.1
26-Jul-23 11:40 AM ICT,0.1
26-Jul-23 11:45 AM ICT,0.1
26-Jul-23 11:50 AM ICT,0.1
26-Jul-23 11:55 AM ICT,0.1
26-Jul-23 12:00 PM ICT,0.1
26-Jul-23 12:05 PM ICT,0.1
26-Jul-23 12:10 PM ICT,0.1
26-Jul-23 12:15 PM ICT,0.1
26-Jul-23 12:20 PM ICT,0.1
26-Jul-23 12:25 PM ICT,0.1
26-Jul-23 12:30 PM ICT,0.1
26-Jul-23 12:35 PM ICT,0.1
26-Jul-23 12:40 PM ICT,0.1
26-Jul-23 12:45 PM ICT,0.1
26-Jul-23 12:50 PM ICT,0.1
26-Jul-23 12:55 PM ICT,0.1
26-Jul-23 1:00 PM ICT,0.1
26-Jul-23 1:05 PM ICT,0.1
26-Jul-23 1:10 PM ICT,0.1
26-Jul-23 1:15 PM ICT,0.2
26-Jul-23 1:20 PM ICT,0.2
26-Jul-23 1:25 PM ICT,0.1
26-Jul-23 1:30 PM ICT,0.1
26-Jul-23 1:35 PM ICT,0.1
26-Jul-23 1:40 PM ICT,0.1
26-Jul-23 1:45 PM ICT,0.1
26-Jul-23 1:50 PM ICT,0.1
26-Jul-23 1:55 PM ICT,0.1
26-Jul-23 2:00 PM ICT,0.1
26-Jul-23 2:05 PM ICT,0.2
26-Jul-23 2:10 PM ICT,0.1
26-Jul-23 2:15 PM ICT,0.1
26-Jul-23 2:20 PM ICT,0.1
26-Jul-23 2:25 PM ICT,0.1
26-Jul-23 2:30 PM ICT,6.5
26-Jul-23 2:35 PM ICT,25.6
26-Jul-23 2:40 PM ICT,25.6
26-Jul-23 2:45 PM ICT,25.7
26-Jul-23 2:50 PM ICT,25.8
26-Jul-23 2:55 PM ICT,26.0
26-Jul-23 3:00 PM ICT,25.8
26-Jul-23 3:05 PM ICT,25.8
26-Jul-23 3:10 PM ICT,25.8
26-Jul-23 3:15 PM ICT,25.9
26-Jul-23 3:20 PM ICT,25.9
26-Jul-23 3:25 PM ICT,25.9
26-Jul-23 3:30 PM ICT,26.0
26-Jul-23 3:35 PM ICT,26.1
26-Jul-23 3:40 PM ICT,26.2
26-Jul-23 3:45 PM ICT,24.3
26-Jul-23 3:50 PM ICT,18.8
26-Jul-23 3:55 PM ICT,13.5
26-Jul-23 4:00 PM ICT,9.5
26-Jul-23 4:05 PM ICT,7.0
26-Jul-23 4:10 PM ICT,4.5
26-Jul-23 4:15 PM ICT,0.1
26-Jul-23 4:20 PM ICT,0.1
26-Jul-23 4:25 PM ICT,0.1
26-Jul-23 4:30 PM ICT,0.1
26-Jul-23 4:35 PM ICT,0.0
26-Jul-23 4:40 PM ICT,0.1
26-Jul-23 4:45 PM ICT,0.1
26-Jul-23 4:50 PM ICT,0.1
26-Jul-23 4:55 PM ICT,0.1
26-Jul-23 5:00 PM ICT,0.0
26-Jul-23 5:05 PM ICT,0.0
26-Jul-23 5:10 PM ICT,0.0
26-Jul-23 5:15 PM ICT,0.0
26-Jul-23 5:20 PM ICT,0.0
26-Jul-23 5:25 PM ICT,0.0
26-Jul-23 5:30 PM ICT,0.0
26-Jul-23 5:35 PM ICT,0.0
26-Jul-23 5:40 PM ICT,0.0
26-Jul-23 5:45 PM ICT,0.0
26-Jul-23 5:50 PM ICT,0.0
26-Jul-23 5:55 PM ICT,0.0
26-Jul-23 6:00 PM ICT,0.0
26-Jul-23 6:05 PM ICT,0.0
26-Jul-23 6:10 PM ICT,0.0
26-Jul-23 6:15 PM ICT,0.0
26-Jul-23 6:20 PM ICT,0.0
26-Jul-23 6:25 PM ICT,0.0
26-Jul-23 6:30 PM ICT,0.0
26-Jul-23 6:35 PM ICT,0.0
26-Jul-23 6:40 PM ICT,0.0
26-Jul-23 6:45 PM ICT,0.0
26-Jul-23 6:50 PM ICT,0.0
26-Jul-23 6:55 PM ICT,0.0
26-Jul-23 7:00 PM ICT,0.0
26-Jul-23 7:05 PM ICT,0.0
26-Jul-23 7:10 PM ICT,0.0
26-Jul-23 7:15 PM ICT,0.0
26-Jul-23 7:20 PM ICT,0.0
26-Jul-23 7:25 PM ICT,0.0
26-Jul-23 7:30 PM ICT,0.0
26-Jul-23 7:35 PM ICT,0.0
26-Jul-23 7:40 PM ICT,0.0
26-Jul-23 7:45 PM ICT,0.0
26-Jul-23 7:50 PM ICT,0.0
26-Jul-23 7:55 PM ICT,0.0
26-Jul-23 8:00 PM ICT,0.0
26-Jul-23 8:05 PM ICT,0.0
26-Jul-23 8:10 PM ICT,0.0
26-Jul-23 8:15 PM ICT,0.0
26-Jul-23 8:20 PM ICT,0.0
26-Jul-23 8:25 PM ICT,0.0
26-Jul-23 8:30 PM ICT,0.0
26-Jul-23 8:35 PM ICT,0.0
26-Jul-23 8:40 PM ICT,0.0
26-Jul-23 8:45 PM ICT,0.0
26-Jul-23 8:50 PM ICT,0.0
26-Jul-23 8:55 PM ICT,0.0
26-Jul-23 9:00 PM ICT,0.0
26-Jul-23 9:05 PM ICT,0.0
26-Jul-23 9:10 PM ICT,0.0
26-Jul-23 9:15 PM ICT,0.0
26-Jul-23 9:20 PM ICT,0.0
26-Jul-23 9:25 PM ICT,0.0
26-Jul-23 9:30 PM ICT,0.0
26-Jul-23 9:35 PM ICT,0.0
26-Jul-23 9:40 PM ICT,0.0
26-Jul-23 9:45 PM ICT,0.0
26-Jul-23 9:50 PM ICT,0.0
26-Jul-23 9:55 PM ICT,0.0
26-Jul-23 10:00 PM ICT,0.0
26-Jul-23 10:05 PM ICT,0.0
26-Jul-23 10:10 PM ICT,0.0
26-Jul-23 10:15 PM ICT,0.0
26-Jul-23 10:20 PM ICT,0.0
26-Jul-23 10:25 PM ICT,0.0
26-Jul-23 10:30 PM ICT,0.0
26-Jul-23 10:35 PM ICT,0.0
26-Jul-23 10:40 PM ICT,0.0
26-Jul-23 10:45 PM ICT,0.0
26-Jul-23 10:50 PM ICT,0.0
26-Jul-23 10:55 PM ICT,0.0
26-Jul-23 11:00 PM ICT,0.0
26-Jul-23 11:05 PM ICT,0.0
26-Jul-23 11:10 PM ICT,0.0
26-Jul-23 11:15 PM ICT,0.0
26-Jul-23 11:20 PM ICT,0.0
26-Jul-23 11:25 PM ICT,0.0
26-Jul-23 11:30 PM ICT,0.0
26-Jul-23 11:35 PM ICT,0.0
26-Jul-23 11:40 PM ICT,0.0
26-Jul-23 11:45 PM ICT,0.0
26-Jul-23 11:50 PM ICT,0.0
26-Jul-23 11:55 PM ICT,0.0
27-Jul-23 12:00 AM ICT,0.0
27-Jul-23 12:05 AM ICT,0.0
27-Jul-23 12:10 AM ICT,0.0
27-Jul-23 12:15 AM ICT,0.0
27-Jul-23 12:20 AM ICT,0.0
27-Jul-23 12:25 AM ICT,0.0
27-Jul-23 12:30 AM ICT,0.0
27-Jul-23 12:35 AM ICT,0.0
27-Jul-23 12:40 AM ICT,0.0
27-Jul-23 12:45 AM ICT,0.0
27-Jul-23 12:50 AM ICT,0.0
27-Jul-23 12:55 AM ICT,0.0
27-Jul-23 1:00 AM ICT,0.0
27-Jul-23 1:05 AM ICT,0.0
27-Jul-23 1:10 AM ICT,0.0
27-Jul-23 1:15 AM ICT,0.0
27-Jul-23 1:20 AM ICT,0.0
27-Jul-23 1:25 AM ICT,0.0
27-Jul-23 1:30 AM ICT,0.0
27-Jul-23 1:35 AM ICT,0.0
27-Jul-23 1:40 AM ICT,0.0
27-Jul-23 1:45 AM ICT,0.0
27-Jul-23 1:50 AM ICT,0.0
27-Jul-23 1:55 AM ICT,0.0
27-Jul-23 2:00 AM ICT,0.0
27-Jul-23 2:05 AM ICT,0.0
27-Jul-23 2:10 AM ICT,0.0
27-Jul-23 2:15 AM ICT,0.0
27-Jul-23 2:20 AM ICT,0.0
27-Jul-23 2:25 AM ICT,0.0
27-Jul-23 2:30 AM ICT,0.0
27-Jul-23 2:35 AM ICT,0.0
27-Jul-23 2:40 AM ICT,0.0
27-Jul-23 2:45 AM ICT,0.0
27-Jul-23 2:50 AM ICT,0.0
27-Jul-23 2:55 AM ICT,0.0
27-Jul-23 3:00 AM ICT,0.0
27-Jul-23 3:05 AM ICT,0.0
27-Jul-23 3:10 AM ICT,0.0
27-Jul-23 3:15 AM ICT,0.0
27-Jul-23 3:20 AM ICT,0.0
27-Jul-23 3:25 AM ICT,0.0
27-Jul-23 3:30 AM ICT,0.0
27-Jul-23 3:35 AM ICT,0.0
27-Jul-23 3:40 AM ICT,0.0
27-Jul-23 3:45 AM ICT,0.0
27-Jul-23 3:50 AM ICT,0.0
27-Jul-23 3:55 AM ICT,0.0
27-Jul-23 4:00 AM ICT,0.0
27-Jul-23 4:05 AM ICT,0.0
27-Jul-23 4:10 AM ICT,0.0
27-Jul-23 4:15 AM ICT,0.0
27-Jul-23 4:20 AM ICT,0.0
27-Jul-23 4:25 AM ICT,0.0
27-Jul-23 4:30 AM ICT,0.0
27-Jul-23 4:35 AM ICT,0.0
27-Jul-23 4:40 AM ICT,0.0
27-Jul-23 4:45 AM ICT,0.0
27-Jul-23 4:50 AM ICT,0.0
27-Jul-23 4:55 AM ICT,0.0
27-Jul-23 5:00 AM ICT,0.0
27-Jul-23 5:05 AM ICT,0.0
27-Jul-23 5:10 AM ICT,0.0
27-Jul-23 5:15 AM ICT,0.0
27-Jul-23 5:20 AM ICT,0.0
27-Jul-23 5:25 AM ICT,0.0
27-Jul-23 5:30 AM ICT,0.0
27-Jul-23 5:35 AM ICT,0.0
27-Jul-23 5:40 AM ICT,0.0
27-Jul-23 5:45 AM ICT,0.0
27-Jul-23 5:50 AM ICT,0.0
27-Jul-23 5:55 AM ICT,0.0
27-Jul-23 6:00 AM ICT,0.0
27-Jul-23 6:05 AM ICT,0.0
27-Jul-23 6:10 AM ICT,0.0
27-Jul-23 6:15 AM ICT,0.0
27-Jul-23 6:20 AM ICT,0.0
27-Jul-23 6:25 AM ICT,0.0
27-Jul-23 6:30 AM ICT,0.0
27-Jul-23 6:35 AM ICT,0.0
27-Jul-23 6:40 AM ICT,0.0
27-Jul-23 6:45 AM ICT,0.0
27-Jul-23 6:50 AM ICT,0.0
27-Jul-23 6:55 AM ICT,0.0
27-Jul-23 7:00 AM ICT,0.0
27-Jul-23 7:05 AM ICT,0.0
27-Jul-23 7:10 AM ICT,0.0
27-Jul-23 7:15 AM ICT,0.0
27-Jul-23 7:20 AM ICT,0.0
27-Jul-23 7:25 AM ICT,0.0
27-Jul-23 7:30 AM ICT,0.0
27-Jul-23 7:35 AM ICT,0.0
27-Jul-23 7:40 AM ICT,0.0
27-Jul-23 7:45 AM ICT,0.0
27-Jul-23 7:50 AM ICT,0.0
27-Jul-23 7:55 AM ICT,0.0
27-Jul-23 8:00 AM ICT,0.0
27-Jul-23 8:05 AM ICT,0.0
27-Jul-23 8:10 AM ICT,0.2
27-Jul-23 8:15 AM ICT,0.2
27-Jul-23 8:20 AM ICT,0.2
27-Jul-23 8:25 AM ICT,0.2
27-Jul-23 8:30 AM ICT,0.3
27-Jul-23 8:35 AM ICT,0.1
27-Jul-23 8:40 AM ICT,0.3
27-Jul-23 8:45 AM ICT,0.1
27-Jul-23 8:50 AM ICT,0.1
27-Jul-23 8:55 AM ICT,0.1
27-Jul-23 9:00 AM ICT,0.1
27-Jul-23 9:05 AM ICT,0.2
27-Jul-23 9:10 AM ICT,0.1
27-Jul-23 9:15 AM ICT,0.1
27-Jul-23 9:20 AM ICT,0.1
27-Jul-23 9:25 AM ICT,0.1