Timestamp,VM_KW(kW)
01-Sep-23 1:05 AM ICT,1.5
01-Sep-23 1:10 AM ICT,1.6
01-Sep-23 1:15 AM ICT,1.6
01-Sep-23 1:20 AM ICT,1.6
01-Sep-23 1:25 AM ICT,1.6
01-Sep-23 1:30 AM ICT,1.6
01-Sep-23 1:35 AM ICT,1.8
01-Sep-23 1:40 AM ICT,1.8
01-Sep-23 1:45 AM ICT,1.7
01-Sep-23 1:50 AM ICT,1.7
01-Sep-23 1:55 AM ICT,1.7
01-Sep-23 2:00 AM ICT,1.5
01-Sep-23 2:05 AM ICT,1.5
01-Sep-23 2:10 AM ICT,1.5
01-Sep-23 2:15 AM ICT,1.5
01-Sep-23 2:20 AM ICT,1.6
01-Sep-23 2:25 AM ICT,1.6
01-Sep-23 2:30 AM ICT,1.6
01-Sep-23 2:35 AM ICT,1.6
01-Sep-23 2:40 AM ICT,1.5
01-Sep-23 2:45 AM ICT,1.5
01-Sep-23 2:50 AM ICT,1.5
01-Sep-23 2:55 AM ICT,1.5
01-Sep-23 3:00 AM ICT,1.5
01-Sep-23 3:05 AM ICT,1.5
01-Sep-23 3:10 AM ICT,1.5
01-Sep-23 3:15 AM ICT,1.5
01-Sep-23 3:20 AM ICT,1.5
01-Sep-23 3:25 AM ICT,1.5
01-Sep-23 3:30 AM ICT,1.5
01-Sep-23 3:35 AM ICT,1.5
01-Sep-23 3:40 AM ICT,1.5
01-Sep-23 3:45 AM ICT,1.6
01-Sep-23 3:50 AM ICT,1.6
01-Sep-23 3:55 AM ICT,1.6
01-Sep-23 4:00 AM ICT,1.6
01-Sep-23 4:05 AM ICT,1.5
01-Sep-23 4:10 AM ICT,1.5
01-Sep-23 4:15 AM ICT,1.5
01-Sep-23 4:20 AM ICT,1.5
01-Sep-23 4:25 AM ICT,1.5
01-Sep-23 4:30 AM ICT,1.5
01-Sep-23 4:35 AM ICT,1.5
01-Sep-23 4:40 AM ICT,1.6
01-Sep-23 4:45 AM ICT,1.5
01-Sep-23 4:50 AM ICT,1.5
01-Sep-23 4:55 AM ICT,1.5
01-Sep-23 5:00 AM ICT,1.5
01-Sep-23 5:05 AM ICT,1.5
01-Sep-23 5:10 AM ICT,1.4
01-Sep-23 5:15 AM ICT,1.3
01-Sep-23 5:20 AM ICT,1.2
01-Sep-23 5:25 AM ICT,0.6
01-Sep-23 5:30 AM ICT,0.6
01-Sep-23 5:35 AM ICT,0.7
01-Sep-23 5:40 AM ICT,0.7
01-Sep-23 5:45 AM ICT,0.8
01-Sep-23 5:50 AM ICT,0.7
01-Sep-23 5:55 AM ICT,0.7
01-Sep-23 6:00 AM ICT,0.6
01-Sep-23 6:05 AM ICT,0.6
01-Sep-23 6:10 AM ICT,0.7
01-Sep-23 6:15 AM ICT,0.7
01-Sep-23 6:20 AM ICT,0.7
01-Sep-23 6:25 AM ICT,0.8
01-Sep-23 6:30 AM ICT,0.9
01-Sep-23 6:35 AM ICT,0.9
01-Sep-23 6:40 AM ICT,0.8
01-Sep-23 6:45 AM ICT,0.9
01-Sep-23 6:50 AM ICT,0.8
01-Sep-23 6:55 AM ICT,0.8
01-Sep-23 7:00 AM ICT,0.8
01-Sep-23 7:05 AM ICT,0.8
01-Sep-23 7:10 AM ICT,0.8
01-Sep-23 7:15 AM ICT,0.9
01-Sep-23 7:20 AM ICT,1.1
01-Sep-23 7:25 AM ICT,1.4
01-Sep-23 7:30 AM ICT,1.5
01-Sep-23 7:35 AM ICT,1.5
01-Sep-23 7:40 AM ICT,2.1
01-Sep-23 7:45 AM ICT,2.1
01-Sep-23 7:50 AM ICT,2.3
01-Sep-23 7:55 AM ICT,2.1
01-Sep-23 8:00 AM ICT,2.5
01-Sep-23 8:05 AM ICT,3.6
01-Sep-23 8:10 AM ICT,4.1
01-Sep-23 8:15 AM ICT,3.6
01-Sep-23 8:20 AM ICT,3.6
01-Sep-23 8:25 AM ICT,4.6
01-Sep-23 8:30 AM ICT,8.0
01-Sep-23 8:35 AM ICT,11.7
01-Sep-23 8:40 AM ICT,12.0
01-Sep-23 8:45 AM ICT,14.2
01-Sep-23 8:50 AM ICT,13.3
01-Sep-23 8:55 AM ICT,13.0
01-Sep-23 9:00 AM ICT,18.3
01-Sep-23 9:05 AM ICT,19.8
01-Sep-23 9:10 AM ICT,20.7
01-Sep-23 9:15 AM ICT,17.8
01-Sep-23 9:20 AM ICT,18.4
01-Sep-23 9:25 AM ICT,16.8
01-Sep-23 9:30 AM ICT,19.9
01-Sep-23 9:35 AM ICT,18.2
01-Sep-23 9:40 AM ICT,19.0
01-Sep-23 9:45 AM ICT,19.0
01-Sep-23 9:50 AM ICT,18.3
01-Sep-23 9:55 AM ICT,17.5
01-Sep-23 10:00 AM ICT,17.6
01-Sep-23 10:05 AM ICT,17.9
01-Sep-23 10:10 AM ICT,17.6
01-Sep-23 10:15 AM ICT,16.5
01-Sep-23 10:20 AM ICT,18.1
01-Sep-23 10:25 AM ICT,18.9
01-Sep-23 10:30 AM ICT,18.2
01-Sep-23 10:35 AM ICT,19.5
01-Sep-23 10:40 AM ICT,20.4
01-Sep-23 10:45 AM ICT,17.3
01-Sep-23 10:50 AM ICT,16.4
01-Sep-23 10:55 AM ICT,15.8
01-Sep-23 11:00 AM ICT,17.5
01-Sep-23 11:05 AM ICT,19.9
01-Sep-23 11:10 AM ICT,19.1
01-Sep-23 11:15 AM ICT,18.3
01-Sep-23 11:20 AM ICT,16.8
01-Sep-23 11:25 AM ICT,17.9
01-Sep-23 11:30 AM ICT,20.8
01-Sep-23 11:35 AM ICT,19.1
01-Sep-23 11:40 AM ICT,18.4
01-Sep-23 11:45 AM ICT,16.8
01-Sep-23 11:50 AM ICT,16.9
01-Sep-23 11:55 AM ICT,18.2
01-Sep-23 12:00 PM ICT,18.2
01-Sep-23 12:05 PM ICT,17.8
01-Sep-23 12:10 PM ICT,17.7
01-Sep-23 12:15 PM ICT,17.3
01-Sep-23 12:20 PM ICT,15.5
01-Sep-23 12:25 PM ICT,15.6
01-Sep-23 12:30 PM ICT,16.7
01-Sep-23 12:35 PM ICT,16.6
01-Sep-23 12:40 PM ICT,15.4
01-Sep-23 12:45 PM ICT,16.0
01-Sep-23 12:50 PM ICT,15.9
01-Sep-23 12:55 PM ICT,16.8
01-Sep-23 1:00 PM ICT,16.3
01-Sep-23 1:05 PM ICT,16.6
01-Sep-23 1:10 PM ICT,17.5
01-Sep-23 1:15 PM ICT,17.4
01-Sep-23 1:20 PM ICT,18.4
01-Sep-23 1:25 PM ICT,20.6
01-Sep-23 1:30 PM ICT,23.8
01-Sep-23 1:35 PM ICT,23.0
01-Sep-23 1:40 PM ICT,22.7
01-Sep-23 1:45 PM ICT,23.4
01-Sep-23 1:50 PM ICT,23.1
01-Sep-23 1:55 PM ICT,25.9
01-Sep-23 2:00 PM ICT,28.6
01-Sep-23 2:05 PM ICT,27.6
01-Sep-23 2:10 PM ICT,26.0
01-Sep-23 2:15 PM ICT,23.4
01-Sep-23 2:20 PM ICT,25.6
01-Sep-23 2:25 PM ICT,25.6
01-Sep-23 2:30 PM ICT,24.8
01-Sep-23 2:35 PM ICT,23.8
01-Sep-23 2:40 PM ICT,27.1
01-Sep-23 2:45 PM ICT,34.4
01-Sep-23 2:50 PM ICT,34.6
01-Sep-23 2:55 PM ICT,28.0
01-Sep-23 3:00 PM ICT,26.1
01-Sep-23 3:05 PM ICT,27.3
01-Sep-23 3:10 PM ICT,33.1
01-Sep-23 3:15 PM ICT,35.2
01-Sep-23 3:20 PM ICT,28.4
01-Sep-23 3:25 PM ICT,26.0
01-Sep-23 3:30 PM ICT,26.6
01-Sep-23 3:35 PM ICT,33.4
01-Sep-23 3:40 PM ICT,31.2
01-Sep-23 3:45 PM ICT,23.1
01-Sep-23 3:50 PM ICT,26.3
01-Sep-23 3:55 PM ICT,27.0
01-Sep-23 4:00 PM ICT,27.2
01-Sep-23 4:05 PM ICT,24.7
01-Sep-23 4:10 PM ICT,23.6
01-Sep-23 4:15 PM ICT,23.4
01-Sep-23 4:20 PM ICT,21.8
01-Sep-23 4:25 PM ICT,15.5
01-Sep-23 4:30 PM ICT,14.9
01-Sep-23 4:35 PM ICT,14.3
01-Sep-23 4:40 PM ICT,12.7
01-Sep-23 4:45 PM ICT,12.5
01-Sep-23 4:50 PM ICT,12.9
01-Sep-23 4:55 PM ICT,10.8
01-Sep-23 5:00 PM ICT,9.7
01-Sep-23 5:05 PM ICT,7.2
01-Sep-23 5:10 PM ICT,6.3
01-Sep-23 5:15 PM ICT,5.4
01-Sep-23 5:20 PM ICT,5.4
01-Sep-23 5:25 PM ICT,5.9
01-Sep-23 5:30 PM ICT,5.0
01-Sep-23 5:35 PM ICT,3.8
01-Sep-23 5:40 PM ICT,2.3
01-Sep-23 5:45 PM ICT,2.3
01-Sep-23 5:50 PM ICT,2.2
01-Sep-23 5:55 PM ICT,1.6
01-Sep-23 6:00 PM ICT,1.2
01-Sep-23 6:05 PM ICT,1.2
01-Sep-23 6:10 PM ICT,1.2
01-Sep-23 6:15 PM ICT,1.3
01-Sep-23 6:20 PM ICT,1.5
01-Sep-23 6:25 PM ICT,2.2
01-Sep-23 6:30 PM ICT,2.2
01-Sep-23 6:35 PM ICT,2.1
01-Sep-23 6:40 PM ICT,2.1
01-Sep-23 6:45 PM ICT,2.1
01-Sep-23 6:50 PM ICT,2.1
01-Sep-23 6:55 PM ICT,2.0
01-Sep-23 7:00 PM ICT,2.0
01-Sep-23 7:05 PM ICT,2.1
01-Sep-23 7:10 PM ICT,2.1
01-Sep-23 7:15 PM ICT,2.1
01-Sep-23 7:20 PM ICT,2.1
01-Sep-23 7:25 PM ICT,2.1
01-Sep-23 7:30 PM ICT,2.2
01-Sep-23 7:35 PM ICT,2.1
01-Sep-23 7:40 PM ICT,2.1
01-Sep-23 7:45 PM ICT,2.2
01-Sep-23 7:50 PM ICT,2.6
04-Sep-23 12:10 PM ICT,31.9
04-Sep-23 12:15 PM ICT,25.6
04-Sep-23 12:20 PM ICT,24.0
04-Sep-23 12:25 PM ICT,23.1
04-Sep-23 12:30 PM ICT,22.3
04-Sep-23 12:35 PM ICT,22.9
04-Sep-23 12:40 PM ICT,23.3
04-Sep-23 12:45 PM ICT,22.3
04-Sep-23 12:50 PM ICT,21.7
04-Sep-23 12:55 PM ICT,23.5
04-Sep-23 1:00 PM ICT,27.5
04-Sep-23 1:05 PM ICT,27.9
04-Sep-23 1:10 PM ICT,27.5
04-Sep-23 1:15 PM ICT,30.1
04-Sep-23 1:20 PM ICT,32.4
04-Sep-23 1:25 PM ICT,31.5
04-Sep-23 1:30 PM ICT,31.3
04-Sep-23 1:35 PM ICT,32.2
04-Sep-23 1:40 PM ICT,31.2
04-Sep-23 1:45 PM ICT,32.6
04-Sep-23 1:50 PM ICT,31.7
04-Sep-23 1:55 PM ICT,32.8
04-Sep-23 2:00 PM ICT,32.1
04-Sep-23 2:05 PM ICT,34.3
04-Sep-23 2:10 PM ICT,34.1
04-Sep-23 2:15 PM ICT,32.9
04-Sep-23 2:20 PM ICT,32.0
04-Sep-23 2:25 PM ICT,29.1
04-Sep-23 2:30 PM ICT,34.1
04-Sep-23 2:35 PM ICT,35.1
04-Sep-23 2:40 PM ICT,33.8
04-Sep-23 2:45 PM ICT,32.6
04-Sep-23 2:50 PM ICT,34.9
04-Sep-23 2:55 PM ICT,33.4
04-Sep-23 3:00 PM ICT,31.4
04-Sep-23 3:05 PM ICT,31.9
04-Sep-23 3:10 PM ICT,32.8
04-Sep-23 3:15 PM ICT,29.5
04-Sep-23 3:20 PM ICT,28.2
04-Sep-23 3:25 PM ICT,30.3
04-Sep-23 3:30 PM ICT,31.0
04-Sep-23 3:35 PM ICT,30.3
04-Sep-23 3:40 PM ICT,26.5
04-Sep-23 3:45 PM ICT,25.8
04-Sep-23 3:50 PM ICT,26.8
04-Sep-23 3:55 PM ICT,27.3
04-Sep-23 4:00 PM ICT,27.7
04-Sep-23 4:05 PM ICT,24.5
04-Sep-23 4:10 PM ICT,24.9
04-Sep-23 4:15 PM ICT,25.0
04-Sep-23 4:20 PM ICT,23.9
04-Sep-23 4:25 PM ICT,24.6
04-Sep-23 4:30 PM ICT,21.2
04-Sep-23 4:35 PM ICT,17.9
04-Sep-23 4:40 PM ICT,18.3
04-Sep-23 4:45 PM ICT,14.8
04-Sep-23 4:50 PM ICT,12.7
04-Sep-23 4:55 PM ICT,10.9
04-Sep-23 5:00 PM ICT,9.8
04-Sep-23 5:05 PM ICT,7.9
04-Sep-23 5:10 PM ICT,2.2
04-Sep-23 5:15 PM ICT,1.2
04-Sep-23 5:20 PM ICT,1.0
04-Sep-23 5:25 PM ICT,1.0
04-Sep-23 5:30 PM ICT,1.0
04-Sep-23 5:35 PM ICT,1.0
04-Sep-23 5:40 PM ICT,0.9
04-Sep-23 5:45 PM ICT,0.9
04-Sep-23 5:50 PM ICT,0.9
04-Sep-23 5:55 PM ICT,0.9
04-Sep-23 6:00 PM ICT,0.6
04-Sep-23 6:05 PM ICT,0.6
04-Sep-23 6:10 PM ICT,0.6
04-Sep-23 6:15 PM ICT,0.8
04-Sep-23 6:20 PM ICT,0.9
04-Sep-23 6:25 PM ICT,1.1
04-Sep-23 6:30 PM ICT,1.1
04-Sep-23 6:35 PM ICT,1.2
04-Sep-23 6:40 PM ICT,1.3
04-Sep-23 6:45 PM ICT,1.4
04-Sep-23 6:50 PM ICT,1.3
04-Sep-23 6:55 PM ICT,1.9
04-Sep-23 7:00 PM ICT,2.3
04-Sep-23 7:05 PM ICT,2.2
04-Sep-23 7:10 PM ICT,2.2
04-Sep-23 7:15 PM ICT,2.2
04-Sep-23 7:20 PM ICT,2.2
04-Sep-23 7:25 PM ICT,2.0
04-Sep-23 7:30 PM ICT,2.0
04-Sep-23 7:35 PM ICT,2.0
04-Sep-23 7:40 PM ICT,1.9
04-Sep-23 7:45 PM ICT,2.1
04-Sep-23 7:50 PM ICT,2.1
04-Sep-23 7:55 PM ICT,2.0
04-Sep-23 8:00 PM ICT,2.2
04-Sep-23 8:05 PM ICT,2.2
04-Sep-23 8:10 PM ICT,2.2
04-Sep-23 8:15 PM ICT,2.2
04-Sep-23 8:20 PM ICT,2.1
04-Sep-23 8:25 PM ICT,2.2
04-Sep-23 8:30 PM ICT,2.2
04-Sep-23 8:35 PM ICT,2.2
04-Sep-23 8:40 PM ICT,2.0
04-Sep-23 8:45 PM ICT,2.0
04-Sep-23 8:50 PM ICT,2.0
04-Sep-23 8:55 PM ICT,2.0
04-Sep-23 9:00 PM ICT,2.1
04-Sep-23 9:05 PM ICT,2.1
04-Sep-23 9:10 PM ICT,2.0
04-Sep-23 9:15 PM ICT,1.9
04-Sep-23 9:20 PM ICT,1.9
04-Sep-23 9:25 PM ICT,1.9
04-Sep-23 9:30 PM ICT,1.9
04-Sep-23 9:35 PM ICT,1.9
04-Sep-23 9:40 PM ICT,2.1
04-Sep-23 9:45 PM ICT,2.2
04-Sep-23 9:50 PM ICT,2.2
04-Sep-23 9:55 PM ICT,2.2
04-Sep-23 10:00 PM ICT,2.3
04-Sep-23 10:05 PM ICT,2.2
04-Sep-23 10:10 PM ICT,2.1
04-Sep-23 10:15 PM ICT,2.1
04-Sep-23 10:20 PM ICT,2.0
04-Sep-23 10:25 PM ICT,2.1
04-Sep-23 10:30 PM ICT,2.1
04-Sep-23 10:35 PM ICT,2.1
04-Sep-23 10:40 PM ICT,2.1
04-Sep-23 10:45 PM ICT,2.1
04-Sep-23 10:50 PM ICT,2.1
04-Sep-23 10:55 PM ICT,2.1
04-Sep-23 11:00 PM ICT,2.1
04-Sep-23 11:05 PM ICT,2.1
04-Sep-23 11:10 PM ICT,2.2
04-Sep-23 11:15 PM ICT,2.3
04-Sep-23 11:20 PM ICT,2.4
04-Sep-23 11:25 PM ICT,2.4
04-Sep-23 11:30 PM ICT,2.3
04-Sep-23 11:35 PM ICT,2.2
04-Sep-23 11:40 PM ICT,2.1
04-Sep-23 11:45 PM ICT,2.1
04-Sep-23 11:50 PM ICT,2.1
04-Sep-23 11:55 PM ICT,2.0
05-Sep-23 12:00 AM ICT,2.0
05-Sep-23 12:05 AM ICT,2.1
05-Sep-23 12:10 AM ICT,2.1
05-Sep-23 12:15 AM ICT,2.0
05-Sep-23 12:20 AM ICT,2.0
05-Sep-23 12:25 AM ICT,2.0
05-Sep-23 12:30 AM ICT,2.0
05-Sep-23 12:35 AM ICT,2.1
05-Sep-23 12:40 AM ICT,2.0
05-Sep-23 12:45 AM ICT,2.0
05-Sep-23 12:50 AM ICT,2.2
05-Sep-23 12:55 AM ICT,2.2
05-Sep-23 1:00 AM ICT,2.2
05-Sep-23 1:05 AM ICT,2.2
05-Sep-23 1:10 AM ICT,2.2
05-Sep-23 1:15 AM ICT,2.1
05-Sep-23 1:20 AM ICT,1.9
05-Sep-23 1:25 AM ICT,1.9
05-Sep-23 1:30 AM ICT,2.0
05-Sep-23 1:35 AM ICT,2.0
05-Sep-23 1:40 AM ICT,2.1
05-Sep-23 1:45 AM ICT,2.3
05-Sep-23 1:50 AM ICT,2.2
05-Sep-23 1:55 AM ICT,2.1
05-Sep-23 2:00 AM ICT,2.1
05-Sep-23 2:05 AM ICT,2.0
05-Sep-23 2:10 AM ICT,2.1
05-Sep-23 2:15 AM ICT,2.0
05-Sep-23 2:20 AM ICT,2.1
05-Sep-23 2:25 AM ICT,2.0
05-Sep-23 2:30 AM ICT,2.0
05-Sep-23 2:35 AM ICT,2.0
05-Sep-23 2:40 AM ICT,2.0
05-Sep-23 2:45 AM ICT,2.0
05-Sep-23 2:50 AM ICT,2.0
05-Sep-23 2:55 AM ICT,2.1
05-Sep-23 3:00 AM ICT,2.1
05-Sep-23 3:05 AM ICT,2.1
05-Sep-23 3:10 AM ICT,2.1
05-Sep-23 3:15 AM ICT,2.0
05-Sep-23 3:20 AM ICT,2.0
05-Sep-23 3:25 AM ICT,2.0
05-Sep-23 3:30 AM ICT,2.0
05-Sep-23 3:35 AM ICT,2.0
05-Sep-23 3:40 AM ICT,2.0
05-Sep-23 3:45 AM ICT,2.0
05-Sep-23 3:50 AM ICT,2.1
05-Sep-23 3:55 AM ICT,2.1
05-Sep-23 4:00 AM ICT,2.0
05-Sep-23 4:05 AM ICT,2.1
05-Sep-23 4:10 AM ICT,2.2
05-Sep-23 4:15 AM ICT,2.2
05-Sep-23 4:20 AM ICT,2.1
05-Sep-23 4:25 AM ICT,2.1
05-Sep-23 4:30 AM ICT,2.2
05-Sep-23 4:35 AM ICT,2.2
05-Sep-23 4:40 AM ICT,2.2
05-Sep-23 4:45 AM ICT,2.2
05-Sep-23 4:50 AM ICT,2.2
05-Sep-23 4:55 AM ICT,2.2
05-Sep-23 5:00 AM ICT,2.1
05-Sep-23 5:05 AM ICT,2.1
05-Sep-23 5:10 AM ICT,2.1
05-Sep-23 5:15 AM ICT,2.1
05-Sep-23 5:20 AM ICT,2.1
05-Sep-23 5:25 AM ICT,1.9
05-Sep-23 5:30 AM ICT,0.9
05-Sep-23 5:35 AM ICT,0.9
05-Sep-23 5:40 AM ICT,0.9
05-Sep-23 5:45 AM ICT,0.9
05-Sep-23 5:50 AM ICT,0.8
05-Sep-23 5:55 AM ICT,0.7
05-Sep-23 6:00 AM ICT,0.6
05-Sep-23 6:05 AM ICT,0.6
05-Sep-23 6:10 AM ICT,0.7
05-Sep-23 6:15 AM ICT,0.7
05-Sep-23 6:20 AM ICT,0.7
05-Sep-23 6:25 AM ICT,0.7
05-Sep-23 6:30 AM ICT,0.7
05-Sep-23 6:35 AM ICT,0.7
05-Sep-23 6:40 AM ICT,0.8
05-Sep-23 6:45 AM ICT,0.8
05-Sep-23 6:50 AM ICT,0.7
05-Sep-23 6:55 AM ICT,0.6
05-Sep-23 7:00 AM ICT,0.8
05-Sep-23 7:05 AM ICT,0.9
05-Sep-23 7:10 AM ICT,0.9
05-Sep-23 7:15 AM ICT,0.9
05-Sep-23 7:20 AM ICT,1.1
05-Sep-23 7:25 AM ICT,1.2
05-Sep-23 7:30 AM ICT,1.4
05-Sep-23 7:35 AM ICT,2.0
05-Sep-23 7:40 AM ICT,2.6
05-Sep-23 7:45 AM ICT,2.5
05-Sep-23 7:50 AM ICT,4.4
05-Sep-23 7:55 AM ICT,4.0
05-Sep-23 8:00 AM ICT,11.7
05-Sep-23 8:05 AM ICT,14.5
05-Sep-23 8:10 AM ICT,14.8
05-Sep-23 8:15 AM ICT,16.4
05-Sep-23 8:20 AM ICT,16.8
05-Sep-23 8:25 AM ICT,17.3
05-Sep-23 8:30 AM ICT,21.9
05-Sep-23 8:35 AM ICT,26.5
05-Sep-23 8:40 AM ICT,27.0
05-Sep-23 8:45 AM ICT,31.2
05-Sep-23 8:50 AM ICT,31.2
05-Sep-23 8:55 AM ICT,30.1
05-Sep-23 9:00 AM ICT,33.5
05-Sep-23 9:05 AM ICT,33.9
05-Sep-23 9:10 AM ICT,29.7
05-Sep-23 9:15 AM ICT,28.1
05-Sep-23 9:20 AM ICT,27.7
05-Sep-23 9:25 AM ICT,27.3
05-Sep-23 9:30 AM ICT,23.4
05-Sep-23 9:35 AM ICT,24.3
05-Sep-23 9:40 AM ICT,31.3
05-Sep-23 9:45 AM ICT,27.2
05-Sep-23 9:50 AM ICT,26.8
05-Sep-23 9:55 AM ICT,26.2
05-Sep-23 10:00 AM ICT,26.3
05-Sep-23 10:05 AM ICT,27.8
05-Sep-23 10:10 AM ICT,26.0
05-Sep-23 10:15 AM ICT,25.8
05-Sep-23 10:20 AM ICT,27.1
05-Sep-23 10:25 AM ICT,24.9
05-Sep-23 10:30 AM ICT,23.9
05-Sep-23 10:35 AM ICT,23.7
05-Sep-23 10:40 AM ICT,26.1
05-Sep-23 10:45 AM ICT,25.5
05-Sep-23 10:50 AM ICT,25.6
05-Sep-23 10:55 AM ICT,26.6
05-Sep-23 11:00 AM ICT,25.0
05-Sep-23 11:05 AM ICT,22.3
05-Sep-23 11:10 AM ICT,21.6
05-Sep-23 11:15 AM ICT,21.3
05-Sep-23 11:20 AM ICT,21.5
05-Sep-23 11:25 AM ICT,22.9
05-Sep-23 11:30 AM ICT,25.6
05-Sep-23 11:35 AM ICT,26.9
05-Sep-23 11:40 AM ICT,25.0
05-Sep-23 11:45 AM ICT,25.8
05-Sep-23 11:50 AM ICT,24.5
05-Sep-23 11:55 AM ICT,27.3
05-Sep-23 12:00 PM ICT,27.6
05-Sep-23 12:05 PM ICT,25.8
05-Sep-23 12:10 PM ICT,26.3
05-Sep-23 12:15 PM ICT,24.8
05-Sep-23 12:20 PM ICT,24.8
05-Sep-23 12:25 PM ICT,22.6
05-Sep-23 12:30 PM ICT,21.4
05-Sep-23 12:35 PM ICT,20.1
05-Sep-23 12:40 PM ICT,18.3
05-Sep-23 12:45 PM ICT,17.5
05-Sep-23 12:50 PM ICT,17.1
05-Sep-23 12:55 PM ICT,17.1
05-Sep-23 1:00 PM ICT,17.5
05-Sep-23 1:05 PM ICT,20.3
05-Sep-23 1:10 PM ICT,27.2
05-Sep-23 1:15 PM ICT,21.6
05-Sep-23 1:20 PM ICT,21.6
05-Sep-23 1:25 PM ICT,19.0
05-Sep-23 1:30 PM ICT,20.5
05-Sep-23 1:35 PM ICT,21.3
05-Sep-23 1:40 PM ICT,21.4
05-Sep-23 1:45 PM ICT,21.8
05-Sep-23 1:50 PM ICT,19.8
05-Sep-23 1:55 PM ICT,18.3
05-Sep-23 2:00 PM ICT,16.6
05-Sep-23 2:05 PM ICT,18.1
05-Sep-23 2:10 PM ICT,18.3
05-Sep-23 2:15 PM ICT,17.9
05-Sep-23 2:20 PM ICT,18.4
05-Sep-23 2:25 PM ICT,20.9
05-Sep-23 2:30 PM ICT,20.2
05-Sep-23 2:35 PM ICT,17.9
05-Sep-23 2:40 PM ICT,19.6
05-Sep-23 2:45 PM ICT,18.6
05-Sep-23 2:50 PM ICT,17.5
05-Sep-23 2:55 PM ICT,17.3
05-Sep-23 3:00 PM ICT,18.0
05-Sep-23 3:05 PM ICT,18.2
05-Sep-23 3:10 PM ICT,17.7
05-Sep-23 3:15 PM ICT,18.7
05-Sep-23 3:20 PM ICT,18.4
05-Sep-23 3:25 PM ICT,19.1
05-Sep-23 3:30 PM ICT,18.2
05-Sep-23 3:35 PM ICT,18.3
05-Sep-23 3:40 PM ICT,19.2
05-Sep-23 3:45 PM ICT,19.7
05-Sep-23 3:50 PM ICT,19.9
05-Sep-23 3:55 PM ICT,20.3
05-Sep-23 4:00 PM ICT,23.7
05-Sep-23 4:05 PM ICT,22.5
05-Sep-23 4:10 PM ICT,22.0
05-Sep-23 4:15 PM ICT,20.7
05-Sep-23 4:20 PM ICT,21.2
05-Sep-23 4:25 PM ICT,20.7
05-Sep-23 4:30 PM ICT,19.4
05-Sep-23 4:35 PM ICT,20.1
05-Sep-23 4:40 PM ICT,19.7
05-Sep-23 4:45 PM ICT,16.4
05-Sep-23 4:50 PM ICT,10.1
05-Sep-23 4:55 PM ICT,8.7
05-Sep-23 5:00 PM ICT,9.1
05-Sep-23 5:05 PM ICT,4.6
05-Sep-23 5:10 PM ICT,2.4
05-Sep-23 5:15 PM ICT,1.2
05-Sep-23 5:20 PM ICT,1.0
05-Sep-23 5:25 PM ICT,1.0
05-Sep-23 5:30 PM ICT,1.1
05-Sep-23 5:35 PM ICT,1.0
05-Sep-23 5:40 PM ICT,0.8
05-Sep-23 5:45 PM ICT,0.8
05-Sep-23 5:50 PM ICT,0.7
05-Sep-23 5:55 PM ICT,1.3
05-Sep-23 6:00 PM ICT,1.7
05-Sep-23 6:05 PM ICT,1.7
05-Sep-23 6:10 PM ICT,1.8
05-Sep-23 6:15 PM ICT,1.9
05-Sep-23 6:20 PM ICT,1.9
05-Sep-23 6:25 PM ICT,1.9
05-Sep-23 6:30 PM ICT,1.9
05-Sep-23 6:35 PM ICT,2.0
05-Sep-23 6:40 PM ICT,1.9
05-Sep-23 6:45 PM ICT,2.1
05-Sep-23 6:50 PM ICT,2.0
05-Sep-23 6:55 PM ICT,1.9
05-Sep-23 7:00 PM ICT,1.7
05-Sep-23 7:05 PM ICT,1.6
05-Sep-23 7:10 PM ICT,1.5
05-Sep-23 7:15 PM ICT,1.5
05-Sep-23 7:20 PM ICT,1.5
05-Sep-23 7:25 PM ICT,1.6
05-Sep-23 7:30 PM ICT,1.6
05-Sep-23 7:35 PM ICT,1.6
05-Sep-23 7:40 PM ICT,1.7
05-Sep-23 7:45 PM ICT,1.7
05-Sep-23 7:50 PM ICT,1.9
05-Sep-23 7:55 PM ICT,1.9
05-Sep-23 8:00 PM ICT,2.1
05-Sep-23 8:05 PM ICT,2.0
05-Sep-23 8:10 PM ICT,2.0
05-Sep-23 8:15 PM ICT,1.9
05-Sep-23 8:20 PM ICT,1.6
05-Sep-23 8:25 PM ICT,1.6
05-Sep-23 8:30 PM ICT,1.6
05-Sep-23 8:35 PM ICT,1.6
05-Sep-23 8:40 PM ICT,1.7
05-Sep-23 8:45 PM ICT,1.7
05-Sep-23 8:50 PM ICT,1.7
05-Sep-23 8:55 PM ICT,1.6
05-Sep-23 9:00 PM ICT,1.6
05-Sep-23 9:05 PM ICT,1.6
05-Sep-23 9:10 PM ICT,1.8
05-Sep-23 9:15 PM ICT,1.9
05-Sep-23 9:20 PM ICT,2.1
05-Sep-23 9:25 PM ICT,2.1
05-Sep-23 9:30 PM ICT,2.1
05-Sep-23 9:35 PM ICT,2.1
05-Sep-23 9:40 PM ICT,1.9
05-Sep-23 9:45 PM ICT,1.8
05-Sep-23 9:50 PM ICT,1.8
05-Sep-23 9:55 PM ICT,1.9
05-Sep-23 10:00 PM ICT,1.8
05-Sep-23 10:05 PM ICT,1.8
05-Sep-23 10:10 PM ICT,1.8
05-Sep-23 10:15 PM ICT,1.8
05-Sep-23 10:20 PM ICT,1.8
05-Sep-23 10:25 PM ICT,1.8
05-Sep-23 10:30 PM ICT,1.8
05-Sep-23 10:35 PM ICT,1.9
05-Sep-23 10:40 PM ICT,2.2
05-Sep-23 10:45 PM ICT,2.2
05-Sep-23 10:50 PM ICT,2.0
05-Sep-23 10:55 PM ICT,1.8
05-Sep-23 11:00 PM ICT,1.8
05-Sep-23 11:05 PM ICT,1.7
05-Sep-23 11:10 PM ICT,1.6
05-Sep-23 11:15 PM ICT,1.6
05-Sep-23 11:20 PM ICT,1.6
05-Sep-23 11:25 PM ICT,1.6
05-Sep-23 11:30 PM ICT,1.6
05-Sep-23 11:35 PM ICT,1.6
05-Sep-23 11:40 PM ICT,1.6
05-Sep-23 11:45 PM ICT,1.9
05-Sep-23 11:50 PM ICT,1.9
05-Sep-23 11:55 PM ICT,2.0
06-Sep-23 12:00 AM ICT,2.0
06-Sep-23 12:05 AM ICT,1.9
06-Sep-23 12:10 AM ICT,1.8
06-Sep-23 12:15 AM ICT,1.8
06-Sep-23 12:20 AM ICT,1.8
06-Sep-23 12:25 AM ICT,1.8
06-Sep-23 12:30 AM ICT,1.8
06-Sep-23 12:35 AM ICT,1.8
06-Sep-23 12:40 AM ICT,1.7
06-Sep-23 12:45 AM ICT,1.7
06-Sep-23 12:50 AM ICT,1.8
06-Sep-23 12:55 AM ICT,1.8
06-Sep-23 1:00 AM ICT,1.8
06-Sep-23 1:05 AM ICT,1.8
06-Sep-23 1:10 AM ICT,1.8
06-Sep-23 1:15 AM ICT,1.9
06-Sep-23 1:20 AM ICT,1.9
06-Sep-23 1:25 AM ICT,1.8
06-Sep-23 1:30 AM ICT,1.9
06-Sep-23 1:35 AM ICT,2.0
06-Sep-23 1:40 AM ICT,2.0
06-Sep-23 1:45 AM ICT,2.0
06-Sep-23 1:50 AM ICT,2.0
06-Sep-23 1:55 AM ICT,2.0
06-Sep-23 2:00 AM ICT,2.0
06-Sep-23 2:05 AM ICT,1.9
06-Sep-23 2:10 AM ICT,1.8
06-Sep-23 2:15 AM ICT,1.8
06-Sep-23 2:20 AM ICT,1.8
06-Sep-23 2:25 AM ICT,1.8
06-Sep-23 2:30 AM ICT,1.9
06-Sep-23 2:35 AM ICT,1.9
06-Sep-23 2:40 AM ICT,1.8
06-Sep-23 2:45 AM ICT,1.8
06-Sep-23 2:50 AM ICT,1.8
06-Sep-23 2:55 AM ICT,1.6
06-Sep-23 3:00 AM ICT,1.6
06-Sep-23 3:05 AM ICT,1.6
06-Sep-23 3:10 AM ICT,1.6
06-Sep-23 3:15 AM ICT,1.6
06-Sep-23 3:20 AM ICT,1.6
06-Sep-23 3:25 AM ICT,1.6
06-Sep-23 3:30 AM ICT,1.6
06-Sep-23 3:35 AM ICT,1.6
06-Sep-23 3:40 AM ICT,1.6
06-Sep-23 3:45 AM ICT,1.8
06-Sep-23 3:50 AM ICT,1.9
06-Sep-23 3:55 AM ICT,1.9
06-Sep-23 4:00 AM ICT,1.8
06-Sep-23 4:05 AM ICT,1.8
06-Sep-23 4:10 AM ICT,1.8
06-Sep-23 4:15 AM ICT,1.8
06-Sep-23 4:20 AM ICT,1.8
06-Sep-23 4:25 AM ICT,1.8
06-Sep-23 4:30 AM ICT,1.8
06-Sep-23 4:35 AM ICT,1.8
06-Sep-23 4:40 AM ICT,1.8
06-Sep-23 4:45 AM ICT,1.8
06-Sep-23 4:50 AM ICT,1.6
06-Sep-23 4:55 AM ICT,1.6
06-Sep-23 5:00 AM ICT,1.6
06-Sep-23 5:05 AM ICT,1.6
06-Sep-23 5:10 AM ICT,1.7
06-Sep-23 5:15 AM ICT,1.7
06-Sep-23 5:20 AM ICT,1.6
06-Sep-23 5:25 AM ICT,0.9
06-Sep-23 5:30 AM ICT,0.6
06-Sep-23 5:35 AM ICT,0.6
06-Sep-23 5:40 AM ICT,0.6
06-Sep-23 5:45 AM ICT,0.6
06-Sep-23 5:50 AM ICT,0.6
06-Sep-23 5:55 AM ICT,0.6
06-Sep-23 6:00 AM ICT,0.6
06-Sep-23 6:05 AM ICT,0.6
06-Sep-23 6:10 AM ICT,0.6
06-Sep-23 6:15 AM ICT,0.6
06-Sep-23 6:20 AM ICT,0.7
06-Sep-23 6:25 AM ICT,0.8
06-Sep-23 6:30 AM ICT,0.8
06-Sep-23 6:35 AM ICT,0.8
06-Sep-23 6:40 AM ICT,0.7
06-Sep-23 6:45 AM ICT,0.6
06-Sep-23 6:50 AM ICT,0.7
06-Sep-23 6:55 AM ICT,0.9
06-Sep-23 7:00 AM ICT,0.9
06-Sep-23 7:05 AM ICT,0.9
06-Sep-23 7:10 AM ICT,0.9
06-Sep-23 7:15 AM ICT,1.3
06-Sep-23 7:20 AM ICT,1.7
06-Sep-23 7:25 AM ICT,1.5
06-Sep-23 7:30 AM ICT,1.2
06-Sep-23 7:35 AM ICT,1.6
06-Sep-23 7:40 AM ICT,1.8
06-Sep-23 7:45 AM ICT,2.0
06-Sep-23 7:50 AM ICT,4.6
06-Sep-23 7:55 AM ICT,6.7
06-Sep-23 8:00 AM ICT,8.2
06-Sep-23 8:05 AM ICT,9.9
06-Sep-23 8:10 AM ICT,9.9
06-Sep-23 8:15 AM ICT,16.7
06-Sep-23 8:20 AM ICT,12.0
06-Sep-23 8:25 AM ICT,11.2
06-Sep-23 8:30 AM ICT,13.8
06-Sep-23 8:35 AM ICT,14.6
06-Sep-23 8:40 AM ICT,12.1
06-Sep-23 8:45 AM ICT,12.0
06-Sep-23 8:50 AM ICT,13.5
06-Sep-23 8:55 AM ICT,17.9
06-Sep-23 9:00 AM ICT,18.3
06-Sep-23 9:05 AM ICT,13.5
06-Sep-23 9:10 AM ICT,11.9
06-Sep-23 9:15 AM ICT,11.5
06-Sep-23 9:20 AM ICT,11.7
06-Sep-23 9:25 AM ICT,12.3
06-Sep-23 9:30 AM ICT,13.1
06-Sep-23 9:35 AM ICT,11.8
06-Sep-23 9:40 AM ICT,14.6
06-Sep-23 9:45 AM ICT,15.2
06-Sep-23 9:50 AM ICT,14.9
06-Sep-23 9:55 AM ICT,16.3
06-Sep-23 10:00 AM ICT,18.5
06-Sep-23 10:05 AM ICT,19.6
06-Sep-23 10:10 AM ICT,21.0
06-Sep-23 10:15 AM ICT,20.7
06-Sep-23 10:20 AM ICT,21.1
06-Sep-23 10:25 AM ICT,20.4
06-Sep-23 10:30 AM ICT,19.8
06-Sep-23 10:35 AM ICT,21.5
06-Sep-23 10:40 AM ICT,21.4
06-Sep-23 10:45 AM ICT,20.2
06-Sep-23 10:50 AM ICT,20.4
06-Sep-23 10:55 AM ICT,20.6
06-Sep-23 11:00 AM ICT,22.0
06-Sep-23 11:05 AM ICT,20.4
06-Sep-23 11:10 AM ICT,20.5
06-Sep-23 11:15 AM ICT,20.2
06-Sep-23 11:20 AM ICT,19.6
06-Sep-23 11:25 AM ICT,19.1
06-Sep-23 11:30 AM ICT,18.3
06-Sep-23 11:35 AM ICT,18.5
06-Sep-23 11:40 AM ICT,19.4
06-Sep-23 11:45 AM ICT,21.1
06-Sep-23 11:50 AM ICT,22.5
06-Sep-23 11:55 AM ICT,20.2
06-Sep-23 12:00 PM ICT,19.1
06-Sep-23 12:05 PM ICT,20.9
06-Sep-23 12:10 PM ICT,18.9
06-Sep-23 12:15 PM ICT,20.4
06-Sep-23 12:20 PM ICT,21.4
06-Sep-23 12:25 PM ICT,21.6
06-Sep-23 12:30 PM ICT,20.9
06-Sep-23 12:35 PM ICT,20.2
06-Sep-23 12:40 PM ICT,20.3
06-Sep-23 12:45 PM ICT,21.1
06-Sep-23 12:50 PM ICT,20.5
06-Sep-23 12:55 PM ICT,20.5
06-Sep-23 1:00 PM ICT,21.4
06-Sep-23 1:05 PM ICT,21.4
06-Sep-23 1:10 PM ICT,21.9
06-Sep-23 1:15 PM ICT,19.3
06-Sep-23 1:20 PM ICT,19.0
06-Sep-23 1:25 PM ICT,20.3
06-Sep-23 1:30 PM ICT,20.1
06-Sep-23 1:35 PM ICT,19.2
06-Sep-23 1:40 PM ICT,20.3
06-Sep-23 1:45 PM ICT,21.4
06-Sep-23 1:50 PM ICT,23.2
06-Sep-23 1:55 PM ICT,22.8
06-Sep-23 2:00 PM ICT,24.4
06-Sep-23 2:05 PM ICT,24.3
06-Sep-23 2:10 PM ICT,24.5
06-Sep-23 2:15 PM ICT,23.8
06-Sep-23 2:20 PM ICT,22.7
06-Sep-23 2:25 PM ICT,22.6
06-Sep-23 2:30 PM ICT,23.0
06-Sep-23 2:35 PM ICT,23.8
06-Sep-23 2:40 PM ICT,25.9
06-Sep-23 2:45 PM ICT,25.0
06-Sep-23 2:50 PM ICT,22.9
06-Sep-23 2:55 PM ICT,21.1
06-Sep-23 3:00 PM ICT,20.8
06-Sep-23 3:05 PM ICT,20.9
06-Sep-23 3:10 PM ICT,21.3
06-Sep-23 3:15 PM ICT,21.6
06-Sep-23 3:20 PM ICT,22.2
06-Sep-23 3:25 PM ICT,25.7
06-Sep-23 3:30 PM ICT,26.0
06-Sep-23 3:35 PM ICT,24.3
06-Sep-23 3:40 PM ICT,25.1
06-Sep-23 3:45 PM ICT,23.7
06-Sep-23 3:50 PM ICT,22.9
06-Sep-23 3:55 PM ICT,23.7
06-Sep-23 4:00 PM ICT,25.3
06-Sep-23 4:05 PM ICT,22.7
06-Sep-23 4:10 PM ICT,23.4
06-Sep-23 4:15 PM ICT,27.1
06-Sep-23 4:20 PM ICT,25.8
06-Sep-23 4:25 PM ICT,21.6
06-Sep-23 4:30 PM ICT,21.7
06-Sep-23 4:35 PM ICT,20.8
06-Sep-23 4:40 PM ICT,21.3
06-Sep-23 4:45 PM ICT,17.4
06-Sep-23 4:50 PM ICT,17.1
06-Sep-23 4:55 PM ICT,16.8
06-Sep-23 5:00 PM ICT,13.2
06-Sep-23 5:05 PM ICT,10.3
06-Sep-23 5:10 PM ICT,3.9
06-Sep-23 5:15 PM ICT,1.1
06-Sep-23 5:20 PM ICT,1.0
06-Sep-23 5:25 PM ICT,1.0
06-Sep-23 5:30 PM ICT,1.0
06-Sep-23 5:35 PM ICT,1.0
06-Sep-23 5:40 PM ICT,1.0
06-Sep-23 5:45 PM ICT,1.1
06-Sep-23 5:50 PM ICT,1.0
06-Sep-23 5:55 PM ICT,1.1
06-Sep-23 6:00 PM ICT,1.3
06-Sep-23 6:05 PM ICT,1.7
06-Sep-23 6:10 PM ICT,1.8
06-Sep-23 6:15 PM ICT,1.7
06-Sep-23 6:20 PM ICT,1.8
06-Sep-23 6:25 PM ICT,1.8
06-Sep-23 6:30 PM ICT,1.7
06-Sep-23 6:35 PM ICT,1.7
06-Sep-23 6:40 PM ICT,1.7
06-Sep-23 6:45 PM ICT,1.8
06-Sep-23 6:50 PM ICT,1.7
06-Sep-23 6:55 PM ICT,1.8
06-Sep-23 7:00 PM ICT,1.9
06-Sep-23 7:05 PM ICT,1.9
06-Sep-23 7:10 PM ICT,1.9
06-Sep-23 7:15 PM ICT,2.0
06-Sep-23 7:20 PM ICT,2.0
06-Sep-23 7:25 PM ICT,1.9
06-Sep-23 7:30 PM ICT,1.9
06-Sep-23 7:35 PM ICT,2.0
06-Sep-23 7:40 PM ICT,2.1
06-Sep-23 7:45 PM ICT,2.1
06-Sep-23 7:50 PM ICT,2.2
06-Sep-23 7:55 PM ICT,2.2
06-Sep-23 8:00 PM ICT,2.0
06-Sep-23 8:05 PM ICT,1.9
06-Sep-23 8:10 PM ICT,1.8
06-Sep-23 8:15 PM ICT,1.8
06-Sep-23 8:20 PM ICT,1.7
06-Sep-23 8:25 PM ICT,1.7
06-Sep-23 8:30 PM ICT,1.9
06-Sep-23 8:35 PM ICT,1.9
06-Sep-23 8:40 PM ICT,2.0
06-Sep-23 8:45 PM ICT,1.9
06-Sep-23 8:50 PM ICT,1.9
06-Sep-23 8:55 PM ICT,2.0
06-Sep-23 9:00 PM ICT,2.2
06-Sep-23 9:05 PM ICT,2.0
06-Sep-23 9:10 PM ICT,1.8
06-Sep-23 9:15 PM ICT,1.8
06-Sep-23 9:20 PM ICT,2.0
06-Sep-23 9:25 PM ICT,1.9
06-Sep-23 9:30 PM ICT,1.9
06-Sep-23 9:35 PM ICT,1.9
06-Sep-23 9:40 PM ICT,1.9
06-Sep-23 9:45 PM ICT,1.8
06-Sep-23 9:50 PM ICT,1.7
06-Sep-23 9:55 PM ICT,1.6
06-Sep-23 10:00 PM ICT,1.6
06-Sep-23 10:05 PM ICT,1.6
06-Sep-23 10:10 PM ICT,1.6
06-Sep-23 10:15 PM ICT,1.7
06-Sep-23 10:20 PM ICT,1.8
06-Sep-23 10:25 PM ICT,1.8
06-Sep-23 10:30 PM ICT,1.6
06-Sep-23 10:35 PM ICT,1.8
06-Sep-23 10:40 PM ICT,1.9
06-Sep-23 10:45 PM ICT,1.9
06-Sep-23 10:50 PM ICT,1.8
06-Sep-23 10:55 PM ICT,1.6
06-Sep-23 11:00 PM ICT,1.5
06-Sep-23 11:05 PM ICT,1.4
06-Sep-23 11:10 PM ICT,1.4
06-Sep-23 11:15 PM ICT,1.5
06-Sep-23 11:20 PM ICT,1.5
06-Sep-23 11:25 PM ICT,1.4
06-Sep-23 11:30 PM ICT,1.5
06-Sep-23 11:35 PM ICT,1.5
06-Sep-23 11:40 PM ICT,1.7
06-Sep-23 11:45 PM ICT,1.7
06-Sep-23 11:50 PM ICT,1.6
06-Sep-23 11:55 PM ICT,1.8
07-Sep-23 12:00 AM ICT,1.6
07-Sep-23 12:05 AM ICT,1.7
07-Sep-23 12:10 AM ICT,1.7
07-Sep-23 12:15 AM ICT,1.7
07-Sep-23 12:20 AM ICT,1.5
07-Sep-23 12:25 AM ICT,1.4
07-Sep-23 12:30 AM ICT,1.5
07-Sep-23 12:35 AM ICT,1.5
07-Sep-23 12:40 AM ICT,1.4
07-Sep-23 12:45 AM ICT,1.4
07-Sep-23 12:50 AM ICT,1.4
07-Sep-23 12:55 AM ICT,1.5
07-Sep-23 1:00 AM ICT,1.6
07-Sep-23 1:05 AM ICT,1.5
07-Sep-23 1:10 AM ICT,1.5
07-Sep-23 1:15 AM ICT,1.6
07-Sep-23 1:20 AM ICT,1.7
07-Sep-23 1:25 AM ICT,1.7
07-Sep-23 1:30 AM ICT,1.7
07-Sep-23 1:35 AM ICT,1.6
07-Sep-23 1:40 AM ICT,1.6
07-Sep-23 1:45 AM ICT,1.4
07-Sep-23 1:50 AM ICT,1.2
07-Sep-23 1:55 AM ICT,1.3
07-Sep-23 2:00 AM ICT,1.3
07-Sep-23 2:05 AM ICT,1.3
07-Sep-23 2:10 AM ICT,1.2
07-Sep-23 2:15 AM ICT,1.3
07-Sep-23 2:20 AM ICT,1.4
07-Sep-23 2:25 AM ICT,1.3
07-Sep-23 2:30 AM ICT,1.2
07-Sep-23 2:35 AM ICT,1.2
07-Sep-23 2:40 AM ICT,1.2
07-Sep-23 2:45 AM ICT,1.3
07-Sep-23 2:50 AM ICT,1.2
07-Sep-23 2:55 AM ICT,1.3
07-Sep-23 3:00 AM ICT,1.3
07-Sep-23 3:05 AM ICT,1.3
07-Sep-23 3:10 AM ICT,1.2
07-Sep-23 3:15 AM ICT,1.4
07-Sep-23 3:20 AM ICT,1.4
07-Sep-23 3:25 AM ICT,1.4
07-Sep-23 3:30 AM ICT,1.4
07-Sep-23 3:35 AM ICT,1.5
07-Sep-23 3:40 AM ICT,1.8
07-Sep-23 3:45 AM ICT,1.6
07-Sep-23 3:50 AM ICT,1.5
07-Sep-23 3:55 AM ICT,1.5
07-Sep-23 4:00 AM ICT,1.5
07-Sep-23 4:05 AM ICT,1.4
07-Sep-23 4:10 AM ICT,1.4
07-Sep-23 4:15 AM ICT,1.4
07-Sep-23 4:20 AM ICT,1.4
07-Sep-23 4:25 AM ICT,1.5
07-Sep-23 4:30 AM ICT,1.5
07-Sep-23 4:35 AM ICT,1.5
07-Sep-23 4:40 AM ICT,1.5
07-Sep-23 4:45 AM ICT,1.5
07-Sep-23 4:50 AM ICT,1.4
07-Sep-23 4:55 AM ICT,1.2
07-Sep-23 5:00 AM ICT,1.3
07-Sep-23 5:05 AM ICT,1.3
07-Sep-23 5:10 AM ICT,1.2
07-Sep-23 5:15 AM ICT,1.2
07-Sep-23 5:20 AM ICT,0.7
07-Sep-23 5:25 AM ICT,0.6
07-Sep-23 5:30 AM ICT,0.7
07-Sep-23 5:35 AM ICT,0.6
07-Sep-23 5:40 AM ICT,0.6
07-Sep-23 5:45 AM ICT,0.6
07-Sep-23 5:50 AM ICT,0.6
07-Sep-23 5:55 AM ICT,0.8
07-Sep-23 6:00 AM ICT,0.9
07-Sep-23 6:05 AM ICT,0.8
07-Sep-23 6:10 AM ICT,0.8
07-Sep-23 6:15 AM ICT,0.8
07-Sep-23 6:20 AM ICT,0.9
07-Sep-23 6:25 AM ICT,0.8
07-Sep-23 6:30 AM ICT,0.7
07-Sep-23 6:35 AM ICT,0.7
07-Sep-23 6:40 AM ICT,0.7
07-Sep-23 6:45 AM ICT,0.7
07-Sep-23 6:50 AM ICT,0.7
07-Sep-23 6:55 AM ICT,0.7
07-Sep-23 7:00 AM ICT,0.7
07-Sep-23 7:05 AM ICT,0.6
07-Sep-23 7:10 AM ICT,0.6
07-Sep-23 7:15 AM ICT,0.7
07-Sep-23 7:20 AM ICT,0.8
07-Sep-23 7:25 AM ICT,0.8
07-Sep-23 7:30 AM ICT,0.8
07-Sep-23 7:35 AM ICT,2.0
07-Sep-23 7:40 AM ICT,3.0
07-Sep-23 7:45 AM ICT,4.0
07-Sep-23 7:50 AM ICT,4.9
07-Sep-23 7:55 AM ICT,5.1
07-Sep-23 8:00 AM ICT,2.8
07-Sep-23 8:05 AM ICT,2.9
07-Sep-23 8:10 AM ICT,4.9
07-Sep-23 8:15 AM ICT,8.2
07-Sep-23 8:20 AM ICT,10.5
07-Sep-23 8:25 AM ICT,9.9
07-Sep-23 8:30 AM ICT,9.0
07-Sep-23 8:35 AM ICT,7.9
07-Sep-23 8:40 AM ICT,9.1
07-Sep-23 8:45 AM ICT,7.4
07-Sep-23 8:50 AM ICT,7.1
07-Sep-23 8:55 AM ICT,5.9
07-Sep-23 9:00 AM ICT,5.6
07-Sep-23 9:05 AM ICT,6.0
07-Sep-23 9:10 AM ICT,11.1
07-Sep-23 9:15 AM ICT,13.3
07-Sep-23 9:20 AM ICT,11.7
07-Sep-23 9:25 AM ICT,13.1
07-Sep-23 9:30 AM ICT,11.7
07-Sep-23 9:35 AM ICT,18.7
07-Sep-23 9:40 AM ICT,18.2
07-Sep-23 9:45 AM ICT,17.2
07-Sep-23 9:50 AM ICT,10.9
07-Sep-23 9:55 AM ICT,10.7
07-Sep-23 10:00 AM ICT,9.9
07-Sep-23 10:05 AM ICT,17.1
07-Sep-23 10:10 AM ICT,13.9
07-Sep-23 10:15 AM ICT,9.1
07-Sep-23 10:20 AM ICT,10.4
07-Sep-23 10:25 AM ICT,11.8
07-Sep-23 10:30 AM ICT,11.7
07-Sep-23 10:35 AM ICT,11.7
07-Sep-23 10:40 AM ICT,11.2
07-Sep-23 10:45 AM ICT,12.2
07-Sep-23 10:50 AM ICT,13.2
07-Sep-23 10:55 AM ICT,11.1
07-Sep-23 11:00 AM ICT,10.5
07-Sep-23 11:05 AM ICT,12.3
07-Sep-23 11:10 AM ICT,13.6
07-Sep-23 11:15 AM ICT,10.7
07-Sep-23 11:20 AM ICT,9.2
07-Sep-23 11:25 AM ICT,10.2
07-Sep-23 11:30 AM ICT,13.5
07-Sep-23 11:35 AM ICT,16.5
07-Sep-23 11:40 AM ICT,13.0
07-Sep-23 11:45 AM ICT,11.4
07-Sep-23 11:50 AM ICT,11.2
07-Sep-23 11:55 AM ICT,11.8
07-Sep-23 12:00 PM ICT,12.6
07-Sep-23 12:05 PM ICT,11.3
07-Sep-23 12:10 PM ICT,13.0
07-Sep-23 12:15 PM ICT,14.5
07-Sep-23 12:20 PM ICT,14.2
07-Sep-23 12:25 PM ICT,12.7
07-Sep-23 12:30 PM ICT,11.7
07-Sep-23 12:35 PM ICT,11.7
07-Sep-23 12:40 PM ICT,11.4
07-Sep-23 12:45 PM ICT,18.8
07-Sep-23 12:50 PM ICT,13.4
07-Sep-23 12:55 PM ICT,12.2
07-Sep-23 1:00 PM ICT,12.9
07-Sep-23 1:05 PM ICT,13.3
07-Sep-23 1:10 PM ICT,13.1
07-Sep-23 1:15 PM ICT,12.3
07-Sep-23 1:20 PM ICT,14.6
07-Sep-23 1:25 PM ICT,14.0
07-Sep-23 1:30 PM ICT,13.9
07-Sep-23 1:35 PM ICT,13.1
07-Sep-23 1:40 PM ICT,16.2
07-Sep-23 1:45 PM ICT,19.8
07-Sep-23 1:50 PM ICT,20.2
07-Sep-23 1:55 PM ICT,21.5
07-Sep-23 2:00 PM ICT,21.2
07-Sep-23 2:05 PM ICT,19.7
07-Sep-23 2:10 PM ICT,21.6
07-Sep-23 2:15 PM ICT,19.6
07-Sep-23 2:20 PM ICT,19.7
07-Sep-23 2:25 PM ICT,20.5
07-Sep-23 2:30 PM ICT,19.8
07-Sep-23 2:35 PM ICT,19.3
07-Sep-23 2:40 PM ICT,18.7
07-Sep-23 2:45 PM ICT,22.3
07-Sep-23 2:50 PM ICT,21.1
07-Sep-23 2:55 PM ICT,25.8
07-Sep-23 3:00 PM ICT,25.1
07-Sep-23 3:05 PM ICT,19.7
07-Sep-23 3:10 PM ICT,21.8
07-Sep-23 3:15 PM ICT,20.9
07-Sep-23 3:20 PM ICT,22.5
07-Sep-23 3:25 PM ICT,26.8
07-Sep-23 3:30 PM ICT,22.9
07-Sep-23 3:35 PM ICT,18.1
07-Sep-23 3:40 PM ICT,18.3
07-Sep-23 3:45 PM ICT,20.6
07-Sep-23 3:50 PM ICT,22.7
07-Sep-23 3:55 PM ICT,24.6
07-Sep-23 4:00 PM ICT,23.8
07-Sep-23 4:05 PM ICT,22.2
07-Sep-23 4:10 PM ICT,22.3
07-Sep-23 4:15 PM ICT,21.3
07-Sep-23 4:20 PM ICT,21.7
07-Sep-23 4:25 PM ICT,23.7
07-Sep-23 4:30 PM ICT,22.5
07-Sep-23 4:35 PM ICT,22.5
07-Sep-23 4:40 PM ICT,22.3
07-Sep-23 4:45 PM ICT,16.1
07-Sep-23 4:50 PM ICT,15.3
07-Sep-23 4:55 PM ICT,11.7
07-Sep-23 5:00 PM ICT,10.5
07-Sep-23 5:05 PM ICT,5.3
07-Sep-23 5:10 PM ICT,2.6
07-Sep-23 5:15 PM ICT,2.0
07-Sep-23 5:20 PM ICT,1.5
07-Sep-23 5:25 PM ICT,1.8
07-Sep-23 5:30 PM ICT,1.0
07-Sep-23 5:35 PM ICT,0.9
07-Sep-23 5:40 PM ICT,0.9
07-Sep-23 5:45 PM ICT,1.0
07-Sep-23 5:50 PM ICT,1.1
07-Sep-23 5:55 PM ICT,1.2
07-Sep-23 6:00 PM ICT,1.2
07-Sep-23 6:05 PM ICT,1.4
07-Sep-23 6:10 PM ICT,1.4
07-Sep-23 6:15 PM ICT,1.3
15-Sep-23 1:30 PM ICT,16.8
15-Sep-23 1:35 PM ICT,15.9
15-Sep-23 1:40 PM ICT,16.9
15-Sep-23 1:45 PM ICT,18.8
15-Sep-23 1:50 PM ICT,20.5
15-Sep-23 1:55 PM ICT,21.5
15-Sep-23 2:00 PM ICT,19.5
15-Sep-23 2:05 PM ICT,20.1
15-Sep-23 2:10 PM ICT,22.3
15-Sep-23 2:15 PM ICT,21.1
15-Sep-23 2:20 PM ICT,20.5
15-Sep-23 2:25 PM ICT,19.7
15-Sep-23 2:30 PM ICT,20.7
15-Sep-23 2:35 PM ICT,21.2
15-Sep-23 2:40 PM ICT,21.0
15-Sep-23 2:45 PM ICT,19.5
15-Sep-23 2:50 PM ICT,20.9
15-Sep-23 2:55 PM ICT,20.7
15-Sep-23 3:00 PM ICT,22.3
15-Sep-23 3:05 PM ICT,22.1
15-Sep-23 3:10 PM ICT,20.3
15-Sep-23 3:15 PM ICT,20.0
15-Sep-23 3:20 PM ICT,21.1
15-Sep-23 3:25 PM ICT,20.0
15-Sep-23 3:30 PM ICT,17.6
15-Sep-23 3:35 PM ICT,16.0
15-Sep-23 3:40 PM ICT,13.2
15-Sep-23 3:45 PM ICT,13.7
15-Sep-23 3:50 PM ICT,14.1
15-Sep-23 3:55 PM ICT,16.0
15-Sep-23 4:00 PM ICT,14.2
15-Sep-23 4:05 PM ICT,12.0
15-Sep-23 4:10 PM ICT,11.9
15-Sep-23 4:15 PM ICT,15.9
15-Sep-23 4:20 PM ICT,12.5
15-Sep-23 4:25 PM ICT,13.7
15-Sep-23 4:30 PM ICT,15.1
15-Sep-23 4:35 PM ICT,11.3
15-Sep-23 4:40 PM ICT,12.1
15-Sep-23 4:45 PM ICT,10.6
15-Sep-23 4:50 PM ICT,9.9
15-Sep-23 4:55 PM ICT,8.6
15-Sep-23 5:00 PM ICT,6.5
15-Sep-23 5:05 PM ICT,5.2
15-Sep-23 5:10 PM ICT,2.3
15-Sep-23 5:15 PM ICT,1.8
15-Sep-23 5:20 PM ICT,1.7
15-Sep-23 5:25 PM ICT,1.8
15-Sep-23 5:30 PM ICT,1.9
15-Sep-23 5:35 PM ICT,1.9
15-Sep-23 5:40 PM ICT,1.8
15-Sep-23 5:45 PM ICT,1.7
15-Sep-23 5:50 PM ICT,1.7
15-Sep-23 5:55 PM ICT,1.7
15-Sep-23 6:00 PM ICT,1.7
15-Sep-23 6:05 PM ICT,1.7
15-Sep-23 6:10 PM ICT,1.7
15-Sep-23 6:15 PM ICT,1.9
15-Sep-23 6:20 PM ICT,2.3
15-Sep-23 6:25 PM ICT,2.3
15-Sep-23 6:30 PM ICT,2.3
15-Sep-23 6:35 PM ICT,2.2
15-Sep-23 6:40 PM ICT,2.2
15-Sep-23 6:45 PM ICT,2.4
15-Sep-23 6:50 PM ICT,2.5
15-Sep-23 6:55 PM ICT,2.6
15-Sep-23 7:00 PM ICT,2.6
15-Sep-23 7:05 PM ICT,2.6
15-Sep-23 7:10 PM ICT,2.5
15-Sep-23 7:15 PM ICT,2.5
15-Sep-23 7:20 PM ICT,2.4
15-Sep-23 7:25 PM ICT,2.5
15-Sep-23 7:30 PM ICT,2.4
15-Sep-23 7:35 PM ICT,2.4
15-Sep-23 7:40 PM ICT,2.4
15-Sep-23 7:45 PM ICT,2.5
15-Sep-23 7:50 PM ICT,2.5
15-Sep-23 7:55 PM ICT,2.5
15-Sep-23 8:00 PM ICT,2.5
15-Sep-23 8:05 PM ICT,2.5
15-Sep-23 8:10 PM ICT,2.4
15-Sep-23 8:15 PM ICT,2.1
15-Sep-23 8:20 PM ICT,1.7
15-Sep-23 8:25 PM ICT,1.9
15-Sep-23 8:30 PM ICT,1.9
15-Sep-23 8:35 PM ICT,1.8
15-Sep-23 8:40 PM ICT,1.6
15-Sep-23 8:45 PM ICT,1.6
15-Sep-23 8:50 PM ICT,1.8
15-Sep-23 8:55 PM ICT,1.8
15-Sep-23 9:00 PM ICT,1.6
15-Sep-23 9:05 PM ICT,1.6
15-Sep-23 9:10 PM ICT,1.8
15-Sep-23 9:15 PM ICT,1.9
15-Sep-23 9:20 PM ICT,1.6
15-Sep-23 9:25 PM ICT,1.7
15-Sep-23 9:30 PM ICT,2.0
15-Sep-23 9:35 PM ICT,1.9
15-Sep-23 9:40 PM ICT,1.7
15-Sep-23 9:45 PM ICT,1.9
15-Sep-23 9:50 PM ICT,2.0
15-Sep-23 9:55 PM ICT,1.9
15-Sep-23 10:00 PM ICT,1.7
15-Sep-23 10:05 PM ICT,1.7
15-Sep-23 10:10 PM ICT,1.9
15-Sep-23 10:15 PM ICT,1.9
15-Sep-23 10:20 PM ICT,1.7
15-Sep-23 10:25 PM ICT,1.7
15-Sep-23 10:30 PM ICT,1.8
15-Sep-23 10:35 PM ICT,1.9
15-Sep-23 10:40 PM ICT,1.8
15-Sep-23 10:45 PM ICT,1.7
15-Sep-23 10:50 PM ICT,1.6
15-Sep-23 10:55 PM ICT,1.9
15-Sep-23 11:00 PM ICT,1.9
15-Sep-23 11:05 PM ICT,1.8
15-Sep-23 11:10 PM ICT,1.9
15-Sep-23 11:15 PM ICT,2.1
15-Sep-23 11:20 PM ICT,2.3
15-Sep-23 11:25 PM ICT,2.2
15-Sep-23 11:30 PM ICT,2.1
15-Sep-23 11:35 PM ICT,1.9
15-Sep-23 11:40 PM ICT,1.9
15-Sep-23 11:45 PM ICT,2.1
15-Sep-23 11:50 PM ICT,2.2
15-Sep-23 11:55 PM ICT,2.1
16-Sep-23 12:00 AM ICT,2.0
16-Sep-23 12:05 AM ICT,2.0
16-Sep-23 12:10 AM ICT,2.1
16-Sep-23 12:15 AM ICT,2.2
16-Sep-23 12:20 AM ICT,2.1
16-Sep-23 12:25 AM ICT,1.9
16-Sep-23 12:30 AM ICT,1.9
16-Sep-23 12:35 AM ICT,2.2
16-Sep-23 12:40 AM ICT,2.3
16-Sep-23 12:45 AM ICT,2.2
16-Sep-23 12:50 AM ICT,2.0
16-Sep-23 12:55 AM ICT,1.9
16-Sep-23 1:00 AM ICT,1.9