Timestamp,SURE_KW(kW)
07-Aug-23 2:35 PM ICT,3.7
07-Aug-23 2:40 PM ICT,5.0
07-Aug-23 2:45 PM ICT,3.2
07-Aug-23 2:50 PM ICT,7.1
07-Aug-23 2:55 PM ICT,4.8
07-Aug-23 3:00 PM ICT,3.8
07-Aug-23 3:05 PM ICT,5.1
07-Aug-23 3:10 PM ICT,8.5
07-Aug-23 3:15 PM ICT,3.5
07-Aug-23 3:20 PM ICT,2.6
07-Aug-23 3:25 PM ICT,3.8
07-Aug-23 3:30 PM ICT,2.3
07-Aug-23 3:35 PM ICT,2.8
07-Aug-23 3:40 PM ICT,3.0
07-Aug-23 3:45 PM ICT,4.0
07-Aug-23 3:50 PM ICT,6.7
07-Aug-23 3:55 PM ICT,7.1
07-Aug-23 4:00 PM ICT,4.0
07-Aug-23 4:05 PM ICT,5.2
07-Aug-23 4:10 PM ICT,2.9
07-Aug-23 4:15 PM ICT,3.7
07-Aug-23 4:20 PM ICT,3.0
07-Aug-23 4:25 PM ICT,2.8
07-Aug-23 4:30 PM ICT,6.2
07-Aug-23 4:35 PM ICT,2.1
07-Aug-23 4:40 PM ICT,2.9
07-Aug-23 4:45 PM ICT,1.2
07-Aug-23 4:50 PM ICT,2.9
07-Aug-23 4:55 PM ICT,1.1
07-Aug-23 5:00 PM ICT,0.7
07-Aug-23 5:05 PM ICT,0.6
07-Aug-23 5:10 PM ICT,0.8
07-Aug-23 5:15 PM ICT,0.5
07-Aug-23 5:20 PM ICT,0.5
07-Aug-23 5:25 PM ICT,1.1
07-Aug-23 5:30 PM ICT,1.0
07-Aug-23 5:35 PM ICT,0.9
07-Aug-23 5:40 PM ICT,1.0
07-Aug-23 5:45 PM ICT,1.2
07-Aug-23 5:50 PM ICT,1.0
07-Aug-23 5:55 PM ICT,1.0
07-Aug-23 6:00 PM ICT,1.1
07-Aug-23 6:05 PM ICT,1.2
07-Aug-23 6:10 PM ICT,1.2
07-Aug-23 6:15 PM ICT,1.1
07-Aug-23 6:20 PM ICT,1.3
07-Aug-23 6:25 PM ICT,1.2
07-Aug-23 6:30 PM ICT,1.2
07-Aug-23 6:35 PM ICT,1.3
07-Aug-23 6:40 PM ICT,1.5
07-Aug-23 6:45 PM ICT,1.3
07-Aug-23 6:50 PM ICT,1.2
07-Aug-23 6:55 PM ICT,1.2
07-Aug-23 7:00 PM ICT,1.4
07-Aug-23 7:05 PM ICT,1.3
07-Aug-23 7:10 PM ICT,1.3
07-Aug-23 7:15 PM ICT,1.6
07-Aug-23 7:20 PM ICT,1.3
07-Aug-23 7:25 PM ICT,1.3
07-Aug-23 7:30 PM ICT,1.2
07-Aug-23 7:35 PM ICT,1.4
07-Aug-23 7:40 PM ICT,1.2
07-Aug-23 7:45 PM ICT,1.4
07-Aug-23 7:50 PM ICT,1.7
07-Aug-23 7:55 PM ICT,1.5
07-Aug-23 8:00 PM ICT,1.5
07-Aug-23 8:05 PM ICT,1.4
07-Aug-23 8:10 PM ICT,1.6
07-Aug-23 8:15 PM ICT,1.4
07-Aug-23 8:20 PM ICT,1.4
07-Aug-23 8:25 PM ICT,1.2
07-Aug-23 8:30 PM ICT,0.9
07-Aug-23 8:35 PM ICT,0.7
07-Aug-23 8:40 PM ICT,0.9
07-Aug-23 8:45 PM ICT,0.7
07-Aug-23 8:50 PM ICT,0.6
07-Aug-23 8:55 PM ICT,0.8
07-Aug-23 9:00 PM ICT,0.7
07-Aug-23 9:05 PM ICT,0.7
07-Aug-23 9:10 PM ICT,0.9
07-Aug-23 9:15 PM ICT,0.7
07-Aug-23 9:20 PM ICT,0.7
07-Aug-23 9:25 PM ICT,0.8
07-Aug-23 9:30 PM ICT,0.6
07-Aug-23 9:35 PM ICT,0.7
07-Aug-23 9:40 PM ICT,0.7
07-Aug-23 9:45 PM ICT,0.9
07-Aug-23 9:50 PM ICT,0.7
07-Aug-23 9:55 PM ICT,0.7
07-Aug-23 10:00 PM ICT,0.8
07-Aug-23 10:05 PM ICT,0.6
07-Aug-23 10:10 PM ICT,0.7
07-Aug-23 10:15 PM ICT,0.7
07-Aug-23 10:20 PM ICT,0.9
07-Aug-23 10:25 PM ICT,0.7
07-Aug-23 10:30 PM ICT,0.7
07-Aug-23 10:35 PM ICT,0.8
07-Aug-23 10:40 PM ICT,0.6
07-Aug-23 10:45 PM ICT,0.6
07-Aug-23 10:50 PM ICT,0.9
07-Aug-23 10:55 PM ICT,0.7
07-Aug-23 11:00 PM ICT,0.7
07-Aug-23 11:05 PM ICT,0.8
07-Aug-23 11:10 PM ICT,0.6
07-Aug-23 11:15 PM ICT,0.6
07-Aug-23 11:20 PM ICT,0.6
07-Aug-23 11:25 PM ICT,0.9
07-Aug-23 11:30 PM ICT,0.7
07-Aug-23 11:35 PM ICT,0.7
07-Aug-23 11:40 PM ICT,0.9
07-Aug-23 11:45 PM ICT,0.6
07-Aug-23 11:50 PM ICT,0.6
07-Aug-23 11:55 PM ICT,0.7
08-Aug-23 12:00 AM ICT,0.6
08-Aug-23 12:05 AM ICT,0.6
08-Aug-23 12:10 AM ICT,0.7
08-Aug-23 12:15 AM ICT,0.6
08-Aug-23 12:20 AM ICT,0.6
08-Aug-23 12:25 AM ICT,0.6
08-Aug-23 12:30 AM ICT,0.4
08-Aug-23 12:35 AM ICT,0.5
08-Aug-23 12:40 AM ICT,0.7
08-Aug-23 12:45 AM ICT,0.6
08-Aug-23 12:50 AM ICT,0.6
08-Aug-23 12:55 AM ICT,0.8
08-Aug-23 1:00 AM ICT,0.5
08-Aug-23 1:05 AM ICT,0.5
08-Aug-23 1:10 AM ICT,0.8
08-Aug-23 1:15 AM ICT,0.6
08-Aug-23 1:20 AM ICT,0.6
08-Aug-23 1:25 AM ICT,0.7
08-Aug-23 1:30 AM ICT,0.7
08-Aug-23 1:35 AM ICT,0.5
08-Aug-23 1:40 AM ICT,0.5
08-Aug-23 1:45 AM ICT,0.8
08-Aug-23 1:50 AM ICT,0.6
08-Aug-23 1:55 AM ICT,0.6
08-Aug-23 2:00 AM ICT,0.8
08-Aug-23 2:05 AM ICT,0.6
08-Aug-23 2:10 AM ICT,0.5
08-Aug-23 2:15 AM ICT,0.7
08-Aug-23 2:20 AM ICT,0.6
08-Aug-23 2:25 AM ICT,0.6
08-Aug-23 2:30 AM ICT,0.9
08-Aug-23 2:35 AM ICT,0.7
08-Aug-23 2:40 AM ICT,0.7
08-Aug-23 2:45 AM ICT,0.6
08-Aug-23 2:50 AM ICT,0.8
08-Aug-23 2:55 AM ICT,0.7
08-Aug-23 3:00 AM ICT,0.7
08-Aug-23 3:05 AM ICT,0.9
08-Aug-23 3:10 AM ICT,0.7
08-Aug-23 3:15 AM ICT,0.7
08-Aug-23 3:20 AM ICT,0.8
08-Aug-23 3:25 AM ICT,0.7
08-Aug-23 3:30 AM ICT,0.7
08-Aug-23 3:35 AM ICT,0.7
08-Aug-23 3:40 AM ICT,1.0
08-Aug-23 3:45 AM ICT,0.8
08-Aug-23 3:50 AM ICT,0.7
08-Aug-23 3:55 AM ICT,0.7
08-Aug-23 4:00 AM ICT,0.9
08-Aug-23 4:05 AM ICT,0.7
08-Aug-23 4:10 AM ICT,0.7
08-Aug-23 4:15 AM ICT,0.9
08-Aug-23 4:20 AM ICT,0.7
08-Aug-23 4:25 AM ICT,0.7
08-Aug-23 4:30 AM ICT,0.9
08-Aug-23 4:35 AM ICT,0.8
08-Aug-23 4:40 AM ICT,0.7
08-Aug-23 4:45 AM ICT,0.7
08-Aug-23 4:50 AM ICT,0.8
08-Aug-23 4:55 AM ICT,0.6
08-Aug-23 5:00 AM ICT,0.6
08-Aug-23 5:05 AM ICT,0.8
08-Aug-23 5:10 AM ICT,0.7
08-Aug-23 5:15 AM ICT,0.6
08-Aug-23 5:20 AM ICT,0.6
08-Aug-23 5:25 AM ICT,0.7
08-Aug-23 5:30 AM ICT,0.5
08-Aug-23 5:35 AM ICT,0.3
08-Aug-23 5:40 AM ICT,0.5
08-Aug-23 5:45 AM ICT,0.6
08-Aug-23 5:50 AM ICT,0.4
08-Aug-23 5:55 AM ICT,0.4
08-Aug-23 6:00 AM ICT,0.6
08-Aug-23 6:05 AM ICT,0.3
08-Aug-23 6:10 AM ICT,0.3
08-Aug-23 6:15 AM ICT,0.4
08-Aug-23 6:20 AM ICT,0.6
08-Aug-23 6:25 AM ICT,0.4
08-Aug-23 6:30 AM ICT,0.4
08-Aug-23 6:35 AM ICT,0.6
08-Aug-23 6:40 AM ICT,0.3
08-Aug-23 6:45 AM ICT,0.3
08-Aug-23 6:50 AM ICT,0.4
08-Aug-23 6:55 AM ICT,0.6
08-Aug-23 7:00 AM ICT,0.4
08-Aug-23 7:05 AM ICT,0.5
08-Aug-23 7:10 AM ICT,0.7
08-Aug-23 7:15 AM ICT,0.4
08-Aug-23 7:20 AM ICT,1.2
08-Aug-23 7:25 AM ICT,1.2
08-Aug-23 7:30 AM ICT,0.9
08-Aug-23 7:35 AM ICT,0.7
08-Aug-23 7:40 AM ICT,0.7
08-Aug-23 7:45 AM ICT,1.2
08-Aug-23 7:50 AM ICT,0.9
08-Aug-23 7:55 AM ICT,0.8
08-Aug-23 8:00 AM ICT,0.8
08-Aug-23 8:05 AM ICT,2.1
08-Aug-23 8:10 AM ICT,5.9
08-Aug-23 8:15 AM ICT,2.4
08-Aug-23 8:20 AM ICT,4.1
08-Aug-23 8:25 AM ICT,7.6
08-Aug-23 8:30 AM ICT,7.8
08-Aug-23 8:35 AM ICT,7.7
08-Aug-23 8:40 AM ICT,7.6
08-Aug-23 8:45 AM ICT,8.6
08-Aug-23 8:50 AM ICT,14.0
08-Aug-23 8:55 AM ICT,6.9
08-Aug-23 9:00 AM ICT,8.0
08-Aug-23 9:05 AM ICT,13.3
08-Aug-23 9:10 AM ICT,8.3
08-Aug-23 9:15 AM ICT,8.4
08-Aug-23 9:20 AM ICT,10.0
08-Aug-23 9:25 AM ICT,11.5
08-Aug-23 9:30 AM ICT,7.6
08-Aug-23 9:35 AM ICT,12.4
08-Aug-23 9:40 AM ICT,13.7
08-Aug-23 9:45 AM ICT,9.6
08-Aug-23 9:50 AM ICT,6.2
08-Aug-23 9:55 AM ICT,5.7
08-Aug-23 10:00 AM ICT,9.5
08-Aug-23 10:05 AM ICT,8.9
08-Aug-23 10:10 AM ICT,6.1
08-Aug-23 10:15 AM ICT,7.3
08-Aug-23 10:20 AM ICT,14.2
08-Aug-23 10:25 AM ICT,9.7
08-Aug-23 10:30 AM ICT,8.3
08-Aug-23 10:35 AM ICT,9.8
08-Aug-23 10:40 AM ICT,8.0
08-Aug-23 10:45 AM ICT,12.2
08-Aug-23 10:50 AM ICT,7.9
08-Aug-23 10:55 AM ICT,6.5
08-Aug-23 11:00 AM ICT,13.7
08-Aug-23 11:05 AM ICT,6.3
08-Aug-23 11:10 AM ICT,10.9
08-Aug-23 11:15 AM ICT,13.7
08-Aug-23 11:20 AM ICT,8.4
08-Aug-23 11:25 AM ICT,7.7
08-Aug-23 11:30 AM ICT,6.5
08-Aug-23 11:35 AM ICT,9.5
08-Aug-23 11:40 AM ICT,9.8
08-Aug-23 11:45 AM ICT,9.0
08-Aug-23 11:50 AM ICT,8.1
08-Aug-23 11:55 AM ICT,12.1
08-Aug-23 12:00 PM ICT,7.6
08-Aug-23 12:05 PM ICT,4.7
08-Aug-23 12:10 PM ICT,4.8
08-Aug-23 12:15 PM ICT,4.9
08-Aug-23 12:20 PM ICT,4.9
08-Aug-23 12:25 PM ICT,5.1
08-Aug-23 12:30 PM ICT,4.4
08-Aug-23 12:35 PM ICT,4.4
08-Aug-23 12:40 PM ICT,5.1
08-Aug-23 12:45 PM ICT,5.8
08-Aug-23 12:50 PM ICT,6.1
08-Aug-23 12:55 PM ICT,6.5
08-Aug-23 1:00 PM ICT,4.7
08-Aug-23 1:05 PM ICT,6.7
08-Aug-23 1:10 PM ICT,6.6
08-Aug-23 1:15 PM ICT,11.7
08-Aug-23 1:20 PM ICT,7.9
08-Aug-23 1:25 PM ICT,8.3
08-Aug-23 1:30 PM ICT,11.5
08-Aug-23 1:35 PM ICT,9.3
08-Aug-23 1:40 PM ICT,10.5
08-Aug-23 1:45 PM ICT,8.9
08-Aug-23 1:50 PM ICT,7.9
08-Aug-23 1:55 PM ICT,8.6
08-Aug-23 2:00 PM ICT,7.4
08-Aug-23 2:05 PM ICT,8.0
08-Aug-23 2:10 PM ICT,8.0
08-Aug-23 2:15 PM ICT,7.6
08-Aug-23 2:20 PM ICT,10.4
08-Aug-23 2:25 PM ICT,7.6
08-Aug-23 2:30 PM ICT,11.1
08-Aug-23 2:35 PM ICT,10.3
08-Aug-23 2:40 PM ICT,7.7
08-Aug-23 2:45 PM ICT,9.8
08-Aug-23 2:50 PM ICT,8.8
08-Aug-23 2:55 PM ICT,11.4
08-Aug-23 3:00 PM ICT,12.0
08-Aug-23 3:05 PM ICT,8.1
08-Aug-23 3:10 PM ICT,7.8
08-Aug-23 3:15 PM ICT,9.5
08-Aug-23 3:20 PM ICT,14.8
08-Aug-23 3:25 PM ICT,8.1
08-Aug-23 3:30 PM ICT,8.3
08-Aug-23 3:35 PM ICT,6.9
08-Aug-23 3:40 PM ICT,7.8
08-Aug-23 3:45 PM ICT,6.9
08-Aug-23 3:50 PM ICT,7.1
08-Aug-23 3:55 PM ICT,6.9
08-Aug-23 4:00 PM ICT,7.7
08-Aug-23 4:05 PM ICT,11.6
08-Aug-23 4:10 PM ICT,8.0
08-Aug-23 4:15 PM ICT,9.9
08-Aug-23 4:20 PM ICT,6.8
08-Aug-23 4:25 PM ICT,8.8
08-Aug-23 4:30 PM ICT,6.2
08-Aug-23 4:35 PM ICT,6.1
08-Aug-23 4:40 PM ICT,8.5
08-Aug-23 4:45 PM ICT,6.4
08-Aug-23 4:50 PM ICT,3.5
08-Aug-23 4:55 PM ICT,0.8
08-Aug-23 5:00 PM ICT,0.7
08-Aug-23 5:05 PM ICT,0.5
08-Aug-23 5:10 PM ICT,0.5
08-Aug-23 5:15 PM ICT,0.4
08-Aug-23 5:20 PM ICT,0.6
08-Aug-23 5:25 PM ICT,0.3
08-Aug-23 5:30 PM ICT,0.3
08-Aug-23 5:35 PM ICT,0.5
08-Aug-23 5:40 PM ICT,0.4
08-Aug-23 5:45 PM ICT,0.6
08-Aug-23 5:50 PM ICT,0.4
08-Aug-23 5:55 PM ICT,0.4
08-Aug-23 6:00 PM ICT,0.6
08-Aug-23 6:05 PM ICT,1.0
08-Aug-23 6:10 PM ICT,1.1
08-Aug-23 6:15 PM ICT,1.3
08-Aug-23 6:20 PM ICT,1.4
08-Aug-23 6:25 PM ICT,1.2
08-Aug-23 6:30 PM ICT,1.3
08-Aug-23 6:35 PM ICT,1.3
08-Aug-23 6:40 PM ICT,1.1
08-Aug-23 6:45 PM ICT,1.1
08-Aug-23 6:50 PM ICT,1.4
08-Aug-23 6:55 PM ICT,1.2
08-Aug-23 7:00 PM ICT,1.3
08-Aug-23 7:05 PM ICT,1.5
08-Aug-23 7:10 PM ICT,1.3
08-Aug-23 7:15 PM ICT,1.2
08-Aug-23 7:20 PM ICT,1.4
08-Aug-23 7:25 PM ICT,1.2
08-Aug-23 7:30 PM ICT,1.3
08-Aug-23 7:35 PM ICT,1.5
08-Aug-23 7:40 PM ICT,1.3
08-Aug-23 7:45 PM ICT,1.2
08-Aug-23 7:50 PM ICT,1.4
08-Aug-23 7:55 PM ICT,1.4
08-Aug-23 8:00 PM ICT,1.3
08-Aug-23 8:05 PM ICT,1.4
08-Aug-23 8:10 PM ICT,1.4
08-Aug-23 8:15 PM ICT,1.3
08-Aug-23 8:20 PM ICT,1.5
08-Aug-23 8:25 PM ICT,1.3
08-Aug-23 8:30 PM ICT,1.0
08-Aug-23 8:35 PM ICT,0.9
08-Aug-23 8:40 PM ICT,0.7
08-Aug-23 8:45 PM ICT,0.7
08-Aug-23 8:50 PM ICT,0.8
08-Aug-23 8:55 PM ICT,0.6
08-Aug-23 9:00 PM ICT,0.7
08-Aug-23 9:05 PM ICT,1.0
08-Aug-23 9:10 PM ICT,0.7
08-Aug-23 9:15 PM ICT,0.7
08-Aug-23 9:20 PM ICT,1.0
08-Aug-23 9:25 PM ICT,0.7
08-Aug-23 9:30 PM ICT,0.6
08-Aug-23 9:35 PM ICT,0.8
08-Aug-23 9:40 PM ICT,0.8
08-Aug-23 9:45 PM ICT,0.9
08-Aug-23 9:50 PM ICT,1.1
08-Aug-23 9:55 PM ICT,0.9
08-Aug-23 10:00 PM ICT,0.9
08-Aug-23 10:05 PM ICT,1.0
08-Aug-23 10:10 PM ICT,0.8
08-Aug-23 10:15 PM ICT,0.8
08-Aug-23 10:20 PM ICT,1.1
08-Aug-23 10:25 PM ICT,0.9
08-Aug-23 10:30 PM ICT,0.9
08-Aug-23 10:35 PM ICT,0.9
08-Aug-23 10:40 PM ICT,1.1
08-Aug-23 10:45 PM ICT,0.8
08-Aug-23 10:50 PM ICT,0.8
08-Aug-23 10:55 PM ICT,1.0
08-Aug-23 11:00 PM ICT,0.9
08-Aug-23 11:05 PM ICT,0.9
08-Aug-23 11:10 PM ICT,1.0
08-Aug-23 11:15 PM ICT,1.0
08-Aug-23 11:20 PM ICT,0.9
08-Aug-23 11:25 PM ICT,0.9
08-Aug-23 11:30 PM ICT,1.0
08-Aug-23 11:35 PM ICT,0.9
08-Aug-23 11:40 PM ICT,0.9
08-Aug-23 11:45 PM ICT,1.0
08-Aug-23 11:50 PM ICT,0.9
08-Aug-23 11:55 PM ICT,0.9
09-Aug-23 12:00 AM ICT,0.7
09-Aug-23 12:05 AM ICT,0.7
09-Aug-23 12:10 AM ICT,0.9
09-Aug-23 12:15 AM ICT,0.8
09-Aug-23 12:20 AM ICT,0.8
09-Aug-23 12:25 AM ICT,1.0
09-Aug-23 12:30 AM ICT,0.6
09-Aug-23 12:35 AM ICT,0.6
09-Aug-23 12:40 AM ICT,0.6
09-Aug-23 12:45 AM ICT,0.8
09-Aug-23 12:50 AM ICT,0.7
09-Aug-23 12:55 AM ICT,0.8
09-Aug-23 1:00 AM ICT,0.9
09-Aug-23 1:05 AM ICT,0.9
09-Aug-23 1:10 AM ICT,0.8
09-Aug-23 1:15 AM ICT,0.8
09-Aug-23 1:20 AM ICT,0.9
09-Aug-23 1:25 AM ICT,0.7
09-Aug-23 1:30 AM ICT,0.8
09-Aug-23 1:35 AM ICT,0.8
09-Aug-23 1:40 AM ICT,0.9
09-Aug-23 1:45 AM ICT,0.8
09-Aug-23 1:50 AM ICT,0.8
09-Aug-23 1:55 AM ICT,0.9
09-Aug-23 2:00 AM ICT,0.7
09-Aug-23 2:05 AM ICT,0.7
09-Aug-23 2:10 AM ICT,1.0
09-Aug-23 2:15 AM ICT,0.8
09-Aug-23 2:20 AM ICT,0.8
09-Aug-23 2:25 AM ICT,0.8
09-Aug-23 2:30 AM ICT,1.0
09-Aug-23 2:35 AM ICT,0.7
09-Aug-23 2:40 AM ICT,0.7
09-Aug-23 2:45 AM ICT,0.9
09-Aug-23 2:50 AM ICT,0.8
09-Aug-23 2:55 AM ICT,0.8
09-Aug-23 3:00 AM ICT,0.8
09-Aug-23 3:05 AM ICT,1.0
09-Aug-23 3:10 AM ICT,0.7
09-Aug-23 3:15 AM ICT,0.7
09-Aug-23 3:20 AM ICT,0.7
09-Aug-23 3:25 AM ICT,1.0
09-Aug-23 3:30 AM ICT,0.8
09-Aug-23 3:35 AM ICT,0.8
09-Aug-23 3:40 AM ICT,0.9
09-Aug-23 3:45 AM ICT,0.9
09-Aug-23 3:50 AM ICT,0.7
09-Aug-23 3:55 AM ICT,0.7
09-Aug-23 4:00 AM ICT,1.0
09-Aug-23 4:05 AM ICT,0.7
09-Aug-23 4:10 AM ICT,0.8
09-Aug-23 4:15 AM ICT,1.0
09-Aug-23 4:20 AM ICT,0.8
09-Aug-23 4:25 AM ICT,0.7
09-Aug-23 4:30 AM ICT,0.7
09-Aug-23 4:35 AM ICT,0.9
09-Aug-23 4:40 AM ICT,0.8
09-Aug-23 4:45 AM ICT,0.7
09-Aug-23 4:50 AM ICT,0.8
09-Aug-23 4:55 AM ICT,0.6
09-Aug-23 5:00 AM ICT,0.6
09-Aug-23 5:05 AM ICT,0.5
09-Aug-23 5:10 AM ICT,0.7
09-Aug-23 5:15 AM ICT,0.6
09-Aug-23 5:20 AM ICT,0.6
09-Aug-23 5:25 AM ICT,0.6
09-Aug-23 5:30 AM ICT,0.8
09-Aug-23 5:35 AM ICT,0.4
09-Aug-23 5:40 AM ICT,0.3
09-Aug-23 5:45 AM ICT,0.4
09-Aug-23 5:50 AM ICT,0.5
09-Aug-23 5:55 AM ICT,0.4
09-Aug-23 6:00 AM ICT,0.4
09-Aug-23 6:05 AM ICT,0.6
09-Aug-23 6:10 AM ICT,0.4
09-Aug-23 6:15 AM ICT,0.3
09-Aug-23 6:20 AM ICT,0.3
09-Aug-23 6:25 AM ICT,0.6
09-Aug-23 6:30 AM ICT,0.4
09-Aug-23 6:35 AM ICT,0.4
09-Aug-23 6:40 AM ICT,0.6
09-Aug-23 6:45 AM ICT,0.4
09-Aug-23 6:50 AM ICT,0.4
09-Aug-23 6:55 AM ICT,0.3
09-Aug-23 7:00 AM ICT,0.5
09-Aug-23 7:05 AM ICT,0.4
09-Aug-23 7:10 AM ICT,0.5
09-Aug-23 7:15 AM ICT,0.7
09-Aug-23 7:20 AM ICT,0.4
09-Aug-23 7:25 AM ICT,0.4
09-Aug-23 7:30 AM ICT,0.3
09-Aug-23 7:35 AM ICT,1.1
09-Aug-23 7:40 AM ICT,1.3
09-Aug-23 7:45 AM ICT,0.9
09-Aug-23 7:50 AM ICT,1.2
09-Aug-23 7:55 AM ICT,1.0
09-Aug-23 8:00 AM ICT,0.9
09-Aug-23 8:05 AM ICT,1.0
09-Aug-23 8:10 AM ICT,1.1
09-Aug-23 8:15 AM ICT,1.1
09-Aug-23 8:20 AM ICT,6.3
09-Aug-23 8:25 AM ICT,4.1
09-Aug-23 8:30 AM ICT,4.4
09-Aug-23 8:35 AM ICT,8.8
09-Aug-23 8:40 AM ICT,8.2
09-Aug-23 8:45 AM ICT,12.1
09-Aug-23 8:50 AM ICT,9.2
09-Aug-23 8:55 AM ICT,7.7
09-Aug-23 9:00 AM ICT,10.9
09-Aug-23 9:05 AM ICT,10.8
09-Aug-23 9:10 AM ICT,7.8
09-Aug-23 9:15 AM ICT,10.8
09-Aug-23 9:20 AM ICT,15.7
09-Aug-23 9:25 AM ICT,8.9
09-Aug-23 9:30 AM ICT,8.8
09-Aug-23 9:35 AM ICT,8.9
09-Aug-23 9:40 AM ICT,7.4
09-Aug-23 9:45 AM ICT,14.0
09-Aug-23 9:50 AM ICT,6.2
09-Aug-23 9:55 AM ICT,8.9
09-Aug-23 10:00 AM ICT,13.9
09-Aug-23 10:05 AM ICT,6.3
09-Aug-23 10:10 AM ICT,9.7
09-Aug-23 10:15 AM ICT,11.3
09-Aug-23 10:20 AM ICT,12.3
09-Aug-23 10:25 AM ICT,8.5
09-Aug-23 10:30 AM ICT,7.4
09-Aug-23 10:35 AM ICT,14.6
09-Aug-23 10:40 AM ICT,7.5
09-Aug-23 10:45 AM ICT,8.6
09-Aug-23 10:50 AM ICT,11.5
09-Aug-23 10:55 AM ICT,8.2
09-Aug-23 11:00 AM ICT,11.0
09-Aug-23 11:05 AM ICT,7.1
09-Aug-23 11:10 AM ICT,11.4
09-Aug-23 11:15 AM ICT,9.6
09-Aug-23 11:20 AM ICT,11.0
09-Aug-23 11:25 AM ICT,6.8
09-Aug-23 11:30 AM ICT,9.8
09-Aug-23 11:35 AM ICT,7.2
09-Aug-23 11:40 AM ICT,10.9
09-Aug-23 11:45 AM ICT,9.2
09-Aug-23 11:50 AM ICT,8.6
09-Aug-23 11:55 AM ICT,9.4
09-Aug-23 12:00 PM ICT,4.5
09-Aug-23 12:05 PM ICT,5.0
09-Aug-23 12:10 PM ICT,5.5
09-Aug-23 12:15 PM ICT,5.7
09-Aug-23 12:20 PM ICT,4.3
09-Aug-23 12:25 PM ICT,4.8
09-Aug-23 12:30 PM ICT,4.8
09-Aug-23 12:35 PM ICT,5.0
09-Aug-23 12:40 PM ICT,5.4
09-Aug-23 12:45 PM ICT,4.6
09-Aug-23 12:50 PM ICT,5.1
09-Aug-23 12:55 PM ICT,5.4
09-Aug-23 1:00 PM ICT,4.9
09-Aug-23 1:05 PM ICT,8.2
09-Aug-23 1:10 PM ICT,7.3
09-Aug-23 1:15 PM ICT,8.9
09-Aug-23 1:20 PM ICT,7.1
09-Aug-23 1:25 PM ICT,11.5
09-Aug-23 1:30 PM ICT,11.4
09-Aug-23 1:35 PM ICT,12.5
09-Aug-23 1:40 PM ICT,10.8
09-Aug-23 1:45 PM ICT,13.6
09-Aug-23 1:50 PM ICT,9.6
09-Aug-23 1:55 PM ICT,13.0
09-Aug-23 2:00 PM ICT,10.3
09-Aug-23 2:05 PM ICT,6.8
09-Aug-23 2:10 PM ICT,6.3
09-Aug-23 2:15 PM ICT,7.1
09-Aug-23 2:20 PM ICT,8.9
09-Aug-23 2:25 PM ICT,12.1
09-Aug-23 2:30 PM ICT,9.4
09-Aug-23 2:35 PM ICT,12.4
09-Aug-23 2:40 PM ICT,10.0
09-Aug-23 2:45 PM ICT,10.3
09-Aug-23 2:50 PM ICT,11.6
09-Aug-23 2:55 PM ICT,7.3
09-Aug-23 3:00 PM ICT,7.1
09-Aug-23 3:05 PM ICT,7.5
09-Aug-23 3:10 PM ICT,9.9
09-Aug-23 3:15 PM ICT,9.5
09-Aug-23 3:20 PM ICT,10.7
09-Aug-23 3:25 PM ICT,8.2
09-Aug-23 3:30 PM ICT,8.1
09-Aug-23 3:35 PM ICT,10.7
09-Aug-23 3:40 PM ICT,7.2
09-Aug-23 3:45 PM ICT,7.4
09-Aug-23 3:50 PM ICT,6.3
09-Aug-23 3:55 PM ICT,7.4
09-Aug-23 4:00 PM ICT,9.3
09-Aug-23 4:05 PM ICT,9.0
09-Aug-23 4:10 PM ICT,9.5
09-Aug-23 4:15 PM ICT,10.6
09-Aug-23 4:20 PM ICT,9.0
09-Aug-23 4:25 PM ICT,6.9
09-Aug-23 4:30 PM ICT,8.2
09-Aug-23 4:35 PM ICT,5.3
09-Aug-23 4:40 PM ICT,6.9
09-Aug-23 4:45 PM ICT,5.1
09-Aug-23 4:50 PM ICT,4.5
09-Aug-23 4:55 PM ICT,4.0
09-Aug-23 5:00 PM ICT,1.3
09-Aug-23 5:05 PM ICT,0.9
09-Aug-23 5:10 PM ICT,0.6
09-Aug-23 5:15 PM ICT,0.6
09-Aug-23 5:20 PM ICT,0.5
09-Aug-23 5:25 PM ICT,0.5
09-Aug-23 5:30 PM ICT,0.4
09-Aug-23 5:35 PM ICT,0.5
09-Aug-23 5:40 PM ICT,0.6
09-Aug-23 5:45 PM ICT,0.5
09-Aug-23 5:50 PM ICT,0.5
09-Aug-23 5:55 PM ICT,0.5
09-Aug-23 6:00 PM ICT,0.6
09-Aug-23 6:05 PM ICT,0.5
09-Aug-23 6:10 PM ICT,0.6
09-Aug-23 6:15 PM ICT,0.6
09-Aug-23 6:20 PM ICT,0.7
09-Aug-23 6:25 PM ICT,0.7
09-Aug-23 6:30 PM ICT,0.7
09-Aug-23 6:35 PM ICT,0.9
09-Aug-23 6:40 PM ICT,0.7
09-Aug-23 6:45 PM ICT,0.7
09-Aug-23 6:50 PM ICT,0.9
09-Aug-23 6:55 PM ICT,0.8
09-Aug-23 7:00 PM ICT,0.8
09-Aug-23 7:05 PM ICT,0.8
09-Aug-23 7:10 PM ICT,1.0
09-Aug-23 7:15 PM ICT,0.9
09-Aug-23 7:20 PM ICT,0.9
09-Aug-23 7:25 PM ICT,1.1
09-Aug-23 7:30 PM ICT,0.9
09-Aug-23 7:35 PM ICT,0.9
09-Aug-23 7:40 PM ICT,1.1
09-Aug-23 7:45 PM ICT,0.9
09-Aug-23 7:50 PM ICT,0.8
09-Aug-23 7:55 PM ICT,0.8
09-Aug-23 8:00 PM ICT,0.9
09-Aug-23 8:05 PM ICT,0.7
09-Aug-23 8:10 PM ICT,0.7
09-Aug-23 8:15 PM ICT,0.9
09-Aug-23 8:20 PM ICT,0.7
09-Aug-23 8:25 PM ICT,0.8
09-Aug-23 8:30 PM ICT,1.0
09-Aug-23 8:35 PM ICT,0.8
09-Aug-23 8:40 PM ICT,0.7
09-Aug-23 8:45 PM ICT,0.8
09-Aug-23 8:50 PM ICT,1.1
09-Aug-23 8:55 PM ICT,0.9
09-Aug-23 9:00 PM ICT,0.8
09-Aug-23 9:05 PM ICT,1.0
09-Aug-23 9:10 PM ICT,0.8
09-Aug-23 9:15 PM ICT,0.8
09-Aug-23 9:20 PM ICT,1.0
09-Aug-23 9:25 PM ICT,0.7
09-Aug-23 9:30 PM ICT,0.7
09-Aug-23 9:35 PM ICT,0.8
09-Aug-23 9:40 PM ICT,1.0
09-Aug-23 9:45 PM ICT,0.8
09-Aug-23 9:50 PM ICT,0.8
09-Aug-23 9:55 PM ICT,1.0
09-Aug-23 10:00 PM ICT,0.8
09-Aug-23 10:05 PM ICT,0.8
09-Aug-23 10:10 PM ICT,0.9
09-Aug-23 10:15 PM ICT,0.7
09-Aug-23 10:20 PM ICT,0.8
09-Aug-23 10:25 PM ICT,0.8
09-Aug-23 10:30 PM ICT,0.9
09-Aug-23 10:35 PM ICT,0.7
09-Aug-23 10:40 PM ICT,0.7
09-Aug-23 10:45 PM ICT,0.7
09-Aug-23 10:50 PM ICT,0.9
09-Aug-23 10:55 PM ICT,0.6
09-Aug-23 11:00 PM ICT,0.7
09-Aug-23 11:05 PM ICT,0.9
09-Aug-23 11:10 PM ICT,0.7
09-Aug-23 11:15 PM ICT,0.7
09-Aug-23 11:20 PM ICT,0.7
09-Aug-23 11:25 PM ICT,0.9
09-Aug-23 11:30 PM ICT,0.7
09-Aug-23 11:35 PM ICT,0.6
09-Aug-23 11:40 PM ICT,0.8
09-Aug-23 11:45 PM ICT,0.7
09-Aug-23 11:50 PM ICT,0.7
09-Aug-23 11:55 PM ICT,0.9
10-Aug-23 12:00 AM ICT,0.5
10-Aug-23 12:05 AM ICT,0.5
10-Aug-23 12:10 AM ICT,0.8
10-Aug-23 12:15 AM ICT,0.5
10-Aug-23 12:20 AM ICT,0.4
10-Aug-23 12:25 AM ICT,0.4
10-Aug-23 12:30 AM ICT,0.7
10-Aug-23 12:35 AM ICT,0.5
10-Aug-23 12:40 AM ICT,0.5
10-Aug-23 12:45 AM ICT,0.7
10-Aug-23 12:50 AM ICT,0.6
10-Aug-23 12:55 AM ICT,0.7
10-Aug-23 1:00 AM ICT,0.8
10-Aug-23 1:05 AM ICT,0.7
10-Aug-23 1:10 AM ICT,0.7
10-Aug-23 1:15 AM ICT,0.8
10-Aug-23 1:20 AM ICT,0.8
10-Aug-23 1:25 AM ICT,0.7
10-Aug-23 1:30 AM ICT,0.8
10-Aug-23 1:35 AM ICT,0.8
10-Aug-23 1:40 AM ICT,0.8
10-Aug-23 1:45 AM ICT,0.9
10-Aug-23 1:50 AM ICT,0.8
10-Aug-23 1:55 AM ICT,0.6
10-Aug-23 2:00 AM ICT,0.8
10-Aug-23 2:05 AM ICT,0.8
10-Aug-23 2:10 AM ICT,0.7
10-Aug-23 2:15 AM ICT,0.7
10-Aug-23 2:20 AM ICT,0.9
10-Aug-23 2:25 AM ICT,0.7
10-Aug-23 2:30 AM ICT,0.7
10-Aug-23 2:35 AM ICT,0.9
10-Aug-23 2:40 AM ICT,0.7
10-Aug-23 2:45 AM ICT,0.7
10-Aug-23 2:50 AM ICT,0.9
10-Aug-23 2:55 AM ICT,0.7
10-Aug-23 3:00 AM ICT,0.6
10-Aug-23 3:05 AM ICT,0.8
10-Aug-23 3:10 AM ICT,0.7
10-Aug-23 3:15 AM ICT,0.7
10-Aug-23 3:20 AM ICT,0.9
10-Aug-23 3:25 AM ICT,0.7
10-Aug-23 3:30 AM ICT,0.7
10-Aug-23 3:35 AM ICT,0.9
10-Aug-23 3:40 AM ICT,0.7
10-Aug-23 3:45 AM ICT,0.6
10-Aug-23 3:50 AM ICT,0.8
10-Aug-23 3:55 AM ICT,0.7
10-Aug-23 4:00 AM ICT,0.7
10-Aug-23 4:05 AM ICT,0.9
10-Aug-23 4:10 AM ICT,0.7
10-Aug-23 4:15 AM ICT,0.7
10-Aug-23 4:20 AM ICT,0.7
10-Aug-23 4:25 AM ICT,0.9
10-Aug-23 4:30 AM ICT,0.6
10-Aug-23 4:35 AM ICT,0.6
10-Aug-23 4:40 AM ICT,1.0
10-Aug-23 4:45 AM ICT,0.8
10-Aug-23 4:50 AM ICT,0.7
10-Aug-23 4:55 AM ICT,0.7
10-Aug-23 5:00 AM ICT,0.7
10-Aug-23 5:05 AM ICT,0.6
10-Aug-23 5:10 AM ICT,0.5
10-Aug-23 5:15 AM ICT,0.7
10-Aug-23 5:20 AM ICT,0.6
10-Aug-23 5:25 AM ICT,0.6
10-Aug-23 5:30 AM ICT,0.7
10-Aug-23 5:35 AM ICT,0.4
10-Aug-23 5:40 AM ICT,0.5
10-Aug-23 5:45 AM ICT,0.5
10-Aug-23 5:50 AM ICT,0.5
10-Aug-23 5:55 AM ICT,0.3
10-Aug-23 6:00 AM ICT,0.4
10-Aug-23 6:05 AM ICT,0.6
10-Aug-23 6:10 AM ICT,0.5
10-Aug-23 6:15 AM ICT,0.5
10-Aug-23 6:20 AM ICT,0.5
10-Aug-23 6:25 AM ICT,0.6
10-Aug-23 6:30 AM ICT,0.3
10-Aug-23 6:35 AM ICT,0.3
10-Aug-23 6:40 AM ICT,0.5
10-Aug-23 6:45 AM ICT,0.4
10-Aug-23 6:50 AM ICT,0.5
10-Aug-23 6:55 AM ICT,0.5
10-Aug-23 7:00 AM ICT,0.7
10-Aug-23 7:05 AM ICT,0.5
10-Aug-23 7:10 AM ICT,0.4
10-Aug-23 7:15 AM ICT,0.4
10-Aug-23 7:20 AM ICT,0.6
10-Aug-23 7:25 AM ICT,0.4
10-Aug-23 7:30 AM ICT,1.1
10-Aug-23 7:35 AM ICT,1.8
10-Aug-23 7:40 AM ICT,1.1
10-Aug-23 7:45 AM ICT,0.9
10-Aug-23 7:50 AM ICT,1.0
10-Aug-23 7:55 AM ICT,1.3
10-Aug-23 8:00 AM ICT,3.9
10-Aug-23 8:05 AM ICT,3.9
10-Aug-23 8:10 AM ICT,2.9
10-Aug-23 8:15 AM ICT,3.0
10-Aug-23 8:20 AM ICT,4.4
10-Aug-23 8:25 AM ICT,7.7
10-Aug-23 8:30 AM ICT,6.1
10-Aug-23 8:35 AM ICT,11.7
10-Aug-23 8:40 AM ICT,12.0
10-Aug-23 8:45 AM ICT,7.7
10-Aug-23 8:50 AM ICT,9.0
10-Aug-23 8:55 AM ICT,13.0
10-Aug-23 9:00 AM ICT,13.3
10-Aug-23 9:05 AM ICT,13.4
10-Aug-23 9:10 AM ICT,11.7
10-Aug-23 9:15 AM ICT,13.0
10-Aug-23 9:20 AM ICT,13.6
10-Aug-23 9:25 AM ICT,10.2
10-Aug-23 9:30 AM ICT,7.4
10-Aug-23 9:35 AM ICT,11.6
10-Aug-23 9:40 AM ICT,8.5
10-Aug-23 9:45 AM ICT,10.1
10-Aug-23 9:50 AM ICT,7.7
10-Aug-23 9:55 AM ICT,6.8
10-Aug-23 10:00 AM ICT,7.1
10-Aug-23 10:05 AM ICT,11.5
10-Aug-23 10:10 AM ICT,7.3
10-Aug-23 10:15 AM ICT,6.5
10-Aug-23 10:20 AM ICT,7.7
10-Aug-23 10:25 AM ICT,13.2
10-Aug-23 10:30 AM ICT,14.3
10-Aug-23 10:35 AM ICT,10.5
10-Aug-23 10:40 AM ICT,10.2
10-Aug-23 10:45 AM ICT,11.5
10-Aug-23 10:50 AM ICT,7.8
10-Aug-23 10:55 AM ICT,7.6
10-Aug-23 11:00 AM ICT,10.5
10-Aug-23 11:05 AM ICT,11.1
10-Aug-23 11:10 AM ICT,9.1
10-Aug-23 11:15 AM ICT,12.2
10-Aug-23 11:20 AM ICT,10.1
10-Aug-23 11:25 AM ICT,13.8
10-Aug-23 11:30 AM ICT,8.1
10-Aug-23 11:35 AM ICT,9.5
10-Aug-23 11:40 AM ICT,13.0
10-Aug-23 11:45 AM ICT,5.4
10-Aug-23 11:50 AM ICT,7.2
10-Aug-23 11:55 AM ICT,5.8
10-Aug-23 12:00 PM ICT,5.4
10-Aug-23 12:05 PM ICT,5.2
10-Aug-23 12:10 PM ICT,4.6
10-Aug-23 12:15 PM ICT,4.7
10-Aug-23 12:20 PM ICT,5.8
10-Aug-23 12:25 PM ICT,5.3
10-Aug-23 12:30 PM ICT,5.3
10-Aug-23 12:35 PM ICT,5.3
10-Aug-23 12:40 PM ICT,6.4
10-Aug-23 12:45 PM ICT,5.0
10-Aug-23 12:50 PM ICT,4.9
10-Aug-23 12:55 PM ICT,4.4
10-Aug-23 1:00 PM ICT,5.6
10-Aug-23 1:05 PM ICT,9.1
10-Aug-23 1:10 PM ICT,6.3
10-Aug-23 1:15 PM ICT,8.8
10-Aug-23 1:20 PM ICT,12.9
10-Aug-23 1:25 PM ICT,11.3
10-Aug-23 1:30 PM ICT,7.2
10-Aug-23 1:35 PM ICT,8.3
10-Aug-23 1:40 PM ICT,15.3
10-Aug-23 1:45 PM ICT,11.6
10-Aug-23 1:50 PM ICT,8.1
10-Aug-23 1:55 PM ICT,9.0
10-Aug-23 2:00 PM ICT,14.0
10-Aug-23 2:05 PM ICT,10.0
10-Aug-23 2:10 PM ICT,9.8
10-Aug-23 2:15 PM ICT,6.0
10-Aug-23 2:20 PM ICT,7.6
10-Aug-23 2:25 PM ICT,5.9
10-Aug-23 2:30 PM ICT,9.3
10-Aug-23 2:35 PM ICT,9.2
10-Aug-23 2:40 PM ICT,7.1
10-Aug-23 2:45 PM ICT,9.9
10-Aug-23 2:50 PM ICT,8.1
10-Aug-23 2:55 PM ICT,13.6
10-Aug-23 3:00 PM ICT,7.9
10-Aug-23 3:05 PM ICT,9.0
10-Aug-23 3:10 PM ICT,9.2
10-Aug-23 3:15 PM ICT,10.6
10-Aug-23 3:20 PM ICT,8.3
10-Aug-23 3:25 PM ICT,7.6
10-Aug-23 3:30 PM ICT,7.0
10-Aug-23 3:35 PM ICT,8.8
10-Aug-23 3:40 PM ICT,13.6
10-Aug-23 3:45 PM ICT,11.1
10-Aug-23 3:50 PM ICT,6.3
10-Aug-23 3:55 PM ICT,8.2
10-Aug-23 4:00 PM ICT,9.5
10-Aug-23 4:05 PM ICT,7.1
10-Aug-23 4:10 PM ICT,6.5
10-Aug-23 4:15 PM ICT,7.3
10-Aug-23 4:20 PM ICT,10.8
10-Aug-23 4:25 PM ICT,5.0
10-Aug-23 4:30 PM ICT,8.5
10-Aug-23 4:35 PM ICT,3.8
10-Aug-23 4:40 PM ICT,3.3
10-Aug-23 4:45 PM ICT,2.2
10-Aug-23 4:50 PM ICT,0.9
10-Aug-23 4:55 PM ICT,0.7
10-Aug-23 5:00 PM ICT,0.8
10-Aug-23 5:05 PM ICT,0.5
10-Aug-23 5:10 PM ICT,0.5
10-Aug-23 5:15 PM ICT,0.4
10-Aug-23 5:20 PM ICT,0.7
10-Aug-23 5:25 PM ICT,0.4
10-Aug-23 5:30 PM ICT,0.4
10-Aug-23 5:35 PM ICT,0.5
10-Aug-23 5:40 PM ICT,0.5
10-Aug-23 5:45 PM ICT,0.4
10-Aug-23 5:50 PM ICT,0.4
10-Aug-23 5:55 PM ICT,0.6
10-Aug-23 6:00 PM ICT,0.4
10-Aug-23 6:05 PM ICT,0.4
10-Aug-23 6:10 PM ICT,1.1
10-Aug-23 6:15 PM ICT,1.4
10-Aug-23 6:20 PM ICT,1.3
10-Aug-23 6:25 PM ICT,1.5
10-Aug-23 6:30 PM ICT,1.7
10-Aug-23 6:35 PM ICT,1.3
10-Aug-23 6:40 PM ICT,1.3
10-Aug-23 6:45 PM ICT,1.3
10-Aug-23 6:50 PM ICT,1.4
10-Aug-23 6:55 PM ICT,1.3
10-Aug-23 7:00 PM ICT,1.2
10-Aug-23 7:05 PM ICT,1.2
10-Aug-23 7:10 PM ICT,1.7
10-Aug-23 7:15 PM ICT,1.4
10-Aug-23 7:20 PM ICT,1.4
10-Aug-23 7:25 PM ICT,1.4
10-Aug-23 7:30 PM ICT,1.7
10-Aug-23 7:35 PM ICT,1.4
10-Aug-23 7:40 PM ICT,1.4
10-Aug-23 7:45 PM ICT,1.5
10-Aug-23 7:50 PM ICT,1.4
10-Aug-23 7:55 PM ICT,1.4
10-Aug-23 8:00 PM ICT,1.4
10-Aug-23 8:05 PM ICT,1.6
10-Aug-23 8:10 PM ICT,1.4
10-Aug-23 8:15 PM ICT,1.4
10-Aug-23 8:20 PM ICT,1.2
10-Aug-23 8:25 PM ICT,1.0
10-Aug-23 8:30 PM ICT,0.7
10-Aug-23 8:35 PM ICT,0.7
10-Aug-23 8:40 PM ICT,1.0
10-Aug-23 8:45 PM ICT,0.8
10-Aug-23 8:50 PM ICT,0.8
10-Aug-23 8:55 PM ICT,0.9
10-Aug-23 9:00 PM ICT,1.0
10-Aug-23 9:05 PM ICT,0.8
10-Aug-23 9:10 PM ICT,0.8
10-Aug-23 9:15 PM ICT,0.9
10-Aug-23 9:20 PM ICT,0.7
10-Aug-23 9:25 PM ICT,0.8
10-Aug-23 9:30 PM ICT,0.8
10-Aug-23 9:35 PM ICT,1.0
10-Aug-23 9:40 PM ICT,0.8
10-Aug-23 9:45 PM ICT,0.8
10-Aug-23 9:50 PM ICT,1.1
10-Aug-23 9:55 PM ICT,0.9
10-Aug-23 10:00 PM ICT,0.8
10-Aug-23 10:05 PM ICT,0.8
10-Aug-23 10:10 PM ICT,1.1
10-Aug-23 10:15 PM ICT,0.9
10-Aug-23 10:20 PM ICT,0.9
10-Aug-23 10:25 PM ICT,0.8
10-Aug-23 10:30 PM ICT,0.9
10-Aug-23 10:35 PM ICT,0.8
10-Aug-23 10:40 PM ICT,0.7
10-Aug-23 10:45 PM ICT,0.7
10-Aug-23 10:50 PM ICT,0.9
10-Aug-23 10:55 PM ICT,0.8
10-Aug-23 11:00 PM ICT,0.8
10-Aug-23 11:05 PM ICT,1.0
10-Aug-23 11:10 PM ICT,0.8
10-Aug-23 11:15 PM ICT,0.8
10-Aug-23 11:20 PM ICT,0.9
10-Aug-23 11:25 PM ICT,0.8
10-Aug-23 11:30 PM ICT,0.7
10-Aug-23 11:35 PM ICT,0.7
10-Aug-23 11:40 PM ICT,1.0
10-Aug-23 11:45 PM ICT,0.8
10-Aug-23 11:50 PM ICT,0.8
10-Aug-23 11:55 PM ICT,1.0
11-Aug-23 12:00 AM ICT,0.8
11-Aug-23 12:05 AM ICT,0.6
11-Aug-23 12:10 AM ICT,0.7
11-Aug-23 12:15 AM ICT,0.5
11-Aug-23 12:20 AM ICT,0.6
11-Aug-23 12:25 AM ICT,0.6
11-Aug-23 12:30 AM ICT,0.8
11-Aug-23 12:35 AM ICT,0.6
11-Aug-23 12:40 AM ICT,0.6
11-Aug-23 12:45 AM ICT,0.8
11-Aug-23 12:50 AM ICT,0.6
11-Aug-23 12:55 AM ICT,0.6
11-Aug-23 1:00 AM ICT,0.7
11-Aug-23 1:05 AM ICT,0.7
11-Aug-23 1:10 AM ICT,0.6
11-Aug-23 1:15 AM ICT,0.7
11-Aug-23 1:20 AM ICT,0.9
11-Aug-23 1:25 AM ICT,0.6
11-Aug-23 1:30 AM ICT,0.6
11-Aug-23 1:35 AM ICT,0.6
11-Aug-23 1:40 AM ICT,0.7
11-Aug-23 1:45 AM ICT,0.6
11-Aug-23 1:50 AM ICT,0.7
11-Aug-23 1:55 AM ICT,0.9
11-Aug-23 2:00 AM ICT,0.6
11-Aug-23 2:05 AM ICT,0.7
11-Aug-23 2:10 AM ICT,0.8
11-Aug-23 2:15 AM ICT,0.6
11-Aug-23 2:20 AM ICT,0.6
11-Aug-23 2:25 AM ICT,0.8
11-Aug-23 2:30 AM ICT,0.7
11-Aug-23 2:35 AM ICT,0.6
11-Aug-23 2:40 AM ICT,0.6
11-Aug-23 2:45 AM ICT,0.9
11-Aug-23 2:50 AM ICT,0.6
11-Aug-23 2:55 AM ICT,0.6
11-Aug-23 3:00 AM ICT,0.8
11-Aug-23 3:05 AM ICT,0.6
11-Aug-23 3:10 AM ICT,0.6
11-Aug-23 3:15 AM ICT,0.8
11-Aug-23 3:20 AM ICT,0.6
11-Aug-23 3:25 AM ICT,0.6
11-Aug-23 3:30 AM ICT,0.7
11-Aug-23 3:35 AM ICT,0.7
11-Aug-23 3:40 AM ICT,0.5
11-Aug-23 3:45 AM ICT,0.5
11-Aug-23 3:50 AM ICT,0.9
11-Aug-23 3:55 AM ICT,0.6
11-Aug-23 4:00 AM ICT,0.6
11-Aug-23 4:05 AM ICT,0.8
11-Aug-23 4:10 AM ICT,0.6
11-Aug-23 4:15 AM ICT,0.6
11-Aug-23 4:20 AM ICT,0.7
11-Aug-23 4:25 AM ICT,0.5
11-Aug-23 4:30 AM ICT,0.6
11-Aug-23 4:35 AM ICT,0.7
11-Aug-23 4:40 AM ICT,0.7
11-Aug-23 4:45 AM ICT,0.6
11-Aug-23 4:50 AM ICT,0.6
11-Aug-23 4:55 AM ICT,0.8
11-Aug-23 5:00 AM ICT,0.5
11-Aug-23 5:05 AM ICT,0.5
11-Aug-23 5:10 AM ICT,0.8
11-Aug-23 5:15 AM ICT,0.7
11-Aug-23 5:20 AM ICT,0.7
11-Aug-23 5:25 AM ICT,0.7
11-Aug-23 5:30 AM ICT,0.8
11-Aug-23 5:35 AM ICT,0.5
11-Aug-23 5:40 AM ICT,0.3
11-Aug-23 5:45 AM ICT,0.5
11-Aug-23 5:50 AM ICT,0.4
11-Aug-23 5:55 AM ICT,2.3
11-Aug-23 6:00 AM ICT,2.2
11-Aug-23 6:05 AM ICT,0.6
11-Aug-23 6:10 AM ICT,0.4
11-Aug-23 6:15 AM ICT,0.5
11-Aug-23 6:20 AM ICT,0.4
11-Aug-23 6:25 AM ICT,0.6
11-Aug-23 6:30 AM ICT,0.4
11-Aug-23 6:35 AM ICT,0.4
11-Aug-23 6:40 AM ICT,0.5
11-Aug-23 6:45 AM ICT,0.5
11-Aug-23 6:50 AM ICT,0.4
11-Aug-23 6:55 AM ICT,0.5
11-Aug-23 7:00 AM ICT,0.6
11-Aug-23 7:05 AM ICT,0.3
11-Aug-23 7:10 AM ICT,0.4
11-Aug-23 7:15 AM ICT,0.5
11-Aug-23 7:20 AM ICT,0.7
11-Aug-23 7:25 AM ICT,0.5
11-Aug-23 7:30 AM ICT,0.4
11-Aug-23 7:35 AM ICT,0.6
11-Aug-23 7:40 AM ICT,0.6
11-Aug-23 7:45 AM ICT,0.6
11-Aug-23 7:50 AM ICT,0.7
11-Aug-23 7:55 AM ICT,1.0
11-Aug-23 8:00 AM ICT,0.7
11-Aug-23 8:05 AM ICT,0.8
11-Aug-23 8:10 AM ICT,1.1
11-Aug-23 8:15 AM ICT,7.9
11-Aug-23 8:20 AM ICT,3.4
11-Aug-23 8:25 AM ICT,3.9
11-Aug-23 8:30 AM ICT,4.3
11-Aug-23 8:35 AM ICT,5.0
11-Aug-23 8:40 AM ICT,6.7
11-Aug-23 8:45 AM ICT,9.3
11-Aug-23 8:50 AM ICT,8.2
11-Aug-23 8:55 AM ICT,12.4
11-Aug-23 9:00 AM ICT,7.0
11-Aug-23 9:05 AM ICT,12.4
11-Aug-23 9:10 AM ICT,10.6
11-Aug-23 9:15 AM ICT,13.7
11-Aug-23 9:20 AM ICT,6.4
11-Aug-23 9:25 AM ICT,7.7
11-Aug-23 9:30 AM ICT,7.7
11-Aug-23 9:35 AM ICT,6.9
11-Aug-23 9:40 AM ICT,6.8
11-Aug-23 9:45 AM ICT,11.5
11-Aug-23 9:50 AM ICT,4.8
11-Aug-23 9:55 AM ICT,7.9
11-Aug-23 10:00 AM ICT,10.3
11-Aug-23 10:05 AM ICT,10.5
11-Aug-23 10:10 AM ICT,9.3
11-Aug-23 10:15 AM ICT,11.0
11-Aug-23 10:20 AM ICT,10.7
11-Aug-23 10:25 AM ICT,8.3
11-Aug-23 10:30 AM ICT,13.5
11-Aug-23 10:35 AM ICT,6.9
11-Aug-23 10:40 AM ICT,9.5
11-Aug-23 10:45 AM ICT,7.7
11-Aug-23 10:50 AM ICT,10.5
11-Aug-23 10:55 AM ICT,12.7
11-Aug-23 11:00 AM ICT,7.7
11-Aug-23 11:05 AM ICT,8.3
11-Aug-23 11:10 AM ICT,13.3
11-Aug-23 11:15 AM ICT,10.8
11-Aug-23 11:20 AM ICT,7.9
11-Aug-23 11:25 AM ICT,13.9
11-Aug-23 11:30 AM ICT,7.7
11-Aug-23 11:35 AM ICT,14.5
11-Aug-23 11:40 AM ICT,9.4
11-Aug-23 11:45 AM ICT,8.4
11-Aug-23 11:50 AM ICT,9.1
11-Aug-23 11:55 AM ICT,6.8
11-Aug-23 12:00 PM ICT,4.5
11-Aug-23 12:05 PM ICT,5.5
11-Aug-23 12:10 PM ICT,4.9
11-Aug-23 12:15 PM ICT,5.8
11-Aug-23 12:20 PM ICT,4.9
11-Aug-23 12:25 PM ICT,4.2
11-Aug-23 12:30 PM ICT,6.1
11-Aug-23 12:35 PM ICT,4.3
11-Aug-23 12:40 PM ICT,5.3
11-Aug-23 12:45 PM ICT,6.5
11-Aug-23 12:50 PM ICT,4.7
11-Aug-23 12:55 PM ICT,6.1
11-Aug-23 1:00 PM ICT,5.4
11-Aug-23 1:05 PM ICT,7.0
11-Aug-23 1:10 PM ICT,8.4
11-Aug-23 1:15 PM ICT,10.0
11-Aug-23 1:20 PM ICT,10.5
11-Aug-23 1:25 PM ICT,7.3
11-Aug-23 1:30 PM ICT,10.9
11-Aug-23 1:35 PM ICT,7.8
11-Aug-23 1:40 PM ICT,9.4
11-Aug-23 1:45 PM ICT,13.6
11-Aug-23 1:50 PM ICT,8.6
11-Aug-23 1:55 PM ICT,10.9
11-Aug-23 2:00 PM ICT,9.2
11-Aug-23 2:05 PM ICT,9.1
11-Aug-23 2:10 PM ICT,10.6
11-Aug-23 2:15 PM ICT,11.0
11-Aug-23 2:20 PM ICT,11.1
11-Aug-23 2:25 PM ICT,10.2
11-Aug-23 2:30 PM ICT,10.9
11-Aug-23 2:35 PM ICT,12.1
11-Aug-23 2:40 PM ICT,9.4
11-Aug-23 2:45 PM ICT,10.9
11-Aug-23 2:50 PM ICT,9.7
11-Aug-23 2:55 PM ICT,10.8
11-Aug-23 3:00 PM ICT,13.0
11-Aug-23 3:05 PM ICT,8.7
11-Aug-23 3:10 PM ICT,8.7
11-Aug-23 3:15 PM ICT,8.3
11-Aug-23 3:20 PM ICT,10.4
11-Aug-23 3:25 PM ICT,10.3
11-Aug-23 3:30 PM ICT,12.0
11-Aug-23 3:35 PM ICT,9.0
11-Aug-23 3:40 PM ICT,9.0
11-Aug-23 3:45 PM ICT,9.2
11-Aug-23 3:50 PM ICT,10.4
11-Aug-23 3:55 PM ICT,8.7
11-Aug-23 4:00 PM ICT,8.3
11-Aug-23 4:05 PM ICT,8.8
11-Aug-23 4:10 PM ICT,7.9
11-Aug-23 4:15 PM ICT,10.6
11-Aug-23 4:20 PM ICT,12.0
11-Aug-23 4:25 PM ICT,7.8
11-Aug-23 4:30 PM ICT,11.4
11-Aug-23 4:35 PM ICT,7.5
11-Aug-23 4:40 PM ICT,6.9
11-Aug-23 4:45 PM ICT,7.3
11-Aug-23 4:50 PM ICT,5.2
11-Aug-23 4:55 PM ICT,6.9
11-Aug-23 5:00 PM ICT,1.5
11-Aug-23 5:05 PM ICT,0.5
11-Aug-23 5:10 PM ICT,0.6
11-Aug-23 5:15 PM ICT,0.3
11-Aug-23 5:20 PM ICT,0.4
11-Aug-23 5:25 PM ICT,0.5
11-Aug-23 5:30 PM ICT,0.7
11-Aug-23 5:35 PM ICT,0.5
11-Aug-23 5:40 PM ICT,0.5
11-Aug-23 5:45 PM ICT,0.5
11-Aug-23 5:50 PM ICT,0.7
11-Aug-23 5:55 PM ICT,0.4
11-Aug-23 6:00 PM ICT,0.4
11-Aug-23 6:05 PM ICT,1.5
11-Aug-23 6:10 PM ICT,1.3
11-Aug-23 6:15 PM ICT,1.3
11-Aug-23 6:20 PM ICT,1.3
11-Aug-23 6:25 PM ICT,1.5
11-Aug-23 6:30 PM ICT,1.3
11-Aug-23 6:35 PM ICT,1.3
11-Aug-23 6:40 PM ICT,1.2
11-Aug-23 6:45 PM ICT,1.4
11-Aug-23 6:50 PM ICT,1.3
11-Aug-23 6:55 PM ICT,1.3
11-Aug-23 7:00 PM ICT,1.3
11-Aug-23 7:05 PM ICT,1.5
11-Aug-23 7:10 PM ICT,1.3
11-Aug-23 7:15 PM ICT,1.3
11-Aug-23 7:20 PM ICT,1.6
11-Aug-23 7:25 PM ICT,1.2
11-Aug-23 7:30 PM ICT,1.1
11-Aug-23 7:35 PM ICT,1.2
11-Aug-23 7:40 PM ICT,1.5
11-Aug-23 7:45 PM ICT,1.2
11-Aug-23 7:50 PM ICT,1.2
11-Aug-23 7:55 PM ICT,1.4
11-Aug-23 8:00 PM ICT,1.4
11-Aug-23 8:05 PM ICT,1.2
11-Aug-23 8:10 PM ICT,1.1
11-Aug-23 8:15 PM ICT,1.3
11-Aug-23 8:20 PM ICT,1.2
11-Aug-23 8:25 PM ICT,1.0
11-Aug-23 8:30 PM ICT,0.7
11-Aug-23 8:35 PM ICT,0.9
11-Aug-23 8:40 PM ICT,0.7
11-Aug-23 8:45 PM ICT,0.7
11-Aug-23 8:50 PM ICT,0.8
11-Aug-23 8:55 PM ICT,0.6
11-Aug-23 9:00 PM ICT,0.6
11-Aug-23 9:05 PM ICT,0.7
11-Aug-23 9:10 PM ICT,0.8
11-Aug-23 9:15 PM ICT,0.7
11-Aug-23 9:20 PM ICT,0.7
11-Aug-23 9:25 PM ICT,0.9
11-Aug-23 9:30 PM ICT,0.7
11-Aug-23 9:35 PM ICT,0.6
11-Aug-23 9:40 PM ICT,0.7
11-Aug-23 9:45 PM ICT,0.6
11-Aug-23 9:50 PM ICT,0.7
11-Aug-23 9:55 PM ICT,0.7
11-Aug-23 10:00 PM ICT,0.8
11-Aug-23 10:05 PM ICT,0.7
11-Aug-23 10:10 PM ICT,0.7
11-Aug-23 10:15 PM ICT,0.9
11-Aug-23 10:20 PM ICT,0.6
11-Aug-23 10:25 PM ICT,0.7
11-Aug-23 10:30 PM ICT,0.7
11-Aug-23 10:35 PM ICT,0.6
11-Aug-23 10:40 PM ICT,0.9
11-Aug-23 10:45 PM ICT,0.6
11-Aug-23 10:50 PM ICT,0.6
11-Aug-23 10:55 PM ICT,0.8
11-Aug-23 11:00 PM ICT,0.6
11-Aug-23 11:05 PM ICT,0.6
11-Aug-23 11:10 PM ICT,0.8
11-Aug-23 11:15 PM ICT,0.6
11-Aug-23 11:20 PM ICT,0.6
11-Aug-23 11:25 PM ICT,0.8
11-Aug-23 11:30 PM ICT,0.6
11-Aug-23 11:35 PM ICT,0.5
11-Aug-23 11:40 PM ICT,0.5
11-Aug-23 11:45 PM ICT,0.8
11-Aug-23 11:50 PM ICT,0.6
11-Aug-23 11:55 PM ICT,0.6
12-Aug-23 12:00 AM ICT,0.8
12-Aug-23 12:05 AM ICT,0.6
12-Aug-23 12:10 AM ICT,0.6
12-Aug-23 12:15 AM ICT,0.8
12-Aug-23 12:20 AM ICT,0.5
12-Aug-23 12:25 AM ICT,0.5
12-Aug-23 12:30 AM ICT,0.8
12-Aug-23 12:35 AM ICT,0.6
12-Aug-23 12:40 AM ICT,0.6
12-Aug-23 12:45 AM ICT,0.7
12-Aug-23 12:50 AM ICT,0.7
12-Aug-23 12:55 AM ICT,0.6
12-Aug-23 1:00 AM ICT,0.6
12-Aug-23 1:05 AM ICT,0.7
12-Aug-23 1:10 AM ICT,0.5
12-Aug-23 1:15 AM ICT,0.6
12-Aug-23 1:20 AM ICT,0.8
12-Aug-23 1:25 AM ICT,0.6
12-Aug-23 1:30 AM ICT,0.6
12-Aug-23 1:35 AM ICT,0.8
12-Aug-23 1:40 AM ICT,0.6
12-Aug-23 1:45 AM ICT,0.5
12-Aug-23 1:50 AM ICT,0.7
12-Aug-23 1:55 AM ICT,0.5
12-Aug-23 2:00 AM ICT,0.6
12-Aug-23 2:05 AM ICT,0.6
12-Aug-23 2:10 AM ICT,0.8
12-Aug-23 2:15 AM ICT,0.6
12-Aug-23 2:20 AM ICT,0.6
12-Aug-23 2:25 AM ICT,0.6
12-Aug-23 2:30 AM ICT,0.7
12-Aug-23 2:35 AM ICT,0.5
12-Aug-23 2:40 AM ICT,0.6
12-Aug-23 2:45 AM ICT,0.8
12-Aug-23 2:50 AM ICT,0.6
12-Aug-23 2:55 AM ICT,0.6
12-Aug-23 3:00 AM ICT,0.6
12-Aug-23 3:05 AM ICT,0.8
12-Aug-23 3:10 AM ICT,0.6
12-Aug-23 3:15 AM ICT,0.5
12-Aug-23 3:20 AM ICT,0.6
12-Aug-23 3:25 AM ICT,0.7
12-Aug-23 3:30 AM ICT,0.6
12-Aug-23 3:35 AM ICT,0.6
12-Aug-23 3:40 AM ICT,0.8
12-Aug-23 3:45 AM ICT,0.6
12-Aug-23 3:50 AM ICT,0.6
12-Aug-23 3:55 AM ICT,0.7
12-Aug-23 4:00 AM ICT,0.5
12-Aug-23 4:05 AM ICT,0.5
12-Aug-23 4:10 AM ICT,0.8
12-Aug-23 4:15 AM ICT,0.6
12-Aug-23 4:20 AM ICT,0.6
12-Aug-23 4:25 AM ICT,0.6
12-Aug-23 4:30 AM ICT,0.8
12-Aug-23 4:35 AM ICT,0.6
12-Aug-23 4:40 AM ICT,0.5
12-Aug-23 4:45 AM ICT,0.7
12-Aug-23 4:50 AM ICT,0.6
12-Aug-23 4:55 AM ICT,0.7
12-Aug-23 5:00 AM ICT,0.6
12-Aug-23 5:05 AM ICT,0.9
12-Aug-23 5:10 AM ICT,0.7
12-Aug-23 5:15 AM ICT,0.7
12-Aug-23 5:20 AM ICT,0.6
12-Aug-23 5:25 AM ICT,0.8
12-Aug-23 5:30 AM ICT,0.5
12-Aug-23 5:35 AM ICT,0.5
12-Aug-23 5:40 AM ICT,0.6
12-Aug-23 5:45 AM ICT,0.4
12-Aug-23 5:50 AM ICT,0.4
12-Aug-23 5:55 AM ICT,0.5
12-Aug-23 6:00 AM ICT,0.6
12-Aug-23 6:05 AM ICT,0.3
12-Aug-23 6:10 AM ICT,0.3
12-Aug-23 6:15 AM ICT,0.6
12-Aug-23 6:20 AM ICT,0.4
12-Aug-23 6:25 AM ICT,0.4
12-Aug-23 6:30 AM ICT,0.4
12-Aug-23 6:35 AM ICT,1.0
12-Aug-23 6:40 AM ICT,0.8
12-Aug-23 6:45 AM ICT,0.3
12-Aug-23 6:50 AM ICT,0.4
12-Aug-23 6:55 AM ICT,0.5
12-Aug-23 7:00 AM ICT,0.4
12-Aug-23 7:05 AM ICT,0.5
12-Aug-23 7:10 AM ICT,0.7
12-Aug-23 7:15 AM ICT,0.5
12-Aug-23 7:20 AM ICT,0.4
12-Aug-23 7:25 AM ICT,0.6
12-Aug-23 7:30 AM ICT,1.4
12-Aug-23 7:35 AM ICT,1.1
12-Aug-23 7:40 AM ICT,0.9
12-Aug-23 7:45 AM ICT,1.1
12-Aug-23 7:50 AM ICT,0.9
12-Aug-23 7:55 AM ICT,0.9
12-Aug-23 8:00 AM ICT,0.9
12-Aug-23 8:05 AM ICT,2.4
12-Aug-23 8:10 AM ICT,6.5
12-Aug-23 8:15 AM ICT,3.1
12-Aug-23 8:20 AM ICT,6.4
12-Aug-23 8:25 AM ICT,3.8
12-Aug-23 8:30 AM ICT,4.1
12-Aug-23 8:35 AM ICT,4.6
12-Aug-23 8:40 AM ICT,6.9
12-Aug-23 8:45 AM ICT,4.9
12-Aug-23 8:50 AM ICT,5.0
12-Aug-23 8:55 AM ICT,4.1
12-Aug-23 9:00 AM ICT,5.7
12-Aug-23 9:05 AM ICT,6.7
12-Aug-23 9:10 AM ICT,5.2
12-Aug-23 9:15 AM ICT,6.1
12-Aug-23 9:20 AM ICT,6.4
12-Aug-23 9:25 AM ICT,5.6
12-Aug-23 9:30 AM ICT,7.8
12-Aug-23 9:35 AM ICT,4.7
12-Aug-23 9:40 AM ICT,8.1
12-Aug-23 9:45 AM ICT,6.1
12-Aug-23 9:50 AM ICT,7.1
12-Aug-23 9:55 AM ICT,6.8
12-Aug-23 10:00 AM ICT,5.0
12-Aug-23 10:05 AM ICT,4.2
12-Aug-23 10:10 AM ICT,5.5
12-Aug-23 10:15 AM ICT,12.7
12-Aug-23 10:20 AM ICT,7.1
12-Aug-23 10:25 AM ICT,3.9
12-Aug-23 10:30 AM ICT,5.3
12-Aug-23 10:35 AM ICT,6.3
12-Aug-23 10:40 AM ICT,6.3
12-Aug-23 10:45 AM ICT,3.3
12-Aug-23 10:50 AM ICT,6.1
12-Aug-23 10:55 AM ICT,5.5
12-Aug-23 11:00 AM ICT,8.7
12-Aug-23 11:05 AM ICT,3.9
12-Aug-23 11:10 AM ICT,5.5
12-Aug-23 11:15 AM ICT,6.3
12-Aug-23 11:20 AM ICT,4.6
12-Aug-23 11:25 AM ICT,9.0
12-Aug-23 11:30 AM ICT,6.0
12-Aug-23 11:35 AM ICT,5.0
12-Aug-23 11:40 AM ICT,8.2
12-Aug-23 11:45 AM ICT,3.4
12-Aug-23 11:50 AM ICT,1.2
12-Aug-23 11:55 AM ICT,1.2
12-Aug-23 12:00 PM ICT,1.1
12-Aug-23 12:05 PM ICT,1.3
12-Aug-23 12:10 PM ICT,1.1
12-Aug-23 12:15 PM ICT,1.1
12-Aug-23 12:20 PM ICT,1.2
12-Aug-23 12:25 PM ICT,1.4
12-Aug-23 12:30 PM ICT,2.1
12-Aug-23 12:35 PM ICT,1.8
12-Aug-23 12:40 PM ICT,3.9
12-Aug-23 12:45 PM ICT,4.0
12-Aug-23 12:50 PM ICT,4.0
12-Aug-23 12:55 PM ICT,3.9
12-Aug-23 1:00 PM ICT,4.5
12-Aug-23 1:05 PM ICT,5.4
12-Aug-23 1:10 PM ICT,7.0
12-Aug-23 1:15 PM ICT,8.4
12-Aug-23 1:20 PM ICT,7.3
12-Aug-23 1:25 PM ICT,6.9
12-Aug-23 1:30 PM ICT,8.6
12-Aug-23 1:35 PM ICT,8.8
12-Aug-23 1:40 PM ICT,8.6
12-Aug-23 1:45 PM ICT,8.3
12-Aug-23 1:50 PM ICT,7.1
12-Aug-23 1:55 PM ICT,9.7
12-Aug-23 2:00 PM ICT,7.2
12-Aug-23 2:05 PM ICT,6.7
12-Aug-23 2:10 PM ICT,13.1
12-Aug-23 2:15 PM ICT,7.1
12-Aug-23 2:20 PM ICT,7.5
12-Aug-23 2:25 PM ICT,10.8
12-Aug-23 2:30 PM ICT,7.2
12-Aug-23 2:35 PM ICT,9.9
12-Aug-23 2:40 PM ICT,9.8
12-Aug-23 2:45 PM ICT,7.1
12-Aug-23 2:50 PM ICT,7.7
12-Aug-23 2:55 PM ICT,7.6
12-Aug-23 3:00 PM ICT,6.6
12-Aug-23 3:05 PM ICT,5.1
12-Aug-23 3:10 PM ICT,5.6
12-Aug-23 3:15 PM ICT,8.8
12-Aug-23 3:20 PM ICT,7.4
12-Aug-23 3:25 PM ICT,9.6
12-Aug-23 3:30 PM ICT,10.2
12-Aug-23 3:35 PM ICT,8.5
12-Aug-23 3:40 PM ICT,6.7
12-Aug-23 3:45 PM ICT,5.2
12-Aug-23 3:50 PM ICT,4.8
12-Aug-23 3:55 PM ICT,3.2
12-Aug-23 4:00 PM ICT,4.3
12-Aug-23 4:05 PM ICT,3.1
12-Aug-23 4:10 PM ICT,2.5
12-Aug-23 4:15 PM ICT,2.7
12-Aug-23 4:20 PM ICT,1.9
12-Aug-23 4:25 PM ICT,3.0
12-Aug-23 4:30 PM ICT,3.2
12-Aug-23 4:35 PM ICT,4.4
12-Aug-23 4:40 PM ICT,6.7
12-Aug-23 4:45 PM ICT,0.8
12-Aug-23 4:50 PM ICT,0.6
12-Aug-23 4:55 PM ICT,0.6
12-Aug-23 5:00 PM ICT,0.7
12-Aug-23 5:05 PM ICT,0.3
12-Aug-23 5:10 PM ICT,0.3
12-Aug-23 5:15 PM ICT,0.6
12-Aug-23 5:20 PM ICT,0.4
12-Aug-23 5:25 PM ICT,0.4
12-Aug-23 5:30 PM ICT,0.6
12-Aug-23 5:35 PM ICT,0.3
12-Aug-23 5:40 PM ICT,0.3
12-Aug-23 5:45 PM ICT,0.6
12-Aug-23 5:50 PM ICT,0.3
12-Aug-23 5:55 PM ICT,1.0
12-Aug-23 6:00 PM ICT,1.3
12-Aug-23 6:05 PM ICT,1.1
12-Aug-23 6:10 PM ICT,1.2
12-Aug-23 6:15 PM ICT,1.2
12-Aug-23 6:20 PM ICT,1.4
12-Aug-23 6:25 PM ICT,1.2
12-Aug-23 6:30 PM ICT,1.2
12-Aug-23 6:35 PM ICT,1.3
12-Aug-23 6:40 PM ICT,1.1
12-Aug-23 6:45 PM ICT,1.2
12-Aug-23 6:50 PM ICT,1.4
12-Aug-23 6:55 PM ICT,1.6
12-Aug-23 7:00 PM ICT,1.4
12-Aug-23 7:05 PM ICT,1.4
12-Aug-23 7:10 PM ICT,1.5
12-Aug-23 7:15 PM ICT,1.5
12-Aug-23 7:20 PM ICT,1.3
12-Aug-23 7:25 PM ICT,1.3
12-Aug-23 7:30 PM ICT,1.5
12-Aug-23 7:35 PM ICT,1.4
12-Aug-23 7:40 PM ICT,1.4
12-Aug-23 7:45 PM ICT,1.6
12-Aug-23 7:50 PM ICT,1.4
12-Aug-23 7:55 PM ICT,1.4
12-Aug-23 8:00 PM ICT,1.3
12-Aug-23 8:05 PM ICT,1.3
12-Aug-23 8:10 PM ICT,1.1
12-Aug-23 8:15 PM ICT,1.1
12-Aug-23 8:20 PM ICT,1.4
12-Aug-23 8:25 PM ICT,0.8
12-Aug-23 8:30 PM ICT,0.8
12-Aug-23 8:35 PM ICT,1.0
12-Aug-23 8:40 PM ICT,0.7
12-Aug-23 8:45 PM ICT,0.7
12-Aug-23 8:50 PM ICT,0.7
12-Aug-23 8:55 PM ICT,0.8
12-Aug-23 9:00 PM ICT,0.7
12-Aug-23 9:05 PM ICT,0.7
12-Aug-23 9:10 PM ICT,1.0
12-Aug-23 9:15 PM ICT,0.8
12-Aug-23 9:20 PM ICT,0.8
12-Aug-23 9:25 PM ICT,0.8
12-Aug-23 9:30 PM ICT,1.0
12-Aug-23 9:35 PM ICT,0.8
12-Aug-23 9:40 PM ICT,0.7
12-Aug-23 9:45 PM ICT,0.7
12-Aug-23 9:50 PM ICT,1.0
12-Aug-23 9:55 PM ICT,0.8
12-Aug-23 10:00 PM ICT,0.8
12-Aug-23 10:05 PM ICT,0.8
12-Aug-23 10:10 PM ICT,0.9
12-Aug-23 10:15 PM ICT,0.9
12-Aug-23 10:20 PM ICT,0.8
12-Aug-23 10:25 PM ICT,0.7
12-Aug-23 10:30 PM ICT,0.8
12-Aug-23 10:35 PM ICT,0.9
12-Aug-23 10:40 PM ICT,0.8
12-Aug-23 10:45 PM ICT,0.9
12-Aug-23 10:50 PM ICT,0.9
12-Aug-23 10:55 PM ICT,0.8
12-Aug-23 11:00 PM ICT,0.8
12-Aug-23 11:05 PM ICT,1.0
12-Aug-23 11:10 PM ICT,0.7
12-Aug-23 11:15 PM ICT,0.7
12-Aug-23 11:20 PM ICT,0.8
12-Aug-23 11:25 PM ICT,1.0
12-Aug-23 11:30 PM ICT,0.8
12-Aug-23 11:35 PM ICT,0.8
12-Aug-23 11:40 PM ICT,0.9
12-Aug-23 11:45 PM ICT,0.8
12-Aug-23 11:50 PM ICT,0.6
12-Aug-23 11:55 PM ICT,0.5
13-Aug-23 12:00 AM ICT,0.7
13-Aug-23 12:05 AM ICT,0.6
13-Aug-23 12:10 AM ICT,0.6
13-Aug-23 12:15 AM ICT,0.7
13-Aug-23 12:20 AM ICT,0.8
13-Aug-23 12:25 AM ICT,0.6
13-Aug-23 12:30 AM ICT,0.6
13-Aug-23 12:35 AM ICT,0.8
13-Aug-23 12:40 AM ICT,0.6
13-Aug-23 12:45 AM ICT,0.6
13-Aug-23 12:50 AM ICT,0.7
13-Aug-23 12:55 AM ICT,0.9
13-Aug-23 1:00 AM ICT,0.7
13-Aug-23 1:05 AM ICT,0.7
13-Aug-23 1:10 AM ICT,0.8
13-Aug-23 1:15 AM ICT,0.8
13-Aug-23 1:20 AM ICT,0.6
13-Aug-23 1:25 AM ICT,0.6
13-Aug-23 1:30 AM ICT,0.8
13-Aug-23 1:35 AM ICT,0.7
13-Aug-23 1:40 AM ICT,0.7
13-Aug-23 1:45 AM ICT,0.7
13-Aug-23 1:50 AM ICT,0.9
13-Aug-23 1:55 AM ICT,0.7
13-Aug-23 2:00 AM ICT,0.6
13-Aug-23 2:05 AM ICT,0.6
13-Aug-23 2:10 AM ICT,0.8
13-Aug-23 2:15 AM ICT,0.7
13-Aug-23 2:20 AM ICT,0.7
13-Aug-23 2:25 AM ICT,0.7
13-Aug-23 2:30 AM ICT,0.9
13-Aug-23 2:35 AM ICT,0.7
13-Aug-23 2:40 AM ICT,0.6
13-Aug-23 2:45 AM ICT,0.6
13-Aug-23 2:50 AM ICT,0.7
13-Aug-23 2:55 AM ICT,0.7
13-Aug-23 3:00 AM ICT,0.7
13-Aug-23 3:05 AM ICT,0.7
13-Aug-23 3:10 AM ICT,0.9
13-Aug-23 3:15 AM ICT,0.7
13-Aug-23 3:20 AM ICT,0.6
13-Aug-23 3:25 AM ICT,0.7
13-Aug-23 3:30 AM ICT,0.9
13-Aug-23 3:35 AM ICT,0.7
13-Aug-23 3:40 AM ICT,0.7
13-Aug-23 3:45 AM ICT,0.7
13-Aug-23 3:50 AM ICT,0.9
13-Aug-23 3:55 AM ICT,0.7
13-Aug-23 4:00 AM ICT,0.7
13-Aug-23 4:05 AM ICT,0.9
13-Aug-23 4:10 AM ICT,0.7
13-Aug-23 4:15 AM ICT,0.7
13-Aug-23 4:20 AM ICT,0.9
13-Aug-23 4:25 AM ICT,0.7
13-Aug-23 4:30 AM ICT,0.6
13-Aug-23 4:35 AM ICT,0.5
13-Aug-23 4:40 AM ICT,0.9
13-Aug-23 4:45 AM ICT,0.6
13-Aug-23 4:50 AM ICT,0.6
13-Aug-23 4:55 AM ICT,0.7
13-Aug-23 5:00 AM ICT,0.7
13-Aug-23 5:05 AM ICT,0.6
13-Aug-23 5:10 AM ICT,0.8
13-Aug-23 5:15 AM ICT,0.5
13-Aug-23 5:20 AM ICT,0.5
13-Aug-23 5:25 AM ICT,0.6
13-Aug-23 5:30 AM ICT,0.7
13-Aug-23 5:35 AM ICT,0.4
13-Aug-23 5:40 AM ICT,0.4
13-Aug-23 5:45 AM ICT,0.6
13-Aug-23 5:50 AM ICT,0.4
13-Aug-23 5:55 AM ICT,0.4
13-Aug-23 6:00 AM ICT,0.3
13-Aug-23 6:05 AM ICT,0.5
13-Aug-23 6:10 AM ICT,0.4
13-Aug-23 6:15 AM ICT,0.4
13-Aug-23 6:20 AM ICT,0.6
13-Aug-23 6:25 AM ICT,0.4
13-Aug-23 6:30 AM ICT,0.4
13-Aug-23 6:35 AM ICT,0.6
13-Aug-23 6:40 AM ICT,0.3
13-Aug-23 6:45 AM ICT,0.3
13-Aug-23 6:50 AM ICT,0.4
13-Aug-23 6:55 AM ICT,0.6
13-Aug-23 7:00 AM ICT,0.4
13-Aug-23 7:05 AM ICT,0.4
13-Aug-23 7:10 AM ICT,0.6
13-Aug-23 7:15 AM ICT,0.4
13-Aug-23 7:20 AM ICT,0.4
13-Aug-23 7:25 AM ICT,0.3
13-Aug-23 7:30 AM ICT,0.6
13-Aug-23 7:35 AM ICT,0.5
13-Aug-23 7:40 AM ICT,0.4
13-Aug-23 7:45 AM ICT,0.5
13-Aug-23 7:50 AM ICT,0.5
13-Aug-23 7:55 AM ICT,0.4
13-Aug-23 8:00 AM ICT,0.4
13-Aug-23 8:05 AM ICT,0.5
13-Aug-23 8:10 AM ICT,0.3
13-Aug-23 8:15 AM ICT,0.5
13-Aug-23 8:20 AM ICT,0.6
13-Aug-23 8:25 AM ICT,0.4
13-Aug-23 8:30 AM ICT,0.5
13-Aug-23 8:35 AM ICT,0.7
13-Aug-23 8:40 AM ICT,0.4
13-Aug-23 8:45 AM ICT,0.4
13-Aug-23 8:50 AM ICT,0.3
13-Aug-23 8:55 AM ICT,1.7
13-Aug-23 9:00 AM ICT,2.1
13-Aug-23 9:05 AM ICT,2.1
13-Aug-23 9:10 AM ICT,2.3
13-Aug-23 9:15 AM ICT,2.2
13-Aug-23 9:20 AM ICT,2.2
13-Aug-23 9:25 AM ICT,2.4
13-Aug-23 9:30 AM ICT,2.1
13-Aug-23 9:35 AM ICT,2.1
13-Aug-23 9:40 AM ICT,2.3
13-Aug-23 9:45 AM ICT,2.4
13-Aug-23 9:50 AM ICT,2.4
13-Aug-23 9:55 AM ICT,2.3
13-Aug-23 10:00 AM ICT,2.4
13-Aug-23 10:05 AM ICT,2.4
13-Aug-23 10:10 AM ICT,2.1
13-Aug-23 10:15 AM ICT,2.3
13-Aug-23 10:20 AM ICT,2.0
13-Aug-23 10:25 AM ICT,2.1
13-Aug-23 10:30 AM ICT,2.3
13-Aug-23 10:35 AM ICT,2.3
13-Aug-23 10:40 AM ICT,1.9
13-Aug-23 10:45 AM ICT,0.4
13-Aug-23 10:50 AM ICT,0.6
13-Aug-23 10:55 AM ICT,0.3
13-Aug-23 11:00 AM ICT,0.3
13-Aug-23 11:05 AM ICT,0.4
13-Aug-23 11:10 AM ICT,0.7
13-Aug-23 11:15 AM ICT,0.4
13-Aug-23 11:20 AM ICT,0.4
13-Aug-23 11:25 AM ICT,0.4
13-Aug-23 11:30 AM ICT,0.7
13-Aug-23 11:35 AM ICT,0.4
13-Aug-23 11:40 AM ICT,0.3
13-Aug-23 11:45 AM ICT,0.4
13-Aug-23 11:50 AM ICT,0.7
13-Aug-23 11:55 AM ICT,0.4
13-Aug-23 12:00 PM ICT,0.4
13-Aug-23 12:05 PM ICT,0.4
13-Aug-23 12:10 PM ICT,0.7
13-Aug-23 12:15 PM ICT,0.4
13-Aug-23 12:20 PM ICT,0.3
13-Aug-23 12:25 PM ICT,0.3
13-Aug-23 12:30 PM ICT,0.6
13-Aug-23 12:35 PM ICT,0.4
13-Aug-23 12:40 PM ICT,0.4
13-Aug-23 12:45 PM ICT,0.4
13-Aug-23 12:50 PM ICT,0.6
13-Aug-23 12:55 PM ICT,0.4
13-Aug-23 1:00 PM ICT,0.4
13-Aug-23 1:05 PM ICT,0.3
13-Aug-23 1:10 PM ICT,0.5
13-Aug-23 1:15 PM ICT,0.4
13-Aug-23 1:20 PM ICT,0.4
13-Aug-23 1:25 PM ICT,0.4
13-Aug-23 1:30 PM ICT,0.6
13-Aug-23 1:35 PM ICT,0.4
13-Aug-23 1:40 PM ICT,0.4
13-Aug-23 1:45 PM ICT,0.3
13-Aug-23 1:50 PM ICT,0.5
13-Aug-23 1:55 PM ICT,0.2
13-Aug-23 2:00 PM ICT,0.3
13-Aug-23 2:05 PM ICT,0.3
13-Aug-23 2:10 PM ICT,0.5
13-Aug-23 2:15 PM ICT,0.3
13-Aug-23 2:20 PM ICT,0.3
13-Aug-23 2:25 PM ICT,0.5
13-Aug-23 2:30 PM ICT,0.3
13-Aug-23 2:35 PM ICT,0.2
13-Aug-23 2:40 PM ICT,0.2
13-Aug-23 2:45 PM ICT,0.5
13-Aug-23 2:50 PM ICT,0.4
13-Aug-23 2:55 PM ICT,0.3
13-Aug-23 3:00 PM ICT,0.6
13-Aug-23 3:05 PM ICT,0.4
13-Aug-23 3:10 PM ICT,0.4
13-Aug-23 3:15 PM ICT,0.6
13-Aug-23 3:20 PM ICT,0.3
13-Aug-23 3:25 PM ICT,0.2
13-Aug-23 3:30 PM ICT,0.4
13-Aug-23 3:35 PM ICT,0.5
13-Aug-23 3:40 PM ICT,0.4
13-Aug-23 3:45 PM ICT,0.4
13-Aug-23 3:50 PM ICT,0.5
13-Aug-23 3:55 PM ICT,0.4
13-Aug-23 4:00 PM ICT,0.4
13-Aug-23 4:05 PM ICT,0.5
13-Aug-23 4:10 PM ICT,0.2
13-Aug-23 4:15 PM ICT,0.3
13-Aug-23 4:20 PM ICT,0.6
13-Aug-23 4:25 PM ICT,0.4
13-Aug-23 4:30 PM ICT,0.3
13-Aug-23 4:35 PM ICT,0.5
13-Aug-23 4:40 PM ICT,0.4
13-Aug-23 4:45 PM ICT,0.4
13-Aug-23 4:50 PM ICT,0.3
13-Aug-23 4:55 PM ICT,0.5
13-Aug-23 5:00 PM ICT,0.3
13-Aug-23 5:05 PM ICT,0.9
13-Aug-23 5:10 PM ICT,1.2
13-Aug-23 5:15 PM ICT,0.9
13-Aug-23 5:20 PM ICT,0.9
13-Aug-23 5:25 PM ICT,1.2
13-Aug-23 5:30 PM ICT,1.2
13-Aug-23 5:35 PM ICT,1.1
13-Aug-23 5:40 PM ICT,1.2
13-Aug-23 5:45 PM ICT,1.1
13-Aug-23 5:50 PM ICT,1.2
13-Aug-23 5:55 PM ICT,1.2
13-Aug-23 6:00 PM ICT,1.4
13-Aug-23 6:05 PM ICT,1.1
13-Aug-23 6:10 PM ICT,1.2
13-Aug-23 6:15 PM ICT,1.6
13-Aug-23 6:20 PM ICT,1.4
13-Aug-23 6:25 PM ICT,1.4
13-Aug-23 6:30 PM ICT,1.4
13-Aug-23 6:35 PM ICT,1.3
13-Aug-23 6:40 PM ICT,1.2
13-Aug-23 6:45 PM ICT,1.2
13-Aug-23 6:50 PM ICT,1.4
13-Aug-23 6:55 PM ICT,1.2
13-Aug-23 7:00 PM ICT,1.1
13-Aug-23 7:05 PM ICT,1.1
13-Aug-23 7:10 PM ICT,1.3
13-Aug-23 7:15 PM ICT,1.1
13-Aug-23 7:20 PM ICT,1.1
13-Aug-23 7:25 PM ICT,1.2
13-Aug-23 7:30 PM ICT,1.3
13-Aug-23 7:35 PM ICT,1.2
13-Aug-23 7:40 PM ICT,1.2
13-Aug-23 7:45 PM ICT,1.4
13-Aug-23 7:50 PM ICT,1.3
13-Aug-23 7:55 PM ICT,1.2
13-Aug-23 8:00 PM ICT,1.2
13-Aug-23 8:05 PM ICT,1.3
13-Aug-23 8:10 PM ICT,1.3
13-Aug-23 8:15 PM ICT,1.2
13-Aug-23 8:20 PM ICT,1.2
13-Aug-23 8:25 PM ICT,1.3
13-Aug-23 8:30 PM ICT,1.5
13-Aug-23 8:35 PM ICT,1.3
13-Aug-23 8:40 PM ICT,1.3
13-Aug-23 8:45 PM ICT,0.9
13-Aug-23 8:50 PM ICT,0.7
13-Aug-23 8:55 PM ICT,0.6
13-Aug-23 9:00 PM ICT,0.6
13-Aug-23 9:05 PM ICT,0.9
13-Aug-23 9:10 PM ICT,0.7
13-Aug-23 9:15 PM ICT,0.7
13-Aug-23 9:20 PM ICT,0.7
13-Aug-23 9:25 PM ICT,1.0
13-Aug-23 9:30 PM ICT,0.7
13-Aug-23 9:35 PM ICT,0.7
13-Aug-23 9:40 PM ICT,0.6
13-Aug-23 9:45 PM ICT,0.9
13-Aug-23 9:50 PM ICT,0.7
13-Aug-23 9:55 PM ICT,0.7
13-Aug-23 10:00 PM ICT,0.7
13-Aug-23 10:05 PM ICT,0.9
13-Aug-23 10:10 PM ICT,0.7
13-Aug-23 10:15 PM ICT,0.7
13-Aug-23 10:20 PM ICT,0.7
13-Aug-23 10:25 PM ICT,0.8
13-Aug-23 10:30 PM ICT,0.7
13-Aug-23 10:35 PM ICT,0.7
13-Aug-23 10:40 PM ICT,0.9
13-Aug-23 10:45 PM ICT,0.8
13-Aug-23 10:50 PM ICT,0.7
13-Aug-23 10:55 PM ICT,0.7
13-Aug-23 11:00 PM ICT,0.9
13-Aug-23 11:05 PM ICT,0.6
13-Aug-23 11:10 PM ICT,0.6
13-Aug-23 11:15 PM ICT,0.7
13-Aug-23 11:20 PM ICT,0.9
13-Aug-23 11:25 PM ICT,0.7
13-Aug-23 11:30 PM ICT,0.7
13-Aug-23 11:35 PM ICT,0.9
13-Aug-23 11:40 PM ICT,0.7
13-Aug-23 11:45 PM ICT,0.6
13-Aug-23 11:50 PM ICT,0.6
13-Aug-23 11:55 PM ICT,0.8
14-Aug-23 12:00 AM ICT,0.7
14-Aug-23 12:05 AM ICT,0.7
14-Aug-23 12:10 AM ICT,0.7
14-Aug-23 12:15 AM ICT,0.8
14-Aug-23 12:20 AM ICT,0.7
14-Aug-23 12:25 AM ICT,0.7
14-Aug-23 12:30 AM ICT,0.8
14-Aug-23 12:35 AM ICT,0.5
14-Aug-23 12:40 AM ICT,0.6
14-Aug-23 12:45 AM ICT,0.7
14-Aug-23 12:50 AM ICT,0.7
14-Aug-23 12:55 AM ICT,0.9
14-Aug-23 1:00 AM ICT,0.7
14-Aug-23 1:05 AM ICT,0.7
14-Aug-23 1:10 AM ICT,0.9
14-Aug-23 1:15 AM ICT,0.6
14-Aug-23 1:20 AM ICT,0.6
14-Aug-23 1:25 AM ICT,0.7
14-Aug-23 1:30 AM ICT,1.0
14-Aug-23 1:35 AM ICT,0.7
14-Aug-23 1:40 AM ICT,0.7
14-Aug-23 1:45 AM ICT,0.7
14-Aug-23 1:50 AM ICT,0.8
14-Aug-23 1:55 AM ICT,0.7
14-Aug-23 2:00 AM ICT,0.6
14-Aug-23 2:05 AM ICT,0.7
14-Aug-23 2:10 AM ICT,0.9
14-Aug-23 2:15 AM ICT,0.7
14-Aug-23 2:20 AM ICT,0.7
14-Aug-23 2:25 AM ICT,0.7
14-Aug-23 2:30 AM ICT,0.9
14-Aug-23 2:35 AM ICT,0.7
14-Aug-23 2:40 AM ICT,0.6
14-Aug-23 2:45 AM ICT,0.8
14-Aug-23 2:50 AM ICT,0.7
14-Aug-23 2:55 AM ICT,0.7
14-Aug-23 3:00 AM ICT,0.9
14-Aug-23 3:05 AM ICT,0.7
14-Aug-23 3:10 AM ICT,0.7
14-Aug-23 3:15 AM ICT,0.7
14-Aug-23 3:20 AM ICT,0.8
14-Aug-23 3:25 AM ICT,0.6
14-Aug-23 3:30 AM ICT,0.7
14-Aug-23 3:35 AM ICT,0.7
14-Aug-23 3:40 AM ICT,0.9
14-Aug-23 3:45 AM ICT,0.7
14-Aug-23 3:50 AM ICT,0.7
14-Aug-23 3:55 AM ICT,0.7
14-Aug-23 4:00 AM ICT,0.8
14-Aug-23 4:05 AM ICT,0.6
14-Aug-23 4:10 AM ICT,0.6
14-Aug-23 4:15 AM ICT,0.8
14-Aug-23 4:20 AM ICT,0.8
14-Aug-23 4:25 AM ICT,0.7
14-Aug-23 4:30 AM ICT,0.7
14-Aug-23 4:35 AM ICT,0.9
14-Aug-23 4:40 AM ICT,0.7
14-Aug-23 4:45 AM ICT,0.6
14-Aug-23 4:50 AM ICT,0.8
14-Aug-23 4:55 AM ICT,0.7
14-Aug-23 5:00 AM ICT,0.7
14-Aug-23 5:05 AM ICT,0.7
14-Aug-23 5:10 AM ICT,0.9
14-Aug-23 5:15 AM ICT,0.7
14-Aug-23 5:20 AM ICT,0.6
14-Aug-23 5:25 AM ICT,0.7
14-Aug-23 5:30 AM ICT,0.4
14-Aug-23 5:35 AM ICT,0.5
14-Aug-23 5:40 AM ICT,0.5
14-Aug-23 5:45 AM ICT,0.6
14-Aug-23 5:50 AM ICT,0.4
14-Aug-23 5:55 AM ICT,0.4
14-Aug-23 6:00 AM ICT,0.4
14-Aug-23 6:05 AM ICT,0.5
14-Aug-23 6:10 AM ICT,0.3
14-Aug-23 6:15 AM ICT,0.4
14-Aug-23 6:20 AM ICT,0.6
14-Aug-23 6:25 AM ICT,0.4
14-Aug-23 6:30 AM ICT,0.4
14-Aug-23 6:35 AM ICT,0.4
14-Aug-23 6:40 AM ICT,0.6
14-Aug-23 6:45 AM ICT,0.3
14-Aug-23 6:50 AM ICT,0.3
14-Aug-23 6:55 AM ICT,0.4
14-Aug-23 7:00 AM ICT,0.6
14-Aug-23 7:05 AM ICT,0.4
14-Aug-23 7:10 AM ICT,0.5
14-Aug-23 7:15 AM ICT,0.7
14-Aug-23 7:20 AM ICT,0.5
14-Aug-23 7:25 AM ICT,0.4
14-Aug-23 7:30 AM ICT,0.4
14-Aug-23 7:35 AM ICT,0.7
14-Aug-23 7:40 AM ICT,0.5
14-Aug-23 7:45 AM ICT,0.5
14-Aug-23 7:50 AM ICT,0.5
14-Aug-23 7:55 AM ICT,0.7
14-Aug-23 8:00 AM ICT,0.5
14-Aug-23 8:05 AM ICT,0.6
14-Aug-23 8:10 AM ICT,0.7
14-Aug-23 8:15 AM ICT,1.0
14-Aug-23 8:20 AM ICT,0.9
14-Aug-23 8:25 AM ICT,6.3
14-Aug-23 8:30 AM ICT,5.7
14-Aug-23 8:35 AM ICT,9.3
14-Aug-23 8:40 AM ICT,7.3
14-Aug-23 8:45 AM ICT,9.4
14-Aug-23 8:50 AM ICT,11.9
14-Aug-23 8:55 AM ICT,8.2
14-Aug-23 9:00 AM ICT,6.2
14-Aug-23 9:05 AM ICT,6.4
14-Aug-23 9:10 AM ICT,7.1
14-Aug-23 9:15 AM ICT,8.5
14-Aug-23 9:20 AM ICT,8.1
14-Aug-23 9:25 AM ICT,10.3
14-Aug-23 9:30 AM ICT,8.2
14-Aug-23 9:35 AM ICT,7.6
14-Aug-23 9:40 AM ICT,9.4
14-Aug-23 9:45 AM ICT,11.4
14-Aug-23 9:50 AM ICT,9.2
14-Aug-23 9:55 AM ICT,10.3
14-Aug-23 10:00 AM ICT,8.7
14-Aug-23 10:05 AM ICT,7.6
14-Aug-23 10:10 AM ICT,8.4
14-Aug-23 10:15 AM ICT,8.5
14-Aug-23 10:20 AM ICT,9.2
14-Aug-23 10:25 AM ICT,9.4
14-Aug-23 10:30 AM ICT,10.4
14-Aug-23 10:35 AM ICT,9.3
14-Aug-23 10:40 AM ICT,12.8
14-Aug-23 10:45 AM ICT,10.6
14-Aug-23 10:50 AM ICT,9.5
14-Aug-23 10:55 AM ICT,7.2
14-Aug-23 11:00 AM ICT,7.3
14-Aug-23 11:05 AM ICT,7.9
14-Aug-23 11:10 AM ICT,9.6
14-Aug-23 11:15 AM ICT,8.3
14-Aug-23 11:20 AM ICT,9.4
14-Aug-23 11:25 AM ICT,10.1
14-Aug-23 11:30 AM ICT,8.9
14-Aug-23 11:35 AM ICT,6.5
14-Aug-23 11:40 AM ICT,8.9
14-Aug-23 11:45 AM ICT,6.8
14-Aug-23 11:50 AM ICT,5.8
14-Aug-23 11:55 AM ICT,4.9
14-Aug-23 12:00 PM ICT,4.8
14-Aug-23 12:05 PM ICT,5.0
14-Aug-23 12:10 PM ICT,6.2
14-Aug-23 12:15 PM ICT,5.0
14-Aug-23 12:20 PM ICT,5.4
14-Aug-23 12:25 PM ICT,5.2
14-Aug-23 12:30 PM ICT,5.1
14-Aug-23 12:35 PM ICT,4.5
14-Aug-23 12:40 PM ICT,4.2
14-Aug-23 12:45 PM ICT,4.1
14-Aug-23 12:50 PM ICT,4.4
14-Aug-23 12:55 PM ICT,5.4
14-Aug-23 1:00 PM ICT,5.2
14-Aug-23 1:05 PM ICT,5.5
14-Aug-23 1:10 PM ICT,7.1
14-Aug-23 1:15 PM ICT,8.0
14-Aug-23 1:20 PM ICT,9.2
14-Aug-23 1:25 PM ICT,10.2
14-Aug-23 1:30 PM ICT,8.2
14-Aug-23 1:35 PM ICT,7.2
14-Aug-23 1:40 PM ICT,7.9
14-Aug-23 1:45 PM ICT,7.7
14-Aug-23 1:50 PM ICT,7.2
14-Aug-23 1:55 PM ICT,8.7
14-Aug-23 2:00 PM ICT,9.7
14-Aug-23 2:05 PM ICT,10.3
14-Aug-23 2:10 PM ICT,10.1
14-Aug-23 2:15 PM ICT,6.9
14-Aug-23 2:20 PM ICT,5.4
14-Aug-23 2:25 PM ICT,9.0
14-Aug-23 2:30 PM ICT,7.7
14-Aug-23 2:35 PM ICT,7.9
14-Aug-23 2:40 PM ICT,8.7
14-Aug-23 2:45 PM ICT,7.9
14-Aug-23 2:50 PM ICT,8.1
14-Aug-23 2:55 PM ICT,7.2
14-Aug-23 3:00 PM ICT,8.6
14-Aug-23 3:05 PM ICT,6.6
14-Aug-23 3:10 PM ICT,10.2
14-Aug-23 3:15 PM ICT,8.0
14-Aug-23 3:20 PM ICT,9.0
14-Aug-23 3:25 PM ICT,9.4
14-Aug-23 3:30 PM ICT,8.9
14-Aug-23 3:35 PM ICT,7.6
14-Aug-23 3:40 PM ICT,9.0
14-Aug-23 3:45 PM ICT,7.2
14-Aug-23 3:50 PM ICT,9.1
14-Aug-23 3:55 PM ICT,7.9
14-Aug-23 4:00 PM ICT,10.3
14-Aug-23 4:05 PM ICT,8.5
14-Aug-23 4:10 PM ICT,7.9
14-Aug-23 4:15 PM ICT,6.2
14-Aug-23 4:20 PM ICT,6.2
14-Aug-23 4:25 PM ICT,5.4
14-Aug-23 4:30 PM ICT,4.5
14-Aug-23 4:35 PM ICT,5.6
14-Aug-23 4:40 PM ICT,7.5
14-Aug-23 4:45 PM ICT,5.2
14-Aug-23 4:50 PM ICT,4.9
14-Aug-23 4:55 PM ICT,1.7
14-Aug-23 5:00 PM ICT,0.9
14-Aug-23 5:05 PM ICT,0.5
14-Aug-23 5:10 PM ICT,0.5
14-Aug-23 5:15 PM ICT,0.6
14-Aug-23 5:20 PM ICT,0.4
14-Aug-23 5:25 PM ICT,0.6
14-Aug-23 5:30 PM ICT,1.1
14-Aug-23 5:35 PM ICT,1.3
14-Aug-23 5:40 PM ICT,1.2
14-Aug-23 5:45 PM ICT,1.3
14-Aug-23 5:50 PM ICT,1.5
14-Aug-23 5:55 PM ICT,1.3
14-Aug-23 6:00 PM ICT,1.3
14-Aug-23 6:05 PM ICT,1.3
14-Aug-23 6:10 PM ICT,1.6
14-Aug-23 6:15 PM ICT,1.3
14-Aug-23 6:20 PM ICT,1.3
14-Aug-23 6:25 PM ICT,1.4
14-Aug-23 6:30 PM ICT,1.2
14-Aug-23 6:35 PM ICT,1.2
14-Aug-23 6:40 PM ICT,1.4
14-Aug-23 6:45 PM ICT,1.2
14-Aug-23 6:50 PM ICT,1.2
14-Aug-23 6:55 PM ICT,1.4
14-Aug-23 7:00 PM ICT,1.2
14-Aug-23 7:05 PM ICT,1.2
14-Aug-23 7:10 PM ICT,1.3
14-Aug-23 7:15 PM ICT,1.3
14-Aug-23 7:20 PM ICT,1.3
14-Aug-23 7:25 PM ICT,1.4
14-Aug-23 7:30 PM ICT,1.4
14-Aug-23 7:35 PM ICT,1.2
14-Aug-23 7:40 PM ICT,1.2
14-Aug-23 7:45 PM ICT,1.3
14-Aug-23 7:50 PM ICT,1.6
14-Aug-23 7:55 PM ICT,1.1
14-Aug-23 8:00 PM ICT,1.1
14-Aug-23 8:05 PM ICT,1.3
14-Aug-23 8:10 PM ICT,1.1
14-Aug-23 8:15 PM ICT,1.1
14-Aug-23 8:20 PM ICT,1.4
14-Aug-23 8:25 PM ICT,1.1
14-Aug-23 8:30 PM ICT,0.6
14-Aug-23 8:35 PM ICT,0.6
14-Aug-23 8:40 PM ICT,0.8
14-Aug-23 8:45 PM ICT,0.5
14-Aug-23 8:50 PM ICT,0.5
14-Aug-23 8:55 PM ICT,0.7
14-Aug-23 9:00 PM ICT,0.6
14-Aug-23 9:05 PM ICT,0.6
14-Aug-23 9:10 PM ICT,0.9
14-Aug-23 9:15 PM ICT,0.7
14-Aug-23 9:20 PM ICT,0.8
14-Aug-23 9:25 PM ICT,0.8
14-Aug-23 9:30 PM ICT,0.9
14-Aug-23 9:35 PM ICT,0.7
14-Aug-23 9:40 PM ICT,0.8
14-Aug-23 9:45 PM ICT,1.0
14-Aug-23 9:50 PM ICT,0.8
14-Aug-23 9:55 PM ICT,0.8
14-Aug-23 10:00 PM ICT,1.0
14-Aug-23 10:05 PM ICT,0.8
14-Aug-23 10:10 PM ICT,0.7
14-Aug-23 10:15 PM ICT,0.8
14-Aug-23 10:20 PM ICT,1.0
14-Aug-23 10:25 PM ICT,0.8
14-Aug-23 10:30 PM ICT,0.8
14-Aug-23 10:35 PM ICT,1.0
14-Aug-23 10:40 PM ICT,0.8
14-Aug-23 10:45 PM ICT,0.8
14-Aug-23 10:50 PM ICT,1.0
14-Aug-23 10:55 PM ICT,0.7
14-Aug-23 11:00 PM ICT,0.8
14-Aug-23 11:05 PM ICT,1.0
14-Aug-23 11:10 PM ICT,0.8
14-Aug-23 11:15 PM ICT,0.8
14-Aug-23 11:20 PM ICT,0.8
14-Aug-23 11:25 PM ICT,1.0
14-Aug-23 11:30 PM ICT,0.8
14-Aug-23 11:35 PM ICT,0.8
14-Aug-23 11:40 PM ICT,1.0
14-Aug-23 11:45 PM ICT,0.9
14-Aug-23 11:50 PM ICT,0.8
14-Aug-23 11:55 PM ICT,0.8
15-Aug-23 12:00 AM ICT,0.9
15-Aug-23 12:05 AM ICT,0.7
15-Aug-23 12:10 AM ICT,0.7
15-Aug-23 12:15 AM ICT,0.8
15-Aug-23 12:20 AM ICT,0.7
15-Aug-23 12:25 AM ICT,0.7
15-Aug-23 12:30 AM ICT,0.6
15-Aug-23 12:35 AM ICT,0.7
15-Aug-23 12:40 AM ICT,0.6
15-Aug-23 12:45 AM ICT,0.6
15-Aug-23 12:50 AM ICT,0.6
15-Aug-23 12:55 AM ICT,0.8
15-Aug-23 1:00 AM ICT,0.6
15-Aug-23 1:05 AM ICT,0.6
15-Aug-23 1:10 AM ICT,0.9
15-Aug-23 1:15 AM ICT,0.6
15-Aug-23 1:20 AM ICT,0.6
15-Aug-23 1:25 AM ICT,0.6
15-Aug-23 1:30 AM ICT,0.8
15-Aug-23 1:35 AM ICT,0.6
15-Aug-23 1:40 AM ICT,0.6
15-Aug-23 1:45 AM ICT,0.6
15-Aug-23 1:50 AM ICT,0.8
15-Aug-23 1:55 AM ICT,0.5
15-Aug-23 2:00 AM ICT,0.5
15-Aug-23 2:05 AM ICT,0.7
15-Aug-23 2:10 AM ICT,0.7
15-Aug-23 2:15 AM ICT,0.6
15-Aug-23 2:20 AM ICT,0.6
15-Aug-23 2:25 AM ICT,0.8
15-Aug-23 2:30 AM ICT,0.6
15-Aug-23 2:35 AM ICT,0.6
15-Aug-23 2:40 AM ICT,0.8
15-Aug-23 2:45 AM ICT,0.6
15-Aug-23 2:50 AM ICT,0.6
15-Aug-23 2:55 AM ICT,0.6
15-Aug-23 3:00 AM ICT,0.8
15-Aug-23 3:05 AM ICT,0.5
15-Aug-23 3:10 AM ICT,0.5
15-Aug-23 3:15 AM ICT,0.7
15-Aug-23 3:20 AM ICT,0.6
15-Aug-23 3:25 AM ICT,0.6
15-Aug-23 3:30 AM ICT,0.6
15-Aug-23 3:35 AM ICT,0.8
15-Aug-23 3:40 AM ICT,0.6
15-Aug-23 3:45 AM ICT,0.6
15-Aug-23 3:50 AM ICT,0.6
15-Aug-23 3:55 AM ICT,0.8
15-Aug-23 4:00 AM ICT,0.6
15-Aug-23 4:05 AM ICT,0.6
15-Aug-23 4:10 AM ICT,0.6
15-Aug-23 4:15 AM ICT,0.8
15-Aug-23 4:20 AM ICT,0.5
15-Aug-23 4:25 AM ICT,0.6
15-Aug-23 4:30 AM ICT,0.6
15-Aug-23 4:35 AM ICT,0.9
15-Aug-23 4:40 AM ICT,0.6
15-Aug-23 4:45 AM ICT,0.6
15-Aug-23 4:50 AM ICT,0.7
15-Aug-23 4:55 AM ICT,0.7
15-Aug-23 5:00 AM ICT,0.6
15-Aug-23 5:05 AM ICT,0.6
15-Aug-23 5:10 AM ICT,0.8
15-Aug-23 5:15 AM ICT,0.6
15-Aug-23 5:20 AM ICT,0.6
15-Aug-23 5:25 AM ICT,0.5
15-Aug-23 5:30 AM ICT,0.7
15-Aug-23 5:35 AM ICT,0.5
15-Aug-23 5:40 AM ICT,0.4
15-Aug-23 5:45 AM ICT,0.5
15-Aug-23 5:50 AM ICT,0.5
15-Aug-23 5:55 AM ICT,0.4
15-Aug-23 6:00 AM ICT,0.4
15-Aug-23 6:05 AM ICT,0.6
15-Aug-23 6:10 AM ICT,0.4
15-Aug-23 6:15 AM ICT,0.4
15-Aug-23 6:20 AM ICT,0.5
15-Aug-23 6:25 AM ICT,0.4
15-Aug-23 6:30 AM ICT,0.3
15-Aug-23 6:35 AM ICT,0.4
15-Aug-23 6:40 AM ICT,0.7
15-Aug-23 6:45 AM ICT,0.4
15-Aug-23 6:50 AM ICT,0.4
15-Aug-23 6:55 AM ICT,0.5
15-Aug-23 7:00 AM ICT,0.7
15-Aug-23 7:05 AM ICT,0.5
15-Aug-23 7:10 AM ICT,0.4
15-Aug-23 7:15 AM ICT,0.5
15-Aug-23 7:20 AM ICT,0.6
15-Aug-23 7:25 AM ICT,0.4
15-Aug-23 7:30 AM ICT,0.4
15-Aug-23 7:35 AM ICT,0.4
15-Aug-23 7:40 AM ICT,0.6
15-Aug-23 7:45 AM ICT,0.7
15-Aug-23 7:50 AM ICT,0.9
15-Aug-23 7:55 AM ICT,1.1
15-Aug-23 8:00 AM ICT,1.2
15-Aug-23 8:05 AM ICT,1.2
15-Aug-23 8:10 AM ICT,1.4
15-Aug-23 8:15 AM ICT,2.0
15-Aug-23 8:20 AM ICT,7.1
15-Aug-23 8:25 AM ICT,2.9
15-Aug-23 8:30 AM ICT,3.0
15-Aug-23 8:35 AM ICT,3.2
15-Aug-23 8:40 AM ICT,4.8
15-Aug-23 8:45 AM ICT,5.2
15-Aug-23 8:50 AM ICT,7.6
15-Aug-23 8:55 AM ICT,5.1
15-Aug-23 9:00 AM ICT,7.8
15-Aug-23 9:05 AM ICT,5.7
15-Aug-23 9:10 AM ICT,5.9
15-Aug-23 9:15 AM ICT,5.9
15-Aug-23 9:20 AM ICT,7.3
15-Aug-23 9:25 AM ICT,9.2
15-Aug-23 9:30 AM ICT,8.3
15-Aug-23 9:35 AM ICT,8.4
15-Aug-23 9:40 AM ICT,7.3
15-Aug-23 9:45 AM ICT,8.0
15-Aug-23 9:50 AM ICT,8.5
15-Aug-23 9:55 AM ICT,6.5
15-Aug-23 10:00 AM ICT,11.8
15-Aug-23 10:05 AM ICT,10.0
15-Aug-23 10:10 AM ICT,5.9
15-Aug-23 10:15 AM ICT,6.6
15-Aug-23 10:20 AM ICT,5.4
15-Aug-23 10:25 AM ICT,7.6
15-Aug-23 10:30 AM ICT,8.7
15-Aug-23 10:35 AM ICT,8.8
15-Aug-23 10:40 AM ICT,8.0
15-Aug-23 10:45 AM ICT,10.4
15-Aug-23 10:50 AM ICT,9.6
15-Aug-23 10:55 AM ICT,8.2
15-Aug-23 11:00 AM ICT,9.5
15-Aug-23 11:05 AM ICT,9.6
15-Aug-23 11:10 AM ICT,9.8
15-Aug-23 11:15 AM ICT,9.0
15-Aug-23 11:20 AM ICT,9.1
15-Aug-23 11:25 AM ICT,9.4
15-Aug-23 11:30 AM ICT,10.0
15-Aug-23 11:35 AM ICT,6.9
15-Aug-23 11:40 AM ICT,10.8
15-Aug-23 11:45 AM ICT,6.2
15-Aug-23 11:50 AM ICT,8.2
15-Aug-23 11:55 AM ICT,3.8
15-Aug-23 12:00 PM ICT,4.2
15-Aug-23 12:05 PM ICT,3.9
15-Aug-23 12:10 PM ICT,3.9
15-Aug-23 12:15 PM ICT,4.3
15-Aug-23 12:20 PM ICT,4.0
15-Aug-23 12:25 PM ICT,4.9
15-Aug-23 12:30 PM ICT,6.0
15-Aug-23 12:35 PM ICT,6.3
15-Aug-23 12:40 PM ICT,6.5
15-Aug-23 12:45 PM ICT,6.0
15-Aug-23 12:50 PM ICT,6.0
15-Aug-23 12:55 PM ICT,4.4
15-Aug-23 1:00 PM ICT,4.0
15-Aug-23 1:05 PM ICT,6.5
15-Aug-23 1:10 PM ICT,11.1
15-Aug-23 1:15 PM ICT,9.5
15-Aug-23 1:20 PM ICT,10.6
15-Aug-23 1:25 PM ICT,12.6
15-Aug-23 1:30 PM ICT,10.5
15-Aug-23 1:35 PM ICT,14.5
15-Aug-23 1:40 PM ICT,9.6
15-Aug-23 1:45 PM ICT,7.5
15-Aug-23 1:50 PM ICT,8.0
15-Aug-23 1:55 PM ICT,9.3
15-Aug-23 2:00 PM ICT,8.8
15-Aug-23 2:05 PM ICT,9.7
15-Aug-23 2:10 PM ICT,6.1
15-Aug-23 2:15 PM ICT,6.8
15-Aug-23 2:20 PM ICT,8.7
15-Aug-23 2:25 PM ICT,7.7
15-Aug-23 2:30 PM ICT,13.1
15-Aug-23 2:35 PM ICT,9.4
15-Aug-23 2:40 PM ICT,7.8
15-Aug-23 2:45 PM ICT,13.0
15-Aug-23 2:50 PM ICT,11.9
15-Aug-23 2:55 PM ICT,13.9
15-Aug-23 3:00 PM ICT,9.8
15-Aug-23 3:05 PM ICT,7.4
15-Aug-23 3:10 PM ICT,8.6
15-Aug-23 3:15 PM ICT,11.3
15-Aug-23 3:20 PM ICT,8.7
15-Aug-23 3:25 PM ICT,9.0
15-Aug-23 3:30 PM ICT,6.9
15-Aug-23 3:35 PM ICT,7.3
15-Aug-23 3:40 PM ICT,9.0
15-Aug-23 3:45 PM ICT,9.4
15-Aug-23 3:50 PM ICT,8.9
15-Aug-23 3:55 PM ICT,12.1
15-Aug-23 4:00 PM ICT,6.9
15-Aug-23 4:05 PM ICT,5.5
15-Aug-23 4:10 PM ICT,3.5
15-Aug-23 4:15 PM ICT,6.5
15-Aug-23 4:20 PM ICT,6.3
15-Aug-23 4:25 PM ICT,6.1
15-Aug-23 4:30 PM ICT,8.0
15-Aug-23 4:35 PM ICT,3.5
15-Aug-23 4:40 PM ICT,3.3
15-Aug-23 4:45 PM ICT,3.4
15-Aug-23 4:50 PM ICT,3.4
15-Aug-23 4:55 PM ICT,1.4
15-Aug-23 5:00 PM ICT,0.7
15-Aug-23 5:05 PM ICT,0.5
15-Aug-23 5:10 PM ICT,0.7
15-Aug-23 5:15 PM ICT,0.4
15-Aug-23 5:20 PM ICT,0.4
15-Aug-23 5:25 PM ICT,0.5
15-Aug-23 5:30 PM ICT,0.4
15-Aug-23 5:35 PM ICT,0.4
15-Aug-23 5:40 PM ICT,0.4
15-Aug-23 5:45 PM ICT,0.6
15-Aug-23 5:50 PM ICT,0.4
15-Aug-23 5:55 PM ICT,0.4
15-Aug-23 6:00 PM ICT,0.5
15-Aug-23 6:05 PM ICT,0.5
15-Aug-23 6:10 PM ICT,0.4
15-Aug-23 6:15 PM ICT,0.7
15-Aug-23 6:20 PM ICT,0.9
15-Aug-23 6:25 PM ICT,0.9
15-Aug-23 6:30 PM ICT,1.3
15-Aug-23 6:35 PM ICT,1.6
15-Aug-23 6:40 PM ICT,1.5
15-Aug-23 6:45 PM ICT,1.6
15-Aug-23 6:50 PM ICT,1.7
15-Aug-23 6:55 PM ICT,1.6
15-Aug-23 7:00 PM ICT,1.3
15-Aug-23 7:05 PM ICT,1.3
15-Aug-23 7:10 PM ICT,1.4
15-Aug-23 7:15 PM ICT,1.3
15-Aug-23 7:20 PM ICT,1.2
15-Aug-23 7:25 PM ICT,1.3
15-Aug-23 7:30 PM ICT,1.5
15-Aug-23 7:35 PM ICT,1.3
15-Aug-23 7:40 PM ICT,1.3
15-Aug-23 7:45 PM ICT,1.6
15-Aug-23 7:50 PM ICT,1.3
15-Aug-23 7:55 PM ICT,1.3
15-Aug-23 8:00 PM ICT,1.3
15-Aug-23 8:05 PM ICT,1.5
15-Aug-23 8:10 PM ICT,1.2
15-Aug-23 8:15 PM ICT,1.2
15-Aug-23 8:20 PM ICT,1.5
15-Aug-23 8:25 PM ICT,1.2
15-Aug-23 8:30 PM ICT,0.6
15-Aug-23 8:35 PM ICT,0.6
15-Aug-23 8:40 PM ICT,0.9
15-Aug-23 8:45 PM ICT,0.7
15-Aug-23 8:50 PM ICT,0.7
15-Aug-23 8:55 PM ICT,0.8
15-Aug-23 9:00 PM ICT,0.6
15-Aug-23 9:05 PM ICT,0.6
15-Aug-23 9:10 PM ICT,0.6
15-Aug-23 9:15 PM ICT,0.8
15-Aug-23 9:20 PM ICT,0.6
15-Aug-23 9:25 PM ICT,0.6
15-Aug-23 9:30 PM ICT,0.8
15-Aug-23 9:35 PM ICT,0.6
15-Aug-23 9:40 PM ICT,0.6
15-Aug-23 9:45 PM ICT,0.6
15-Aug-23 9:50 PM ICT,0.7
15-Aug-23 9:55 PM ICT,0.5
15-Aug-23 10:00 PM ICT,0.6
15-Aug-23 10:05 PM ICT,0.8
15-Aug-23 10:10 PM ICT,0.6
15-Aug-23 10:15 PM ICT,0.6
15-Aug-23 10:20 PM ICT,0.7
15-Aug-23 10:25 PM ICT,0.6
15-Aug-23 10:30 PM ICT,0.6
15-Aug-23 10:35 PM ICT,0.6
15-Aug-23 10:40 PM ICT,0.7
15-Aug-23 10:45 PM ICT,0.5
15-Aug-23 10:50 PM ICT,0.6
15-Aug-23 10:55 PM ICT,0.8
15-Aug-23 11:00 PM ICT,0.6
15-Aug-23 11:05 PM ICT,0.6
15-Aug-23 11:10 PM ICT,0.8
15-Aug-23 11:15 PM ICT,0.6
15-Aug-23 11:20 PM ICT,0.6
15-Aug-23 11:25 PM ICT,0.7
15-Aug-23 11:30 PM ICT,0.6
15-Aug-23 11:35 PM ICT,0.5
15-Aug-23 11:40 PM ICT,0.6
15-Aug-23 11:45 PM ICT,0.8
15-Aug-23 11:50 PM ICT,0.6
15-Aug-23 11:55 PM ICT,0.6
16-Aug-23 12:00 AM ICT,0.6
16-Aug-23 12:05 AM ICT,0.8
16-Aug-23 12:10 AM ICT,0.5
16-Aug-23 12:15 AM ICT,0.5
16-Aug-23 12:20 AM ICT,0.7
16-Aug-23 12:25 AM ICT,0.6
16-Aug-23 12:30 AM ICT,0.5
16-Aug-23 12:35 AM ICT,0.5
16-Aug-23 12:40 AM ICT,0.7
16-Aug-23 12:45 AM ICT,0.5
16-Aug-23 12:50 AM ICT,0.5
16-Aug-23 12:55 AM ICT,0.7
16-Aug-23 1:00 AM ICT,0.5