Timestamp,ShowRoomKW(kW)
01-Sep-23 1:05 AM ICT,10.6
01-Sep-23 1:10 AM ICT,9.5
01-Sep-23 1:15 AM ICT,9.9
01-Sep-23 1:20 AM ICT,10.5
01-Sep-23 1:25 AM ICT,10.1
01-Sep-23 1:30 AM ICT,9.6
01-Sep-23 1:35 AM ICT,11.5
01-Sep-23 1:40 AM ICT,8.7
01-Sep-23 1:45 AM ICT,11.0
01-Sep-23 1:50 AM ICT,10.0
01-Sep-23 1:55 AM ICT,15.6
01-Sep-23 2:00 AM ICT,10.5
01-Sep-23 2:05 AM ICT,10.8
01-Sep-23 2:10 AM ICT,8.7
01-Sep-23 2:15 AM ICT,12.4
01-Sep-23 2:20 AM ICT,8.4
01-Sep-23 2:25 AM ICT,10.1
01-Sep-23 2:30 AM ICT,10.1
01-Sep-23 2:35 AM ICT,9.9
01-Sep-23 2:40 AM ICT,8.5
01-Sep-23 2:45 AM ICT,10.5
01-Sep-23 2:50 AM ICT,9.0
01-Sep-23 2:55 AM ICT,8.9
01-Sep-23 3:00 AM ICT,10.0
01-Sep-23 3:05 AM ICT,8.4
01-Sep-23 3:10 AM ICT,10.6
01-Sep-23 3:15 AM ICT,9.1
01-Sep-23 3:20 AM ICT,10.6
01-Sep-23 3:25 AM ICT,9.3
01-Sep-23 3:30 AM ICT,15.6
01-Sep-23 3:35 AM ICT,8.8
01-Sep-23 3:40 AM ICT,10.8
01-Sep-23 3:45 AM ICT,8.5
01-Sep-23 3:50 AM ICT,10.3
01-Sep-23 3:55 AM ICT,9.5
01-Sep-23 4:00 AM ICT,10.6
01-Sep-23 4:05 AM ICT,8.8
01-Sep-23 4:10 AM ICT,11.2
01-Sep-23 4:15 AM ICT,8.2
01-Sep-23 4:20 AM ICT,10.3
01-Sep-23 4:25 AM ICT,9.9
01-Sep-23 4:30 AM ICT,9.7
01-Sep-23 4:35 AM ICT,10.4
01-Sep-23 4:40 AM ICT,10.1
01-Sep-23 4:45 AM ICT,9.8
01-Sep-23 4:50 AM ICT,9.4
01-Sep-23 4:55 AM ICT,10.5
01-Sep-23 5:00 AM ICT,9.2
01-Sep-23 5:05 AM ICT,16.2
01-Sep-23 5:10 AM ICT,9.2
01-Sep-23 5:15 AM ICT,10.2
01-Sep-23 5:20 AM ICT,8.9
01-Sep-23 5:25 AM ICT,9.7
01-Sep-23 5:30 AM ICT,7.7
01-Sep-23 5:35 AM ICT,10.7
01-Sep-23 5:40 AM ICT,7.4
01-Sep-23 5:45 AM ICT,9.1
01-Sep-23 5:50 AM ICT,10.0
01-Sep-23 5:55 AM ICT,7.9
01-Sep-23 6:00 AM ICT,9.2
01-Sep-23 6:05 AM ICT,10.1
01-Sep-23 6:10 AM ICT,10.0
01-Sep-23 6:15 AM ICT,8.7
01-Sep-23 6:20 AM ICT,11.8
01-Sep-23 6:25 AM ICT,8.5
01-Sep-23 6:30 AM ICT,10.8
01-Sep-23 6:35 AM ICT,9.5
01-Sep-23 6:40 AM ICT,14.9
01-Sep-23 6:45 AM ICT,10.2
01-Sep-23 6:50 AM ICT,13.7
01-Sep-23 6:55 AM ICT,10.5
01-Sep-23 7:00 AM ICT,12.1
01-Sep-23 7:05 AM ICT,12.5
01-Sep-23 7:10 AM ICT,14.2
01-Sep-23 7:15 AM ICT,17.1
01-Sep-23 7:20 AM ICT,18.6
01-Sep-23 7:25 AM ICT,18.7
01-Sep-23 7:30 AM ICT,20.1
01-Sep-23 7:35 AM ICT,24.6
01-Sep-23 7:40 AM ICT,25.5
01-Sep-23 7:45 AM ICT,37.7
01-Sep-23 7:50 AM ICT,42.9
01-Sep-23 7:55 AM ICT,41.9
01-Sep-23 8:00 AM ICT,45.1
01-Sep-23 8:05 AM ICT,57.2
01-Sep-23 8:10 AM ICT,67.8
01-Sep-23 8:15 AM ICT,83.6
01-Sep-23 8:20 AM ICT,114.2
01-Sep-23 8:25 AM ICT,159.2
01-Sep-23 8:30 AM ICT,167.0
01-Sep-23 8:35 AM ICT,177.9
01-Sep-23 8:40 AM ICT,181.3
01-Sep-23 8:45 AM ICT,173.8
01-Sep-23 8:50 AM ICT,180.9
01-Sep-23 8:55 AM ICT,179.0
01-Sep-23 9:00 AM ICT,182.3
01-Sep-23 9:05 AM ICT,183.6
01-Sep-23 9:10 AM ICT,183.4
01-Sep-23 9:15 AM ICT,162.1
01-Sep-23 9:20 AM ICT,147.0
01-Sep-23 9:25 AM ICT,149.1
01-Sep-23 9:30 AM ICT,156.1
01-Sep-23 9:35 AM ICT,147.0
01-Sep-23 9:40 AM ICT,156.7
01-Sep-23 9:45 AM ICT,139.8
01-Sep-23 9:50 AM ICT,144.6
01-Sep-23 9:55 AM ICT,145.1
01-Sep-23 10:00 AM ICT,152.0
01-Sep-23 10:05 AM ICT,142.1
01-Sep-23 10:10 AM ICT,157.6
01-Sep-23 10:15 AM ICT,166.1
01-Sep-23 10:20 AM ICT,154.2
01-Sep-23 10:25 AM ICT,160.4
01-Sep-23 10:30 AM ICT,166.7
01-Sep-23 10:35 AM ICT,167.3
01-Sep-23 10:40 AM ICT,153.9
01-Sep-23 10:45 AM ICT,159.0
01-Sep-23 10:50 AM ICT,164.7
01-Sep-23 10:55 AM ICT,159.4
01-Sep-23 11:00 AM ICT,146.8
01-Sep-23 11:05 AM ICT,150.3
01-Sep-23 11:10 AM ICT,155.4
01-Sep-23 11:15 AM ICT,152.6
01-Sep-23 11:20 AM ICT,154.3
01-Sep-23 11:25 AM ICT,145.4
01-Sep-23 11:30 AM ICT,151.2
01-Sep-23 11:35 AM ICT,142.4
01-Sep-23 11:40 AM ICT,156.3
01-Sep-23 11:45 AM ICT,151.6
01-Sep-23 11:50 AM ICT,142.5
01-Sep-23 11:55 AM ICT,135.5
01-Sep-23 12:00 PM ICT,137.4
01-Sep-23 12:05 PM ICT,134.4
01-Sep-23 12:10 PM ICT,140.3
01-Sep-23 12:15 PM ICT,133.9
01-Sep-23 12:20 PM ICT,123.2
01-Sep-23 12:25 PM ICT,123.2
01-Sep-23 12:30 PM ICT,125.0
01-Sep-23 12:35 PM ICT,123.7
01-Sep-23 12:40 PM ICT,124.3
01-Sep-23 12:45 PM ICT,135.0
01-Sep-23 12:50 PM ICT,119.5
01-Sep-23 12:55 PM ICT,113.6
01-Sep-23 1:00 PM ICT,115.9
01-Sep-23 1:05 PM ICT,119.4
01-Sep-23 1:10 PM ICT,119.6
01-Sep-23 1:15 PM ICT,128.1
01-Sep-23 1:20 PM ICT,131.6
01-Sep-23 1:25 PM ICT,135.3
01-Sep-23 1:30 PM ICT,121.6
01-Sep-23 1:35 PM ICT,137.9
01-Sep-23 1:40 PM ICT,136.9
01-Sep-23 1:45 PM ICT,140.8
01-Sep-23 1:50 PM ICT,145.0
01-Sep-23 1:55 PM ICT,135.4
01-Sep-23 2:00 PM ICT,132.4
01-Sep-23 2:05 PM ICT,135.1
01-Sep-23 2:10 PM ICT,145.1
01-Sep-23 2:15 PM ICT,149.6
01-Sep-23 2:20 PM ICT,149.4
01-Sep-23 2:25 PM ICT,143.2
01-Sep-23 2:30 PM ICT,150.5
01-Sep-23 2:35 PM ICT,146.9
01-Sep-23 2:40 PM ICT,140.5
01-Sep-23 2:45 PM ICT,141.1
01-Sep-23 2:50 PM ICT,132.3
01-Sep-23 2:55 PM ICT,142.3
01-Sep-23 3:00 PM ICT,138.4
01-Sep-23 3:05 PM ICT,143.1
01-Sep-23 3:10 PM ICT,141.0
01-Sep-23 3:15 PM ICT,139.4
01-Sep-23 3:20 PM ICT,146.7
01-Sep-23 3:25 PM ICT,128.1
01-Sep-23 3:30 PM ICT,140.7
01-Sep-23 3:35 PM ICT,132.0
01-Sep-23 3:40 PM ICT,129.7
01-Sep-23 3:45 PM ICT,126.4
01-Sep-23 3:50 PM ICT,132.0
01-Sep-23 3:55 PM ICT,119.5
01-Sep-23 4:00 PM ICT,95.0
01-Sep-23 4:05 PM ICT,90.2
01-Sep-23 4:10 PM ICT,83.3
01-Sep-23 4:15 PM ICT,81.2
01-Sep-23 4:20 PM ICT,80.6
01-Sep-23 4:25 PM ICT,83.0
01-Sep-23 4:30 PM ICT,78.1
01-Sep-23 4:35 PM ICT,70.0
01-Sep-23 4:40 PM ICT,69.4
01-Sep-23 4:45 PM ICT,67.6
01-Sep-23 4:50 PM ICT,73.8
01-Sep-23 4:55 PM ICT,66.2
01-Sep-23 5:00 PM ICT,60.4
01-Sep-23 5:05 PM ICT,48.8
01-Sep-23 5:10 PM ICT,45.5
01-Sep-23 5:15 PM ICT,41.9
01-Sep-23 5:20 PM ICT,45.3
01-Sep-23 5:25 PM ICT,36.4
01-Sep-23 5:30 PM ICT,35.3
01-Sep-23 5:35 PM ICT,28.8
01-Sep-23 5:40 PM ICT,26.4
01-Sep-23 5:45 PM ICT,20.8
01-Sep-23 5:50 PM ICT,22.5
01-Sep-23 5:55 PM ICT,22.7
01-Sep-23 6:00 PM ICT,19.8
01-Sep-23 6:05 PM ICT,18.0
01-Sep-23 6:10 PM ICT,16.0
01-Sep-23 6:15 PM ICT,18.0
01-Sep-23 6:20 PM ICT,13.0
01-Sep-23 6:25 PM ICT,19.8
01-Sep-23 6:30 PM ICT,20.5
01-Sep-23 6:35 PM ICT,20.2
01-Sep-23 6:40 PM ICT,20.6
01-Sep-23 6:45 PM ICT,18.9
01-Sep-23 6:50 PM ICT,13.7
01-Sep-23 6:55 PM ICT,13.8
01-Sep-23 7:00 PM ICT,14.7
01-Sep-23 7:05 PM ICT,12.6
01-Sep-23 7:10 PM ICT,15.0
01-Sep-23 7:15 PM ICT,11.4
01-Sep-23 7:20 PM ICT,10.9
01-Sep-23 7:25 PM ICT,12.6
01-Sep-23 7:30 PM ICT,10.0
01-Sep-23 7:35 PM ICT,12.6
01-Sep-23 7:40 PM ICT,17.6
01-Sep-23 7:45 PM ICT,12.9
01-Sep-23 7:50 PM ICT,11.1
01-Sep-23 7:55 PM ICT,10.2
01-Sep-23 8:00 PM ICT,11.1
04-Sep-23 12:10 PM ICT,116.8
04-Sep-23 12:15 PM ICT,117.3
04-Sep-23 12:20 PM ICT,113.7
04-Sep-23 12:25 PM ICT,120.2
04-Sep-23 12:30 PM ICT,107.2
04-Sep-23 12:35 PM ICT,110.1
04-Sep-23 12:40 PM ICT,116.6
04-Sep-23 12:45 PM ICT,110.9
04-Sep-23 12:50 PM ICT,121.6
04-Sep-23 12:55 PM ICT,111.7
04-Sep-23 1:00 PM ICT,115.5
04-Sep-23 1:05 PM ICT,117.6
04-Sep-23 1:10 PM ICT,128.6
04-Sep-23 1:15 PM ICT,128.2
04-Sep-23 1:20 PM ICT,130.2
04-Sep-23 1:25 PM ICT,123.8
04-Sep-23 1:30 PM ICT,124.8
04-Sep-23 2:00 PM ICT,133.5
04-Sep-23 2:05 PM ICT,142.4
04-Sep-23 2:10 PM ICT,122.4
04-Sep-23 2:15 PM ICT,128.6
04-Sep-23 2:20 PM ICT,133.3
04-Sep-23 2:25 PM ICT,122.7
04-Sep-23 2:30 PM ICT,121.1
04-Sep-23 2:35 PM ICT,126.1
04-Sep-23 2:40 PM ICT,166.0
04-Sep-23 2:45 PM ICT,156.6
04-Sep-23 2:50 PM ICT,157.2
04-Sep-23 2:55 PM ICT,134.2
04-Sep-23 3:00 PM ICT,135.7
04-Sep-23 3:05 PM ICT,129.1
04-Sep-23 3:10 PM ICT,127.4
04-Sep-23 3:15 PM ICT,134.1
04-Sep-23 3:20 PM ICT,128.9
04-Sep-23 3:25 PM ICT,128.7
04-Sep-23 3:30 PM ICT,126.1
04-Sep-23 3:35 PM ICT,130.4
04-Sep-23 3:40 PM ICT,127.1
04-Sep-23 3:45 PM ICT,134.4
04-Sep-23 3:50 PM ICT,131.6
04-Sep-23 3:55 PM ICT,134.9
04-Sep-23 4:00 PM ICT,130.9
04-Sep-23 4:05 PM ICT,125.8
04-Sep-23 4:10 PM ICT,136.0
04-Sep-23 4:15 PM ICT,122.8
04-Sep-23 4:20 PM ICT,120.1
04-Sep-23 4:25 PM ICT,125.3
04-Sep-23 4:30 PM ICT,122.2
04-Sep-23 4:35 PM ICT,119.8
04-Sep-23 4:40 PM ICT,110.3
04-Sep-23 4:45 PM ICT,84.8
04-Sep-23 4:50 PM ICT,71.4
04-Sep-23 4:55 PM ICT,68.5
04-Sep-23 5:00 PM ICT,59.8
04-Sep-23 5:05 PM ICT,47.6
04-Sep-23 5:10 PM ICT,36.1
04-Sep-23 5:15 PM ICT,29.4
04-Sep-23 5:20 PM ICT,20.0
04-Sep-23 5:25 PM ICT,17.0
04-Sep-23 5:30 PM ICT,20.6
04-Sep-23 5:35 PM ICT,18.6
04-Sep-23 5:40 PM ICT,19.2
04-Sep-23 5:45 PM ICT,16.4
04-Sep-23 5:50 PM ICT,12.8
04-Sep-23 5:55 PM ICT,10.8
04-Sep-23 6:00 PM ICT,13.1
04-Sep-23 6:05 PM ICT,11.8
04-Sep-23 6:10 PM ICT,15.6
04-Sep-23 6:15 PM ICT,18.2
04-Sep-23 6:20 PM ICT,16.4
04-Sep-23 6:25 PM ICT,17.7
04-Sep-23 6:30 PM ICT,16.8
04-Sep-23 6:35 PM ICT,14.2
04-Sep-23 6:40 PM ICT,14.4
04-Sep-23 6:45 PM ICT,15.9
04-Sep-23 6:50 PM ICT,14.5
04-Sep-23 6:55 PM ICT,12.8
04-Sep-23 7:00 PM ICT,11.9
04-Sep-23 7:05 PM ICT,10.5
04-Sep-23 7:10 PM ICT,12.8
04-Sep-23 7:15 PM ICT,10.6
04-Sep-23 7:20 PM ICT,11.6
04-Sep-23 7:25 PM ICT,12.0
04-Sep-23 7:30 PM ICT,11.0
04-Sep-23 7:35 PM ICT,11.3
04-Sep-23 7:40 PM ICT,10.9
04-Sep-23 7:45 PM ICT,11.9
04-Sep-23 7:50 PM ICT,19.4
04-Sep-23 7:55 PM ICT,11.9
04-Sep-23 8:00 PM ICT,11.3
04-Sep-23 8:05 PM ICT,9.7
04-Sep-23 8:10 PM ICT,11.8
04-Sep-23 8:15 PM ICT,9.5
04-Sep-23 8:20 PM ICT,11.5
04-Sep-23 8:25 PM ICT,10.6
04-Sep-23 8:30 PM ICT,9.4
04-Sep-23 8:35 PM ICT,10.7
04-Sep-23 8:40 PM ICT,9.2
04-Sep-23 8:45 PM ICT,10.8
04-Sep-23 8:50 PM ICT,10.2
04-Sep-23 8:55 PM ICT,9.7
04-Sep-23 9:00 PM ICT,11.1
04-Sep-23 9:05 PM ICT,9.4
04-Sep-23 9:10 PM ICT,10.8
04-Sep-23 9:15 PM ICT,10.0
04-Sep-23 9:20 PM ICT,8.9
04-Sep-23 9:25 PM ICT,11.0
04-Sep-23 9:30 PM ICT,9.0
04-Sep-23 9:35 PM ICT,10.7
04-Sep-23 9:40 PM ICT,16.2
04-Sep-23 9:45 PM ICT,9.4
04-Sep-23 9:50 PM ICT,11.4
04-Sep-23 9:55 PM ICT,8.4
04-Sep-23 10:00 PM ICT,11.9
04-Sep-23 10:05 PM ICT,9.3
04-Sep-23 10:10 PM ICT,9.9
04-Sep-23 10:15 PM ICT,11.2
04-Sep-23 10:20 PM ICT,8.6
04-Sep-23 10:25 PM ICT,10.6
04-Sep-23 10:30 PM ICT,8.7
04-Sep-23 10:35 PM ICT,9.0
04-Sep-23 10:40 PM ICT,9.9
04-Sep-23 10:45 PM ICT,8.5
04-Sep-23 10:50 PM ICT,10.4
04-Sep-23 10:55 PM ICT,9.2
04-Sep-23 11:00 PM ICT,9.1
04-Sep-23 11:05 PM ICT,9.8
04-Sep-23 11:10 PM ICT,9.0
04-Sep-23 11:15 PM ICT,9.5
04-Sep-23 11:20 PM ICT,9.8
04-Sep-23 11:25 PM ICT,9.8
04-Sep-23 11:30 PM ICT,14.4
04-Sep-23 11:35 PM ICT,11.7
04-Sep-23 11:40 PM ICT,8.9
04-Sep-23 11:45 PM ICT,10.4
04-Sep-23 11:50 PM ICT,9.7
04-Sep-23 11:55 PM ICT,9.4
05-Sep-23 12:00 AM ICT,10.8
05-Sep-23 12:05 AM ICT,8.7
05-Sep-23 12:10 AM ICT,11.1
05-Sep-23 12:15 AM ICT,8.8
05-Sep-23 12:20 AM ICT,9.8
05-Sep-23 12:25 AM ICT,10.8
05-Sep-23 12:30 AM ICT,8.9
05-Sep-23 12:35 AM ICT,11.3
05-Sep-23 12:40 AM ICT,8.6
05-Sep-23 12:45 AM ICT,10.1
05-Sep-23 12:50 AM ICT,10.2
05-Sep-23 12:55 AM ICT,9.7
05-Sep-23 1:00 AM ICT,10.0
05-Sep-23 1:05 AM ICT,10.2
05-Sep-23 1:10 AM ICT,10.1
05-Sep-23 1:15 AM ICT,11.3
05-Sep-23 1:20 AM ICT,15.5
05-Sep-23 1:25 AM ICT,9.2
05-Sep-23 1:30 AM ICT,11.3
05-Sep-23 1:35 AM ICT,8.4
05-Sep-23 1:40 AM ICT,10.5
05-Sep-23 1:45 AM ICT,9.6
05-Sep-23 1:50 AM ICT,10.0
05-Sep-23 1:55 AM ICT,10.0
05-Sep-23 2:00 AM ICT,9.2
05-Sep-23 2:05 AM ICT,8.8
05-Sep-23 2:10 AM ICT,9.2
05-Sep-23 2:15 AM ICT,9.4
05-Sep-23 2:20 AM ICT,8.1
05-Sep-23 2:25 AM ICT,10.4
05-Sep-23 2:30 AM ICT,8.1
05-Sep-23 2:35 AM ICT,10.6
05-Sep-23 2:40 AM ICT,8.8
05-Sep-23 2:45 AM ICT,8.8
05-Sep-23 2:50 AM ICT,10.4
05-Sep-23 2:55 AM ICT,8.7
05-Sep-23 3:00 AM ICT,9.6
05-Sep-23 3:05 AM ICT,9.9
05-Sep-23 3:10 AM ICT,15.2
05-Sep-23 3:15 AM ICT,10.1
05-Sep-23 3:20 AM ICT,10.5
05-Sep-23 3:25 AM ICT,7.9
05-Sep-23 3:30 AM ICT,11.4
05-Sep-23 3:35 AM ICT,8.4
05-Sep-23 3:40 AM ICT,10.0
05-Sep-23 3:45 AM ICT,9.4
05-Sep-23 3:50 AM ICT,9.8
05-Sep-23 3:55 AM ICT,8.9
05-Sep-23 4:00 AM ICT,9.7
05-Sep-23 4:05 AM ICT,9.2
05-Sep-23 4:10 AM ICT,10.5
05-Sep-23 4:15 AM ICT,9.4
05-Sep-23 4:20 AM ICT,9.0
05-Sep-23 4:25 AM ICT,10.8
05-Sep-23 4:30 AM ICT,8.5
05-Sep-23 4:35 AM ICT,10.4
05-Sep-23 4:40 AM ICT,9.1
05-Sep-23 4:45 AM ICT,10.3
05-Sep-23 4:50 AM ICT,11.1
05-Sep-23 4:55 AM ICT,13.9
05-Sep-23 5:00 AM ICT,8.6
05-Sep-23 5:05 AM ICT,10.5
05-Sep-23 5:10 AM ICT,8.4
05-Sep-23 5:15 AM ICT,9.9
05-Sep-23 5:20 AM ICT,9.8
05-Sep-23 5:25 AM ICT,9.3
05-Sep-23 5:30 AM ICT,8.6
05-Sep-23 5:35 AM ICT,9.6
05-Sep-23 5:40 AM ICT,7.7
05-Sep-23 5:45 AM ICT,8.0
05-Sep-23 5:50 AM ICT,10.2
05-Sep-23 5:55 AM ICT,8.7
05-Sep-23 6:00 AM ICT,11.1
05-Sep-23 6:05 AM ICT,9.0
05-Sep-23 6:10 AM ICT,10.2
05-Sep-23 6:15 AM ICT,9.4
05-Sep-23 6:20 AM ICT,9.2
05-Sep-23 6:25 AM ICT,6.6
05-Sep-23 6:30 AM ICT,9.7
05-Sep-23 6:35 AM ICT,12.4
05-Sep-23 6:40 AM ICT,11.8
05-Sep-23 6:45 AM ICT,11.2
05-Sep-23 6:50 AM ICT,10.6
05-Sep-23 6:55 AM ICT,11.9
05-Sep-23 7:00 AM ICT,16.8
05-Sep-23 7:05 AM ICT,13.9
05-Sep-23 7:10 AM ICT,17.4
05-Sep-23 7:15 AM ICT,17.5
05-Sep-23 7:20 AM ICT,14.0
05-Sep-23 7:25 AM ICT,19.7
05-Sep-23 7:30 AM ICT,26.1
05-Sep-23 7:35 AM ICT,28.4
05-Sep-23 7:40 AM ICT,35.0
05-Sep-23 7:45 AM ICT,36.9
05-Sep-23 7:50 AM ICT,39.4
05-Sep-23 7:55 AM ICT,46.3
05-Sep-23 8:00 AM ICT,48.6
05-Sep-23 8:05 AM ICT,74.6
05-Sep-23 8:10 AM ICT,149.8
05-Sep-23 8:15 AM ICT,141.6
05-Sep-23 8:20 AM ICT,143.5
05-Sep-23 8:25 AM ICT,147.5
05-Sep-23 8:30 AM ICT,144.3
05-Sep-23 8:35 AM ICT,152.4
05-Sep-23 8:40 AM ICT,151.1
05-Sep-23 8:45 AM ICT,149.0
05-Sep-23 8:50 AM ICT,155.3
05-Sep-23 8:55 AM ICT,139.6
05-Sep-23 9:00 AM ICT,147.2
05-Sep-23 9:05 AM ICT,153.1
05-Sep-23 9:10 AM ICT,155.5
05-Sep-23 9:15 AM ICT,152.2
05-Sep-23 9:20 AM ICT,142.6
05-Sep-23 9:25 AM ICT,147.9
05-Sep-23 9:30 AM ICT,151.1
05-Sep-23 9:35 AM ICT,133.6
05-Sep-23 9:40 AM ICT,131.1
05-Sep-23 9:45 AM ICT,136.5
05-Sep-23 9:50 AM ICT,148.5
05-Sep-23 9:55 AM ICT,150.1
05-Sep-23 10:00 AM ICT,149.2
05-Sep-23 10:05 AM ICT,148.0
05-Sep-23 10:10 AM ICT,141.0
05-Sep-23 10:15 AM ICT,144.8
05-Sep-23 10:20 AM ICT,142.0
05-Sep-23 10:25 AM ICT,136.3
05-Sep-23 10:30 AM ICT,133.3
05-Sep-23 10:35 AM ICT,123.4
05-Sep-23 10:40 AM ICT,128.1
05-Sep-23 10:45 AM ICT,126.6
05-Sep-23 10:50 AM ICT,135.8
05-Sep-23 10:55 AM ICT,134.4
05-Sep-23 11:00 AM ICT,123.0
05-Sep-23 11:05 AM ICT,120.7
05-Sep-23 11:10 AM ICT,132.5
05-Sep-23 11:15 AM ICT,128.8
05-Sep-23 11:20 AM ICT,132.6
05-Sep-23 11:25 AM ICT,122.1
05-Sep-23 11:30 AM ICT,125.8
05-Sep-23 11:35 AM ICT,131.6
05-Sep-23 11:40 AM ICT,123.2
05-Sep-23 11:45 AM ICT,113.6
05-Sep-23 11:50 AM ICT,118.6
05-Sep-23 11:55 AM ICT,120.7
05-Sep-23 12:00 PM ICT,121.2
05-Sep-23 12:05 PM ICT,117.5
05-Sep-23 12:10 PM ICT,119.7
05-Sep-23 12:15 PM ICT,114.0
05-Sep-23 12:20 PM ICT,114.0
05-Sep-23 12:25 PM ICT,116.1
05-Sep-23 12:30 PM ICT,113.5
05-Sep-23 12:35 PM ICT,103.2
05-Sep-23 12:40 PM ICT,98.9
05-Sep-23 12:45 PM ICT,92.0
05-Sep-23 12:50 PM ICT,99.8
05-Sep-23 12:55 PM ICT,109.9
05-Sep-23 1:00 PM ICT,100.5
05-Sep-23 1:05 PM ICT,98.6
05-Sep-23 1:10 PM ICT,100.5
05-Sep-23 1:15 PM ICT,106.6
05-Sep-23 1:20 PM ICT,114.0
05-Sep-23 1:25 PM ICT,115.6
05-Sep-23 1:30 PM ICT,119.4
05-Sep-23 1:35 PM ICT,124.9
05-Sep-23 1:40 PM ICT,132.9
05-Sep-23 1:45 PM ICT,119.2
05-Sep-23 1:50 PM ICT,119.2
05-Sep-23 1:55 PM ICT,117.6
05-Sep-23 2:00 PM ICT,117.1
05-Sep-23 2:05 PM ICT,122.2
05-Sep-23 2:10 PM ICT,115.8
05-Sep-23 2:15 PM ICT,121.4
05-Sep-23 2:20 PM ICT,123.7
05-Sep-23 2:25 PM ICT,114.6
05-Sep-23 2:30 PM ICT,117.7
05-Sep-23 2:35 PM ICT,114.8
05-Sep-23 2:40 PM ICT,122.1
05-Sep-23 2:45 PM ICT,119.1
05-Sep-23 2:50 PM ICT,119.2
05-Sep-23 2:55 PM ICT,120.9
05-Sep-23 3:00 PM ICT,112.5
05-Sep-23 3:05 PM ICT,108.7
05-Sep-23 3:10 PM ICT,129.1
05-Sep-23 3:15 PM ICT,139.2
05-Sep-23 3:20 PM ICT,145.9
05-Sep-23 3:25 PM ICT,138.7
05-Sep-23 3:30 PM ICT,138.5
05-Sep-23 3:35 PM ICT,140.8
05-Sep-23 3:40 PM ICT,149.2
05-Sep-23 3:45 PM ICT,148.2
05-Sep-23 3:50 PM ICT,145.4
05-Sep-23 3:55 PM ICT,132.5
05-Sep-23 4:00 PM ICT,143.5
05-Sep-23 4:05 PM ICT,151.2
05-Sep-23 4:10 PM ICT,95.8
05-Sep-23 4:15 PM ICT,72.1
05-Sep-23 4:20 PM ICT,69.3
05-Sep-23 4:25 PM ICT,64.2
05-Sep-23 4:30 PM ICT,63.7
05-Sep-23 4:35 PM ICT,60.3
05-Sep-23 4:40 PM ICT,64.8
05-Sep-23 4:45 PM ICT,59.8
05-Sep-23 4:50 PM ICT,54.7
05-Sep-23 4:55 PM ICT,49.8
05-Sep-23 5:00 PM ICT,49.3
05-Sep-23 5:05 PM ICT,41.5
05-Sep-23 5:10 PM ICT,32.0
05-Sep-23 5:15 PM ICT,24.4
05-Sep-23 5:20 PM ICT,23.7
05-Sep-23 5:25 PM ICT,19.9
05-Sep-23 5:30 PM ICT,17.2
05-Sep-23 5:35 PM ICT,16.1
05-Sep-23 5:40 PM ICT,11.3
05-Sep-23 5:45 PM ICT,11.5
05-Sep-23 5:50 PM ICT,11.0
05-Sep-23 5:55 PM ICT,9.6
05-Sep-23 6:00 PM ICT,10.7
05-Sep-23 6:05 PM ICT,8.7
05-Sep-23 6:10 PM ICT,10.5
05-Sep-23 6:15 PM ICT,10.6
05-Sep-23 6:20 PM ICT,10.3
05-Sep-23 6:25 PM ICT,10.5
05-Sep-23 6:30 PM ICT,11.6
05-Sep-23 6:35 PM ICT,10.9
05-Sep-23 6:40 PM ICT,10.0
05-Sep-23 6:45 PM ICT,19.5
05-Sep-23 6:50 PM ICT,11.0
05-Sep-23 6:55 PM ICT,12.0
05-Sep-23 7:00 PM ICT,11.4
05-Sep-23 7:05 PM ICT,12.5
05-Sep-23 7:10 PM ICT,10.1
05-Sep-23 7:15 PM ICT,12.8
05-Sep-23 7:20 PM ICT,10.3
05-Sep-23 7:25 PM ICT,11.2
05-Sep-23 7:30 PM ICT,10.6
05-Sep-23 7:35 PM ICT,12.0
05-Sep-23 7:40 PM ICT,10.0
05-Sep-23 7:45 PM ICT,11.0
05-Sep-23 7:50 PM ICT,11.1
05-Sep-23 7:55 PM ICT,10.2
05-Sep-23 8:00 PM ICT,9.9
05-Sep-23 8:05 PM ICT,11.7
05-Sep-23 8:10 PM ICT,10.3
05-Sep-23 8:15 PM ICT,10.0
05-Sep-23 8:20 PM ICT,17.6
05-Sep-23 8:25 PM ICT,11.6
05-Sep-23 8:30 PM ICT,9.6
05-Sep-23 8:35 PM ICT,9.9
05-Sep-23 8:40 PM ICT,10.1
05-Sep-23 8:45 PM ICT,9.8
05-Sep-23 8:50 PM ICT,9.8
05-Sep-23 8:55 PM ICT,11.3
05-Sep-23 9:00 PM ICT,9.9
05-Sep-23 9:05 PM ICT,10.2
05-Sep-23 9:10 PM ICT,10.7
05-Sep-23 9:15 PM ICT,9.6
05-Sep-23 9:20 PM ICT,9.5
05-Sep-23 9:25 PM ICT,11.1
05-Sep-23 9:30 PM ICT,9.5
05-Sep-23 9:35 PM ICT,10.5
05-Sep-23 9:40 PM ICT,9.4
05-Sep-23 9:45 PM ICT,10.9
05-Sep-23 9:50 PM ICT,9.2
05-Sep-23 9:55 PM ICT,10.6
05-Sep-23 10:00 PM ICT,12.9
05-Sep-23 10:05 PM ICT,15.1
05-Sep-23 10:10 PM ICT,9.2
05-Sep-23 10:15 PM ICT,11.2
05-Sep-23 10:20 PM ICT,8.3
05-Sep-23 10:25 PM ICT,10.3
05-Sep-23 10:30 PM ICT,9.2
05-Sep-23 10:35 PM ICT,10.2
05-Sep-23 10:40 PM ICT,8.2
05-Sep-23 10:45 PM ICT,10.2
05-Sep-23 10:50 PM ICT,9.4
05-Sep-23 10:55 PM ICT,9.8
05-Sep-23 11:00 PM ICT,9.1
05-Sep-23 11:05 PM ICT,10.3
05-Sep-23 11:10 PM ICT,9.3
05-Sep-23 11:15 PM ICT,9.3
05-Sep-23 11:20 PM ICT,10.7
05-Sep-23 11:25 PM ICT,9.2
05-Sep-23 11:30 PM ICT,10.0
05-Sep-23 11:35 PM ICT,13.2
05-Sep-23 11:40 PM ICT,14.0
05-Sep-23 11:45 PM ICT,9.2
05-Sep-23 11:50 PM ICT,10.2
05-Sep-23 11:55 PM ICT,9.7
06-Sep-23 12:00 AM ICT,10.0
06-Sep-23 12:05 AM ICT,8.8
06-Sep-23 12:10 AM ICT,11.0
06-Sep-23 12:15 AM ICT,9.0
06-Sep-23 12:20 AM ICT,9.5
06-Sep-23 12:25 AM ICT,9.5
06-Sep-23 12:30 AM ICT,10.2
06-Sep-23 12:35 AM ICT,9.7
06-Sep-23 12:40 AM ICT,9.2
06-Sep-23 12:45 AM ICT,11.6
06-Sep-23 12:50 AM ICT,9.5
06-Sep-23 12:55 AM ICT,10.3
06-Sep-23 1:00 AM ICT,9.9
06-Sep-23 1:05 AM ICT,10.9
06-Sep-23 1:10 AM ICT,8.6
06-Sep-23 1:15 AM ICT,17.2
06-Sep-23 1:20 AM ICT,11.3
06-Sep-23 1:25 AM ICT,10.7
06-Sep-23 1:30 AM ICT,8.6
06-Sep-23 1:35 AM ICT,11.0
06-Sep-23 1:40 AM ICT,8.9
06-Sep-23 1:45 AM ICT,9.7
06-Sep-23 1:50 AM ICT,9.6
06-Sep-23 1:55 AM ICT,10.1
06-Sep-23 2:00 AM ICT,9.7
06-Sep-23 2:05 AM ICT,9.3
06-Sep-23 2:10 AM ICT,11.2
06-Sep-23 2:15 AM ICT,9.0
06-Sep-23 2:20 AM ICT,9.8
06-Sep-23 2:25 AM ICT,9.3
06-Sep-23 2:30 AM ICT,10.0
06-Sep-23 2:35 AM ICT,8.2
06-Sep-23 2:40 AM ICT,10.7
06-Sep-23 2:45 AM ICT,9.3
06-Sep-23 2:50 AM ICT,16.9
06-Sep-23 2:55 AM ICT,9.9
06-Sep-23 3:00 AM ICT,10.7
06-Sep-23 3:05 AM ICT,8.5
06-Sep-23 3:10 AM ICT,9.3
06-Sep-23 3:15 AM ICT,9.1
06-Sep-23 3:20 AM ICT,10.1
06-Sep-23 3:25 AM ICT,9.9
06-Sep-23 3:30 AM ICT,9.1
06-Sep-23 3:35 AM ICT,11.6
06-Sep-23 3:40 AM ICT,8.9
06-Sep-23 3:45 AM ICT,10.9
06-Sep-23 3:50 AM ICT,9.1
06-Sep-23 3:55 AM ICT,11.7
06-Sep-23 4:00 AM ICT,8.6
06-Sep-23 4:05 AM ICT,9.9
06-Sep-23 4:10 AM ICT,10.1
06-Sep-23 4:15 AM ICT,8.9
06-Sep-23 4:20 AM ICT,9.9
06-Sep-23 4:25 AM ICT,14.1
06-Sep-23 4:30 AM ICT,15.0
06-Sep-23 4:35 AM ICT,9.7
06-Sep-23 4:40 AM ICT,10.7
06-Sep-23 4:45 AM ICT,9.9
06-Sep-23 4:50 AM ICT,10.1
06-Sep-23 4:55 AM ICT,9.0
06-Sep-23 5:00 AM ICT,9.7
06-Sep-23 5:05 AM ICT,10.5
06-Sep-23 5:10 AM ICT,9.2
06-Sep-23 5:15 AM ICT,10.0
06-Sep-23 5:20 AM ICT,9.4
06-Sep-23 5:25 AM ICT,9.7
06-Sep-23 5:30 AM ICT,8.5
06-Sep-23 5:35 AM ICT,11.9
06-Sep-23 5:40 AM ICT,12.4
06-Sep-23 5:45 AM ICT,12.5
06-Sep-23 5:50 AM ICT,11.9
06-Sep-23 5:55 AM ICT,19.8
06-Sep-23 6:00 AM ICT,14.4
06-Sep-23 6:05 AM ICT,10.7
06-Sep-23 6:10 AM ICT,8.5
06-Sep-23 6:15 AM ICT,9.1
06-Sep-23 6:20 AM ICT,10.7
06-Sep-23 6:25 AM ICT,8.4
06-Sep-23 6:30 AM ICT,9.2
06-Sep-23 6:35 AM ICT,9.3
06-Sep-23 6:40 AM ICT,10.1
06-Sep-23 6:45 AM ICT,8.0
06-Sep-23 6:50 AM ICT,13.2
06-Sep-23 6:55 AM ICT,15.1
06-Sep-23 7:00 AM ICT,16.2
06-Sep-23 7:05 AM ICT,16.3
06-Sep-23 7:10 AM ICT,16.6
06-Sep-23 7:15 AM ICT,16.0
06-Sep-23 7:20 AM ICT,21.7
06-Sep-23 7:25 AM ICT,21.1
06-Sep-23 7:30 AM ICT,22.3
06-Sep-23 7:35 AM ICT,28.5
06-Sep-23 7:40 AM ICT,33.6
06-Sep-23 7:45 AM ICT,38.7
06-Sep-23 7:50 AM ICT,48.0
06-Sep-23 7:55 AM ICT,45.5
06-Sep-23 8:00 AM ICT,52.8
06-Sep-23 8:05 AM ICT,57.4
06-Sep-23 8:10 AM ICT,62.4
06-Sep-23 8:15 AM ICT,64.5
06-Sep-23 8:20 AM ICT,56.9
06-Sep-23 8:25 AM ICT,67.3
06-Sep-23 8:30 AM ICT,127.6
06-Sep-23 8:35 AM ICT,163.1
06-Sep-23 8:40 AM ICT,165.1
06-Sep-23 8:45 AM ICT,159.9
06-Sep-23 8:50 AM ICT,164.8
06-Sep-23 8:55 AM ICT,159.4
06-Sep-23 9:00 AM ICT,170.1
06-Sep-23 9:05 AM ICT,134.3
06-Sep-23 9:10 AM ICT,124.9
06-Sep-23 9:15 AM ICT,122.6
06-Sep-23 9:20 AM ICT,133.2
06-Sep-23 9:25 AM ICT,135.1
06-Sep-23 9:30 AM ICT,124.3
06-Sep-23 9:35 AM ICT,121.5
06-Sep-23 9:40 AM ICT,120.9
06-Sep-23 9:45 AM ICT,131.9
06-Sep-23 9:50 AM ICT,144.8
06-Sep-23 9:55 AM ICT,134.9
06-Sep-23 10:00 AM ICT,135.2
06-Sep-23 10:05 AM ICT,133.0
06-Sep-23 10:10 AM ICT,132.1
06-Sep-23 10:15 AM ICT,127.7
06-Sep-23 10:20 AM ICT,119.5
06-Sep-23 10:25 AM ICT,109.9
06-Sep-23 10:30 AM ICT,119.7
06-Sep-23 10:35 AM ICT,111.7
06-Sep-23 10:40 AM ICT,118.1
06-Sep-23 10:45 AM ICT,123.7
06-Sep-23 10:50 AM ICT,109.9
06-Sep-23 10:55 AM ICT,110.4
06-Sep-23 11:00 AM ICT,114.6
06-Sep-23 11:05 AM ICT,121.3
06-Sep-23 11:10 AM ICT,118.0
06-Sep-23 11:15 AM ICT,110.3
06-Sep-23 11:20 AM ICT,108.1
06-Sep-23 11:25 AM ICT,104.1
06-Sep-23 11:30 AM ICT,107.0
06-Sep-23 11:35 AM ICT,112.3
06-Sep-23 11:40 AM ICT,105.5
06-Sep-23 11:45 AM ICT,107.2
06-Sep-23 11:50 AM ICT,109.7
06-Sep-23 11:55 AM ICT,103.7
06-Sep-23 12:00 PM ICT,106.7
06-Sep-23 12:05 PM ICT,105.8
06-Sep-23 12:10 PM ICT,98.6
06-Sep-23 12:15 PM ICT,94.3
06-Sep-23 12:20 PM ICT,99.2
06-Sep-23 12:25 PM ICT,94.2
06-Sep-23 12:30 PM ICT,99.0
06-Sep-23 12:35 PM ICT,102.1
06-Sep-23 12:40 PM ICT,99.4
06-Sep-23 12:45 PM ICT,105.9
06-Sep-23 12:50 PM ICT,97.5
06-Sep-23 12:55 PM ICT,108.3
06-Sep-23 1:00 PM ICT,103.7
06-Sep-23 1:05 PM ICT,109.4
06-Sep-23 1:10 PM ICT,111.8
06-Sep-23 1:15 PM ICT,107.5
06-Sep-23 1:20 PM ICT,106.7
06-Sep-23 1:25 PM ICT,114.8
06-Sep-23 1:30 PM ICT,112.0
06-Sep-23 1:35 PM ICT,110.4
06-Sep-23 1:40 PM ICT,111.2
06-Sep-23 1:45 PM ICT,110.8
06-Sep-23 1:50 PM ICT,126.9
06-Sep-23 1:55 PM ICT,113.0
06-Sep-23 2:00 PM ICT,118.8
06-Sep-23 2:05 PM ICT,123.9
06-Sep-23 2:10 PM ICT,126.9
06-Sep-23 2:15 PM ICT,123.9
06-Sep-23 2:20 PM ICT,122.8
06-Sep-23 2:25 PM ICT,120.1
06-Sep-23 2:30 PM ICT,117.2
06-Sep-23 2:35 PM ICT,129.1
06-Sep-23 2:40 PM ICT,104.5
06-Sep-23 2:45 PM ICT,111.2
06-Sep-23 2:50 PM ICT,116.4
06-Sep-23 2:55 PM ICT,118.8
06-Sep-23 3:00 PM ICT,113.4
06-Sep-23 3:05 PM ICT,110.2
06-Sep-23 3:10 PM ICT,115.4
06-Sep-23 3:15 PM ICT,115.1
06-Sep-23 3:20 PM ICT,105.0
06-Sep-23 3:25 PM ICT,113.7
06-Sep-23 3:30 PM ICT,113.3
06-Sep-23 3:35 PM ICT,113.1
06-Sep-23 3:40 PM ICT,115.2
06-Sep-23 3:45 PM ICT,108.5
06-Sep-23 3:50 PM ICT,112.1
06-Sep-23 3:55 PM ICT,108.3
06-Sep-23 4:00 PM ICT,113.0
06-Sep-23 4:05 PM ICT,109.7
06-Sep-23 4:10 PM ICT,105.9
06-Sep-23 4:15 PM ICT,107.3
06-Sep-23 4:20 PM ICT,108.0
06-Sep-23 4:25 PM ICT,102.3
06-Sep-23 4:30 PM ICT,110.6
06-Sep-23 4:35 PM ICT,106.9
06-Sep-23 4:40 PM ICT,119.2
06-Sep-23 4:45 PM ICT,98.0
06-Sep-23 4:50 PM ICT,96.8
06-Sep-23 4:55 PM ICT,98.1
06-Sep-23 5:00 PM ICT,95.3
06-Sep-23 5:05 PM ICT,53.9
06-Sep-23 5:10 PM ICT,34.2
06-Sep-23 5:15 PM ICT,30.9
06-Sep-23 5:20 PM ICT,27.0
06-Sep-23 5:25 PM ICT,22.2
06-Sep-23 5:30 PM ICT,23.0
06-Sep-23 5:35 PM ICT,18.7
06-Sep-23 5:40 PM ICT,14.4
06-Sep-23 5:45 PM ICT,13.5
06-Sep-23 5:50 PM ICT,10.1
06-Sep-23 5:55 PM ICT,9.2
06-Sep-23 6:00 PM ICT,11.3
06-Sep-23 6:05 PM ICT,9.0
06-Sep-23 6:10 PM ICT,9.5
06-Sep-23 6:15 PM ICT,11.5
06-Sep-23 6:20 PM ICT,8.8
06-Sep-23 6:25 PM ICT,10.8
06-Sep-23 6:30 PM ICT,10.9
06-Sep-23 6:35 PM ICT,9.7
06-Sep-23 6:40 PM ICT,10.0
06-Sep-23 6:45 PM ICT,10.5
06-Sep-23 6:50 PM ICT,11.5
06-Sep-23 6:55 PM ICT,9.6
06-Sep-23 7:00 PM ICT,11.9
06-Sep-23 7:05 PM ICT,10.7
06-Sep-23 7:10 PM ICT,10.0
06-Sep-23 7:15 PM ICT,10.9
06-Sep-23 7:20 PM ICT,11.5
06-Sep-23 7:25 PM ICT,17.2
06-Sep-23 7:30 PM ICT,11.1
06-Sep-23 7:35 PM ICT,11.8
06-Sep-23 7:40 PM ICT,8.8
06-Sep-23 7:45 PM ICT,10.3
06-Sep-23 7:50 PM ICT,10.0
06-Sep-23 7:55 PM ICT,10.6
06-Sep-23 8:00 PM ICT,8.9
06-Sep-23 8:05 PM ICT,11.6
06-Sep-23 8:10 PM ICT,8.5
06-Sep-23 8:15 PM ICT,9.9
06-Sep-23 8:20 PM ICT,8.4
06-Sep-23 8:25 PM ICT,10.8
06-Sep-23 8:30 PM ICT,7.5
06-Sep-23 8:35 PM ICT,9.6
06-Sep-23 8:40 PM ICT,8.8
06-Sep-23 8:45 PM ICT,8.9
06-Sep-23 8:50 PM ICT,7.8
06-Sep-23 8:55 PM ICT,9.5
06-Sep-23 9:00 PM ICT,10.7
06-Sep-23 9:05 PM ICT,13.8
06-Sep-23 9:10 PM ICT,8.4
06-Sep-23 9:15 PM ICT,10.2
06-Sep-23 9:20 PM ICT,7.3
06-Sep-23 9:25 PM ICT,9.3
06-Sep-23 9:30 PM ICT,7.8
06-Sep-23 9:35 PM ICT,9.4
06-Sep-23 9:40 PM ICT,7.2
06-Sep-23 9:45 PM ICT,9.6
06-Sep-23 9:50 PM ICT,9.0
06-Sep-23 9:55 PM ICT,10.1
06-Sep-23 10:00 PM ICT,7.7
06-Sep-23 10:05 PM ICT,9.8
06-Sep-23 10:10 PM ICT,8.2
06-Sep-23 10:15 PM ICT,9.0
06-Sep-23 10:20 PM ICT,7.7
06-Sep-23 10:25 PM ICT,10.1
06-Sep-23 10:30 PM ICT,8.5
06-Sep-23 10:35 PM ICT,14.3
06-Sep-23 10:40 PM ICT,10.0
06-Sep-23 10:45 PM ICT,9.7
06-Sep-23 10:50 PM ICT,8.1
06-Sep-23 10:55 PM ICT,8.0
06-Sep-23 11:00 PM ICT,9.9
06-Sep-23 11:05 PM ICT,7.7
06-Sep-23 11:10 PM ICT,9.1
06-Sep-23 11:15 PM ICT,8.0
06-Sep-23 11:20 PM ICT,10.1
06-Sep-23 11:25 PM ICT,7.3
06-Sep-23 11:30 PM ICT,9.2
06-Sep-23 11:35 PM ICT,8.2
06-Sep-23 11:40 PM ICT,9.3
06-Sep-23 11:45 PM ICT,7.6
06-Sep-23 11:50 PM ICT,8.5
06-Sep-23 11:55 PM ICT,8.9
07-Sep-23 12:00 AM ICT,8.2
07-Sep-23 12:05 AM ICT,8.3
07-Sep-23 12:10 AM ICT,13.3
07-Sep-23 12:15 AM ICT,12.5
07-Sep-23 12:20 AM ICT,8.2
07-Sep-23 12:25 AM ICT,9.3
07-Sep-23 12:30 AM ICT,8.5
07-Sep-23 12:35 AM ICT,9.3
07-Sep-23 12:40 AM ICT,6.8
07-Sep-23 12:45 AM ICT,8.9
07-Sep-23 12:50 AM ICT,9.0
07-Sep-23 12:55 AM ICT,8.2
07-Sep-23 1:00 AM ICT,8.0
07-Sep-23 1:05 AM ICT,8.4
07-Sep-23 1:10 AM ICT,8.4
07-Sep-23 1:15 AM ICT,7.1
07-Sep-23 1:20 AM ICT,8.7
07-Sep-23 1:25 AM ICT,8.1
07-Sep-23 1:30 AM ICT,8.9
07-Sep-23 1:35 AM ICT,7.4
07-Sep-23 1:40 AM ICT,14.0
07-Sep-23 1:45 AM ICT,11.2
07-Sep-23 1:50 AM ICT,8.7
07-Sep-23 1:55 AM ICT,9.0
07-Sep-23 2:00 AM ICT,8.5
07-Sep-23 2:05 AM ICT,10.0
07-Sep-23 2:10 AM ICT,7.8
07-Sep-23 2:15 AM ICT,10.0
07-Sep-23 2:20 AM ICT,9.2
07-Sep-23 2:25 AM ICT,9.4
07-Sep-23 2:30 AM ICT,8.0
07-Sep-23 2:35 AM ICT,8.2
07-Sep-23 2:40 AM ICT,10.3
07-Sep-23 2:45 AM ICT,8.0
07-Sep-23 2:50 AM ICT,9.4
07-Sep-23 2:55 AM ICT,8.1
07-Sep-23 3:00 AM ICT,10.1
07-Sep-23 3:05 AM ICT,7.2
07-Sep-23 3:10 AM ICT,13.4
07-Sep-23 3:15 AM ICT,9.1
07-Sep-23 3:20 AM ICT,9.0
07-Sep-23 3:25 AM ICT,7.2
07-Sep-23 3:30 AM ICT,8.6
07-Sep-23 3:35 AM ICT,9.2
07-Sep-23 3:40 AM ICT,7.8
07-Sep-23 3:45 AM ICT,9.1
07-Sep-23 3:50 AM ICT,7.9
07-Sep-23 3:55 AM ICT,10.1
07-Sep-23 4:00 AM ICT,7.6
07-Sep-23 4:05 AM ICT,9.2
07-Sep-23 4:10 AM ICT,8.8
07-Sep-23 4:15 AM ICT,8.6
07-Sep-23 4:20 AM ICT,8.3
07-Sep-23 4:25 AM ICT,7.8
07-Sep-23 4:30 AM ICT,9.9
07-Sep-23 4:35 AM ICT,6.7
07-Sep-23 4:40 AM ICT,14.4
07-Sep-23 4:45 AM ICT,8.7
07-Sep-23 4:50 AM ICT,9.9
07-Sep-23 4:55 AM ICT,6.7
07-Sep-23 5:00 AM ICT,7.4
07-Sep-23 5:05 AM ICT,8.2
07-Sep-23 5:10 AM ICT,7.5
07-Sep-23 5:15 AM ICT,8.2
07-Sep-23 5:20 AM ICT,6.9
07-Sep-23 5:25 AM ICT,9.8
07-Sep-23 5:30 AM ICT,7.0
07-Sep-23 5:35 AM ICT,8.3
07-Sep-23 5:40 AM ICT,8.6
07-Sep-23 5:45 AM ICT,10.8
07-Sep-23 5:50 AM ICT,12.1
07-Sep-23 5:55 AM ICT,9.9
07-Sep-23 6:00 AM ICT,12.0
07-Sep-23 6:05 AM ICT,11.7
07-Sep-23 6:10 AM ICT,16.0
07-Sep-23 6:15 AM ICT,11.9
07-Sep-23 6:20 AM ICT,9.2
07-Sep-23 6:25 AM ICT,9.1
07-Sep-23 6:30 AM ICT,7.3
07-Sep-23 6:35 AM ICT,9.1
07-Sep-23 6:40 AM ICT,8.8
07-Sep-23 6:45 AM ICT,9.2
07-Sep-23 6:50 AM ICT,9.7
07-Sep-23 6:55 AM ICT,10.0
07-Sep-23 7:00 AM ICT,15.7
07-Sep-23 7:05 AM ICT,13.5
07-Sep-23 7:10 AM ICT,15.6
07-Sep-23 7:15 AM ICT,15.7
07-Sep-23 7:20 AM ICT,17.8
07-Sep-23 7:25 AM ICT,18.8
07-Sep-23 7:30 AM ICT,20.4
07-Sep-23 7:35 AM ICT,25.2
07-Sep-23 7:40 AM ICT,30.3
07-Sep-23 7:45 AM ICT,29.4
07-Sep-23 7:50 AM ICT,35.6
07-Sep-23 7:55 AM ICT,43.1
07-Sep-23 8:00 AM ICT,45.7
07-Sep-23 8:05 AM ICT,54.3
07-Sep-23 8:10 AM ICT,62.1
07-Sep-23 8:15 AM ICT,69.3
07-Sep-23 8:20 AM ICT,60.6
07-Sep-23 8:25 AM ICT,68.0
07-Sep-23 8:30 AM ICT,73.3
07-Sep-23 8:35 AM ICT,68.7
07-Sep-23 8:40 AM ICT,81.3
07-Sep-23 8:45 AM ICT,73.0
07-Sep-23 8:50 AM ICT,76.7
07-Sep-23 8:55 AM ICT,99.1
07-Sep-23 9:00 AM ICT,148.9
07-Sep-23 9:05 AM ICT,146.1
07-Sep-23 9:10 AM ICT,132.8
07-Sep-23 9:15 AM ICT,126.9
07-Sep-23 9:20 AM ICT,106.6
07-Sep-23 9:25 AM ICT,120.2
07-Sep-23 9:30 AM ICT,124.1
07-Sep-23 9:35 AM ICT,119.6
07-Sep-23 9:40 AM ICT,119.7
07-Sep-23 9:45 AM ICT,111.2
07-Sep-23 9:50 AM ICT,117.9
07-Sep-23 9:55 AM ICT,113.3
07-Sep-23 10:00 AM ICT,115.9
07-Sep-23 10:05 AM ICT,118.5
07-Sep-23 10:10 AM ICT,109.2
07-Sep-23 10:15 AM ICT,114.3
07-Sep-23 10:20 AM ICT,125.1
07-Sep-23 10:25 AM ICT,114.0
07-Sep-23 10:30 AM ICT,117.5
07-Sep-23 10:35 AM ICT,103.0
07-Sep-23 10:40 AM ICT,114.5
07-Sep-23 10:45 AM ICT,106.1
07-Sep-23 10:50 AM ICT,102.9
07-Sep-23 10:55 AM ICT,98.8
07-Sep-23 11:00 AM ICT,108.1
07-Sep-23 11:05 AM ICT,100.2
07-Sep-23 11:10 AM ICT,97.1
07-Sep-23 11:15 AM ICT,95.7
07-Sep-23 11:20 AM ICT,108.8
07-Sep-23 11:25 AM ICT,95.8
07-Sep-23 11:30 AM ICT,88.4
07-Sep-23 11:35 AM ICT,92.9
07-Sep-23 11:40 AM ICT,88.2
07-Sep-23 11:45 AM ICT,92.2
07-Sep-23 11:50 AM ICT,90.1
07-Sep-23 11:55 AM ICT,92.0
07-Sep-23 12:00 PM ICT,89.4
07-Sep-23 12:05 PM ICT,86.5
07-Sep-23 12:10 PM ICT,86.2
07-Sep-23 12:15 PM ICT,84.3
07-Sep-23 12:20 PM ICT,93.1
07-Sep-23 12:25 PM ICT,89.0
07-Sep-23 12:30 PM ICT,94.6
07-Sep-23 12:35 PM ICT,85.5
07-Sep-23 12:40 PM ICT,85.3
07-Sep-23 12:45 PM ICT,86.2
07-Sep-23 12:50 PM ICT,87.5
07-Sep-23 12:55 PM ICT,93.2
07-Sep-23 1:00 PM ICT,88.9
07-Sep-23 1:05 PM ICT,90.7
07-Sep-23 1:10 PM ICT,92.2
07-Sep-23 1:15 PM ICT,95.1
07-Sep-23 1:20 PM ICT,112.3
07-Sep-23 1:25 PM ICT,109.1
07-Sep-23 1:30 PM ICT,91.7
07-Sep-23 1:35 PM ICT,89.5
07-Sep-23 1:40 PM ICT,105.3
07-Sep-23 1:45 PM ICT,116.1
07-Sep-23 1:50 PM ICT,145.9
07-Sep-23 1:55 PM ICT,132.5
07-Sep-23 2:00 PM ICT,121.9
07-Sep-23 2:05 PM ICT,125.3
07-Sep-23 2:10 PM ICT,123.9
07-Sep-23 2:15 PM ICT,128.1
07-Sep-23 2:20 PM ICT,130.1
07-Sep-23 2:25 PM ICT,134.3
07-Sep-23 2:30 PM ICT,122.4
07-Sep-23 2:35 PM ICT,121.2
07-Sep-23 2:40 PM ICT,124.1
07-Sep-23 2:45 PM ICT,121.7
07-Sep-23 2:50 PM ICT,118.9
07-Sep-23 2:55 PM ICT,111.6
07-Sep-23 3:00 PM ICT,112.9
07-Sep-23 3:05 PM ICT,116.2
07-Sep-23 3:10 PM ICT,112.7
07-Sep-23 3:15 PM ICT,117.4
07-Sep-23 3:20 PM ICT,109.2
07-Sep-23 3:25 PM ICT,109.4
07-Sep-23 3:30 PM ICT,125.1
07-Sep-23 3:35 PM ICT,114.1
07-Sep-23 3:40 PM ICT,108.8
07-Sep-23 3:45 PM ICT,116.3
07-Sep-23 3:50 PM ICT,112.4
07-Sep-23 3:55 PM ICT,115.8
07-Sep-23 4:00 PM ICT,117.3
07-Sep-23 4:05 PM ICT,117.8
07-Sep-23 4:10 PM ICT,113.1
07-Sep-23 4:15 PM ICT,116.9
07-Sep-23 4:20 PM ICT,117.4
07-Sep-23 4:25 PM ICT,90.0
07-Sep-23 4:30 PM ICT,69.0
07-Sep-23 4:35 PM ICT,67.0
07-Sep-23 4:40 PM ICT,64.1
07-Sep-23 4:45 PM ICT,60.7
07-Sep-23 4:50 PM ICT,59.5
07-Sep-23 4:55 PM ICT,55.0
07-Sep-23 5:00 PM ICT,41.1
07-Sep-23 5:05 PM ICT,29.2
07-Sep-23 5:10 PM ICT,22.2
07-Sep-23 5:15 PM ICT,13.7
07-Sep-23 5:20 PM ICT,13.1
07-Sep-23 5:25 PM ICT,12.4
07-Sep-23 5:30 PM ICT,12.0
07-Sep-23 5:35 PM ICT,12.9
07-Sep-23 5:40 PM ICT,11.8
07-Sep-23 5:45 PM ICT,11.6
07-Sep-23 5:50 PM ICT,11.6
07-Sep-23 5:55 PM ICT,11.8
07-Sep-23 6:00 PM ICT,12.9
07-Sep-23 6:05 PM ICT,9.6
07-Sep-23 6:10 PM ICT,11.1
15-Sep-23 1:30 PM ICT,113.5
15-Sep-23 1:35 PM ICT,111.7
15-Sep-23 1:40 PM ICT,102.7
15-Sep-23 1:45 PM ICT,114.4
15-Sep-23 1:50 PM ICT,115.6
15-Sep-23 1:55 PM ICT,101.8
15-Sep-23 2:00 PM ICT,113.6
15-Sep-23 2:05 PM ICT,110.3
15-Sep-23 2:10 PM ICT,105.2
15-Sep-23 2:15 PM ICT,103.2
15-Sep-23 2:20 PM ICT,106.1
15-Sep-23 2:25 PM ICT,101.7
15-Sep-23 2:30 PM ICT,104.8
15-Sep-23 2:35 PM ICT,106.7
15-Sep-23 2:40 PM ICT,99.2
15-Sep-23 2:45 PM ICT,100.2
15-Sep-23 2:50 PM ICT,99.4
15-Sep-23 2:55 PM ICT,115.4
15-Sep-23 3:00 PM ICT,105.1
15-Sep-23 3:05 PM ICT,109.4
15-Sep-23 3:10 PM ICT,101.9
15-Sep-23 3:15 PM ICT,105.9
15-Sep-23 3:20 PM ICT,99.5
15-Sep-23 3:25 PM ICT,98.1
15-Sep-23 3:30 PM ICT,97.9
15-Sep-23 3:35 PM ICT,103.5
15-Sep-23 3:40 PM ICT,94.5
15-Sep-23 3:45 PM ICT,98.6
15-Sep-23 3:50 PM ICT,97.0
15-Sep-23 3:55 PM ICT,107.2
15-Sep-23 4:00 PM ICT,102.0
15-Sep-23 4:05 PM ICT,98.2
15-Sep-23 4:10 PM ICT,90.2
15-Sep-23 4:15 PM ICT,94.0
15-Sep-23 4:20 PM ICT,98.2
15-Sep-23 4:25 PM ICT,93.9
15-Sep-23 4:30 PM ICT,96.5
15-Sep-23 4:35 PM ICT,88.8
15-Sep-23 4:40 PM ICT,93.1
15-Sep-23 4:45 PM ICT,84.0
15-Sep-23 4:50 PM ICT,88.3
15-Sep-23 4:55 PM ICT,85.0
15-Sep-23 5:00 PM ICT,80.4
15-Sep-23 5:05 PM ICT,59.1
15-Sep-23 5:10 PM ICT,30.7
15-Sep-23 5:15 PM ICT,26.0
15-Sep-23 5:20 PM ICT,18.5
15-Sep-23 5:25 PM ICT,14.0
15-Sep-23 5:30 PM ICT,9.8
15-Sep-23 5:35 PM ICT,9.4
15-Sep-23 5:40 PM ICT,8.4
15-Sep-23 5:45 PM ICT,9.4
15-Sep-23 5:50 PM ICT,8.9
15-Sep-23 5:55 PM ICT,9.8
15-Sep-23 6:00 PM ICT,9.8
15-Sep-23 6:05 PM ICT,13.9
15-Sep-23 6:10 PM ICT,17.4
15-Sep-23 6:15 PM ICT,16.5
15-Sep-23 6:20 PM ICT,18.2
15-Sep-23 6:25 PM ICT,17.4
15-Sep-23 6:30 PM ICT,12.7
15-Sep-23 6:35 PM ICT,10.1
15-Sep-23 6:40 PM ICT,18.3
15-Sep-23 6:45 PM ICT,11.1
15-Sep-23 6:50 PM ICT,11.5
15-Sep-23 6:55 PM ICT,9.8
15-Sep-23 7:00 PM ICT,11.9
15-Sep-23 7:05 PM ICT,9.6
15-Sep-23 7:10 PM ICT,11.2
15-Sep-23 7:15 PM ICT,10.3
15-Sep-23 7:20 PM ICT,11.3
15-Sep-23 7:25 PM ICT,9.7
15-Sep-23 7:30 PM ICT,11.1
15-Sep-23 7:35 PM ICT,9.7
15-Sep-23 7:40 PM ICT,10.5
15-Sep-23 7:45 PM ICT,10.1
15-Sep-23 7:50 PM ICT,10.7
15-Sep-23 7:55 PM ICT,10.5
15-Sep-23 8:00 PM ICT,10.3
15-Sep-23 8:05 PM ICT,11.0
15-Sep-23 8:10 PM ICT,13.9
15-Sep-23 8:15 PM ICT,12.0
15-Sep-23 8:20 PM ICT,10.3
15-Sep-23 8:25 PM ICT,10.1
15-Sep-23 8:30 PM ICT,9.3
15-Sep-23 8:35 PM ICT,10.4
15-Sep-23 8:40 PM ICT,8.8
15-Sep-23 8:45 PM ICT,10.1
15-Sep-23 8:50 PM ICT,8.6
15-Sep-23 8:55 PM ICT,10.7
15-Sep-23 9:00 PM ICT,8.4
15-Sep-23 9:05 PM ICT,10.2
15-Sep-23 9:10 PM ICT,9.0
15-Sep-23 9:15 PM ICT,9.8
15-Sep-23 9:20 PM ICT,9.3
15-Sep-23 9:25 PM ICT,9.5
15-Sep-23 9:30 PM ICT,9.7
15-Sep-23 9:35 PM ICT,9.1
15-Sep-23 9:40 PM ICT,9.9
15-Sep-23 9:45 PM ICT,12.0
15-Sep-23 9:50 PM ICT,15.1
15-Sep-23 9:55 PM ICT,10.2
15-Sep-23 10:00 PM ICT,8.8
15-Sep-23 10:05 PM ICT,8.8
15-Sep-23 10:10 PM ICT,9.5
15-Sep-23 10:15 PM ICT,8.5
15-Sep-23 10:20 PM ICT,9.7
15-Sep-23 10:25 PM ICT,8.9
15-Sep-23 10:30 PM ICT,10.1
15-Sep-23 10:35 PM ICT,8.5
15-Sep-23 10:40 PM ICT,10.6
15-Sep-23 10:45 PM ICT,8.3
15-Sep-23 10:50 PM ICT,9.6
15-Sep-23 10:55 PM ICT,8.6
15-Sep-23 11:00 PM ICT,9.0
15-Sep-23 11:05 PM ICT,9.1
15-Sep-23 11:10 PM ICT,15.6
15-Sep-23 11:15 PM ICT,10.6
15-Sep-23 11:20 PM ICT,10.5
15-Sep-23 11:25 PM ICT,8.4
15-Sep-23 11:30 PM ICT,8.6
15-Sep-23 11:35 PM ICT,8.9
15-Sep-23 11:40 PM ICT,8.2
15-Sep-23 11:45 PM ICT,9.3
15-Sep-23 11:50 PM ICT,7.6
15-Sep-23 11:55 PM ICT,9.6
16-Sep-23 12:00 AM ICT,7.5
16-Sep-23 12:05 AM ICT,9.4
16-Sep-23 12:10 AM ICT,8.6
16-Sep-23 12:15 AM ICT,8.6
16-Sep-23 12:20 AM ICT,9.3
16-Sep-23 12:25 AM ICT,9.0
16-Sep-23 12:30 AM ICT,10.2
16-Sep-23 12:35 AM ICT,9.0
16-Sep-23 12:40 AM ICT,17.9
16-Sep-23 12:45 AM ICT,9.8
16-Sep-23 12:50 AM ICT,9.1
16-Sep-23 12:55 AM ICT,8.4
16-Sep-23 1:00 AM ICT,10.2